Voll,Demand_Segment,Cost_of_demand_curtailment_perMW,Max_demand_curtailment,$/MWh,Rep_Periods,Timesteps_per_Rep_Period,Sub_Weights,Time_Index,Demand_MW_z1,Demand_MW_z2,Demand_MW_z3,Demand_MW_z4,Demand_MW_z5,Demand_MW_z6,Demand_MW_z7,Demand_MW_z8,Demand_MW_z9,Demand_MW_z10,Demand_MW_z11
9000.0,1.0,1.0,1.0,9000.0,1.0,8760.0,8760.0,1,11746,1017,770,1525,174,943,1678,6417,1992,14344,55119
,2.0,0.067,0.075,603.0,,,,2,11060,967,732,1450,165,896,1595,6099,1894,13678,53502
,,,,,,,,3,10493,923,699,1385,158,856,1524,5826,1810,13213,52353
,,,,,,,,4,10048,880,666,1320,151,816,1453,5551,1727,12996,51814
,,,,,,,,5,9824,850,644,1276,146,788,1404,5362,1669,12994,51840
,,,,,,,,6,9790,839,635,1259,144,778,1386,5292,1648,13205,52642
,,,,,,,,7,9973,845,640,1268,145,783,1397,5324,1662,13671,54122
,,,,,,,,8,10275,866,655,1299,148,802,1431,5451,1702,13914,55593
,,,,,,,,9,10582,883,668,1324,151,818,1460,5555,1738,14247,56796
,,,,,,,,10,11177,908,687,1362,156,841,1501,5718,1786,14462,57196
,,,,,,,,11,11780,945,716,1418,162,876,1562,5955,1858,14604,57356
,,,,,,,,12,12129,982,744,1474,168,910,1621,6194,1927,14729,57551
,,,,,,,,13,12298,1009,764,1513,173,935,1665,6364,1978,14845,58031
,,,,,,,,14,12361,1026,777,1539,176,951,1693,6471,2012,14844,58148
,,,,,,,,15,12266,1036,784,1554,177,961,1709,6542,2029,14821,58095
,,,,,,,,16,12169,1038,786,1557,178,962,1712,6555,2032,15071,58400
,,,,,,,,17,12248,1045,791,1567,179,968,1723,6596,2045,16165,60510
,,,,,,,,18,13408,1095,829,1643,188,1015,1807,6913,2145,17655,64545
,,,,,,,,19,14561,1193,903,1789,204,1106,1967,7531,2335,17807,66560
,,,,,,,,20,14463,1199,908,1799,205,1112,1977,7570,2348,17562,66234
,,,,,,,,21,13989,1176,891,1765,201,1091,1940,7429,2303,17241,65474
,,,,,,,,22,13457,1151,871,1726,197,1067,1898,7266,2253,16601,63697
,,,,,,,,23,12717,1111,841,1667,190,1030,1833,7014,2176,15754,61253
,,,,,,,,24,11782,1055,799,1582,181,978,1740,6657,2067,14682,58376
,,,,,,,,25,10725,981,743,1472,168,910,1619,6192,1923,13725,55769
,,,,,,,,26,9906,917,694,1375,157,850,1513,5782,1797,13237,54333
,,,,,,,,27,9420,873,661,1310,149,809,1441,5509,1712,13001,53861
,,,,,,,,28,9187,848,642,1272,145,786,1400,5349,1664,13094,54272
,,,,,,,,29,9134,837,633,1255,143,775,1381,5274,1642,13453,55659
,,,,,,,,30,9338,843,638,1265,144,781,1393,5314,1656,14175,58248
,,,,,,,,31,9859,871,659,1306,149,807,1440,5482,1713,15188,61768
,,,,,,,,32,10599,926,701,1389,159,857,1531,5826,1823,15857,64642
,,,,,,,,33,11223,976,739,1464,167,904,1613,6146,1919,16360,66424
,,,,,,,,34,12007,1018,771,1527,174,943,1680,6418,1997,16886,68311
,,,,,,,,35,12828,1074,813,1612,184,996,1774,6773,2109,17333,70160
,,,,,,,,36,13398,1122,850,1684,192,1040,1853,7076,2202,17510,71008
,,,,,,,,37,13658,1147,868,1721,197,1063,1894,7234,2250,17585,71185
,,,,,,,,38,13638,1157,876,1735,198,1072,1909,7297,2269,17624,70928
,,,,,,,,39,13556,1158,876,1736,198,1073,1910,7301,2270,17730,70745
,,,,,,,,40,13597,1160,879,1741,199,1075,1916,7317,2277,18038,71380
,,,,,,,,41,13879,1175,890,1763,201,1089,1941,7407,2307,19208,74099
,,,,,,,,42,15247,1237,937,1856,212,1146,2044,7794,2430,21173,79732
,,,,,,,,43,16405,1349,1021,2023,231,1250,2228,8497,2649,21192,81373
,,,,,,,,44,16128,1351,1023,2027,232,1252,2231,8515,2652,20779,80551
,,,,,,,,45,15693,1330,1007,1995,228,1232,2196,8380,2610,20278,79183
,,,,,,,,46,15065,1291,977,1936,221,1196,2132,8132,2535,19384,76945
,,,,,,,,47,14065,1232,933,1848,211,1142,2036,7760,2421,18007,73409
,,,,,,,,48,12858,1145,867,1718,196,1061,1892,7208,2252,16677,69786
,,,,,,,,49,11761,1052,796,1578,180,974,1739,6618,2070,15811,67257
,,,,,,,,50,11016,990,750,1485,170,917,1637,6228,1950,15361,66002
,,,,,,,,51,10650,953,721,1429,163,882,1575,5992,1876,15208,65781
,,,,,,,,52,10485,932,705,1398,160,863,1541,5860,1836,15330,66292
,,,,,,,,53,10520,923,699,1385,158,855,1527,5802,1819,15769,68111
,,,,,,,,54,10881,941,712,1411,161,871,1557,5909,1856,17018,72452
,,,,,,,,55,11931,998,755,1497,171,923,1655,6250,1977,19181,79687
,,,,,,,,56,13906,1125,852,1687,193,1040,1866,7045,2228,20438,83768
,,,,,,,,57,15037,1240,939,1860,213,1147,2055,7776,2452,20464,83708
,,,,,,,,58,15248,1277,967,1916,219,1182,2114,8023,2519,20448,82898
,,,,,,,,59,15400,1305,988,1957,224,1208,2160,8199,2574,20592,82718
,,,,,,,,60,15546,1325,1003,1987,227,1227,2192,8327,2611,20637,82425
,,,,,,,,61,15589,1335,1011,2003,229,1236,2209,8393,2631,20645,82012
,,,,,,,,62,15535,1335,1011,2003,229,1236,2208,8395,2630,20736,81627
,,,,,,,,63,15522,1339,1014,2009,230,1240,2215,8421,2638,20784,81163
,,,,,,,,64,15547,1345,1018,2017,231,1245,2224,8456,2649,21059,81470
,,,,,,,,65,15828,1363,1032,2044,234,1262,2255,8566,2686,22214,83808
,,,,,,,,66,17124,1416,1072,2124,243,1311,2344,8897,2793,24264,89466
,,,,,,,,67,18309,1520,1151,2280,261,1407,2516,9551,2998,24299,91435
,,,,,,,,68,18174,1508,1142,2262,259,1396,2495,9475,2973,23882,90432
,,,,,,,,69,17827,1487,1126,2231,255,1377,2462,9342,2934,23451,89138
,,,,,,,,70,17300,1451,1099,2177,249,1344,2400,9128,2858,22454,86229
,,,,,,,,71,16291,1385,1048,2077,237,1282,2290,8710,2727,20996,82129
,,,,,,,,72,14936,1296,981,1944,222,1200,2144,8149,2554,19587,77951
,,,,,,,,73,13730,1197,906,1795,205,1108,1980,7519,2360,18666,75131
,,,,,,,,74,12976,1123,850,1685,193,1040,1859,7056,2216,18274,73561
,,,,,,,,75,12581,1084,821,1627,186,1004,1795,6813,2139,18158,73182
,,,,,,,,76,12388,1061,803,1591,182,982,1756,6662,2093,18216,73535
,,,,,,,,77,12404,1047,793,1571,180,969,1734,6578,2067,18643,75015
,,,,,,,,78,12710,1057,800,1586,181,978,1751,6633,2089,19814,79047
,,,,,,,,79,13626,1107,838,1661,190,1023,1839,6922,2199,21893,85687
,,,,,,,,80,15584,1236,936,1854,212,1142,2053,7728,2455,22983,89163
,,,,,,,,81,16658,1341,1015,2012,230,1240,2225,8398,2658,22822,88064
,,,,,,,,82,16749,1360,1030,2040,233,1259,2252,8535,2686,22612,86002
,,,,,,,,83,16755,1384,1048,2076,237,1281,2292,8692,2732,22333,84466
,,,,,,,,84,16744,1399,1059,2099,240,1295,2315,8792,2758,22011,82469
,,,,,,,,85,16617,1394,1056,2091,239,1291,2307,8764,2748,21730,80677
,,,,,,,,86,16392,1381,1046,2072,237,1279,2285,8687,2721,21517,79152
,,,,,,,,87,16278,1378,1043,2067,236,1276,2279,8668,2713,21389,77840
,,,,,,,,88,16247,1374,1040,2061,236,1272,2272,8643,2706,21821,77741
,,,,,,,,89,16484,1383,1047,2075,237,1281,2288,8697,2725,22833,79712
,,,,,,,,90,17698,1444,1093,2165,248,1336,2389,9070,2847,24445,84764
,,,,,,,,91,18451,1519,1150,2278,260,1406,2513,9542,2994,24294,86082
,,,,,,,,92,18147,1508,1142,2262,259,1396,2495,9478,2972,23625,84550
,,,,,,,,93,17683,1472,1115,2209,253,1363,2437,9251,2904,22973,82907
,,,,,,,,94,17063,1428,1081,2142,245,1323,2361,8984,2811,21807,79712
,,,,,,,,95,15976,1355,1026,2032,232,1255,2240,8524,2666,20076,74716
,,,,,,,,96,14545,1253,949,1880,215,1161,2073,7883,2468,18517,70143
,,,,,,,,97,13190,1142,865,1713,196,1057,1889,7180,2250,17392,66672
,,,,,,,,98,12332,1061,803,1591,182,982,1755,6668,2091,16798,65061
,,,,,,,,99,11892,1015,768,1522,174,939,1679,6379,2000,16545,64109
,,,,,,,,100,11671,989,748,1483,169,915,1636,6214,1949,16483,64097
,,,,,,,,101,11614,975,738,1463,167,903,1614,6129,1923,16777,65493
,,,,,,,,102,11887,985,745,1477,169,911,1630,6184,1944,17840,69409
,,,,,,,,103,12765,1034,783,1551,177,956,1715,6475,2049,19844,76360
,,,,,,,,104,14614,1152,872,1728,198,1065,1911,7217,2282,21136,80372
,,,,,,,,105,15723,1265,958,1897,217,1171,2095,7937,2499,21145,79588
,,,,,,,,106,15876,1301,985,1952,223,1205,2152,8185,2563,20979,77514
,,,,,,,,107,15992,1316,996,1973,226,1218,2176,8275,2590,20760,75611
,,,,,,,,108,15921,1321,1000,1981,226,1223,2183,8316,2597,20298,73952
,,,,,,,,109,15705,1317,997,1975,226,1220,2175,8294,2587,19930,72456
,,,,,,,,110,15507,1307,989,1960,224,1211,2158,8233,2566,19803,71120
,,,,,,,,111,15441,1305,988,1958,224,1209,2155,8226,2562,19638,70000
,,,,,,,,112,15395,1303,986,1954,223,1207,2151,8211,2557,19747,69573
,,,,,,,,113,15564,1310,992,1965,224,1214,2163,8253,2572,20690,71300
,,,,,,,,114,16631,1359,1029,2038,233,1259,2245,8556,2671,22468,76584
,,,,,,,,115,17540,1448,1096,2172,248,1341,2391,9119,2844,22401,79137
,,,,,,,,116,17305,1432,1084,2148,245,1327,2365,9019,2813,21995,78473
,,,,,,,,117,16861,1400,1060,2099,240,1297,2312,8813,2751,21534,77192
,,,,,,,,118,16281,1356,1027,2034,232,1257,2239,8550,2661,20542,74475
,,,,,,,,119,15247,1286,974,1929,220,1192,2123,8108,2524,19126,70539
,,,,,,,,120,13865,1196,905,1794,205,1108,1975,7537,2348,17642,66150
,,,,,,,,121,12680,1096,830,1645,188,1016,1811,6908,2153,16634,62953
,,,,,,,,122,11889,1021,773,1531,175,946,1686,6430,2006,16096,61391
,,,,,,,,123,11489,975,738,1463,167,903,1611,6143,1916,15790,60588
,,,,,,,,124,11277,951,720,1426,163,881,1571,5987,1869,15788,60526
,,,,,,,,125,11205,938,710,1407,161,869,1550,5906,1845,16078,61917
,,,,,,,,126,11453,947,717,1420,162,877,1566,5956,1864,17147,65537
,,,,,,,,127,12350,997,755,1496,171,923,1652,6258,1971,19165,71848
,,,,,,,,128,14122,1116,845,1674,191,1033,1848,7009,2204,20209,75687
,,,,,,,,129,15207,1214,919,1822,208,1125,2008,7638,2391,20047,74724
,,,,,,,,130,15352,1236,936,1854,212,1146,2041,7794,2426,19576,72587
,,,,,,,,131,15395,1247,944,1871,214,1156,2059,7864,2448,19235,70783
,,,,,,,,132,15320,1254,949,1881,215,1162,2069,7912,2458,18833,69048
,,,,,,,,133,15105,1251,947,1876,214,1160,2063,7896,2450,18384,67434
,,,,,,,,134,14851,1239,938,1859,212,1149,2044,7825,2426,18134,66165
,,,,,,,,135,14725,1230,931,1844,211,1140,2027,7765,2406,17937,64920
,,,,,,,,136,14596,1224,926,1836,210,1134,2018,7727,2395,17952,64199
,,,,,,,,137,14743,1229,931,1844,211,1140,2028,7761,2408,18550,64882
,,,,,,,,138,15671,1271,962,1906,218,1178,2097,8018,2490,20170,69117
,,,,,,,,139,16336,1345,1018,2017,230,1247,2219,8487,2635,20076,70762
,,,,,,,,140,15895,1329,1006,1993,228,1232,2192,8387,2603,19456,69385
,,,,,,,,141,15399,1292,978,1937,221,1197,2131,8151,2530,18977,68060
,,,,,,,,142,14813,1246,944,1870,213,1156,2055,7872,2438,18222,66066
,,,,,,,,143,14009,1192,903,1789,204,1106,1966,7531,2334,17109,63102
,,,,,,,,144,12952,1124,851,1686,192,1042,1853,7095,2200,15915,59600
,,,,,,,,145,11899,1041,788,1561,178,964,1717,6563,2041,15004,56777
,,,,,,,,146,11040,968,732,1451,166,897,1597,6102,1898,14334,54760
,,,,,,,,147,10594,920,697,1380,158,853,1519,5802,1805,14064,53638
,,,,,,,,148,10346,891,675,1337,153,826,1471,5617,1749,13992,53349
,,,,,,,,149,10243,874,662,1311,150,810,1443,5509,1716,14096,53786
,,,,,,,,150,10321,873,661,1309,149,809,1442,5498,1715,14535,55450
,,,,,,,,151,10701,892,675,1338,153,826,1475,5613,1756,15306,58074
,,,,,,,,152,11343,929,703,1393,159,860,1535,5844,1828,15958,60932
,,,,,,,,153,12060,971,735,1457,166,899,1606,6111,1912,16488,62741
,,,,,,,,154,12864,1023,775,1535,175,948,1691,6442,2012,16685,63495
,,,,,,,,155,13391,1073,812,1610,184,994,1773,6759,2108,16613,63370
,,,,,,,,156,13533,1104,836,1656,189,1023,1822,6961,2166,16404,62650
,,,,,,,,157,13460,1114,843,1671,191,1032,1838,7023,2184,16095,61521
,,,,,,,,158,13207,1106,837,1659,189,1025,1825,6972,2169,15780,60223
,,,,,,,,159,12950,1094,829,1642,187,1014,1806,6906,2145,15602,59127
,,,,,,,,160,12772,1085,822,1628,186,1006,1790,6848,2126,15621,58587
,,,,,,,,161,12910,1087,823,1630,186,1007,1793,6857,2130,16242,59483
,,,,,,,,162,13814,1119,847,1679,192,1037,1847,7060,2195,17781,63758
,,,,,,,,163,14807,1219,923,1828,209,1130,2011,7692,2388,18077,66474
,,,,,,,,164,14632,1230,931,1846,211,1140,2030,7760,2412,17768,65956
,,,,,,,,165,14124,1204,912,1806,206,1116,1987,7596,2361,17352,65096
,,,,,,,,166,13650,1171,887,1757,201,1085,1933,7386,2297,16807,63323
,,,,,,,,167,13005,1129,855,1693,193,1046,1863,7121,2213,15973,61006
,,,,,,,,168,12157,1071,811,1607,183,993,1768,6756,2101,15007,58040
,,,,,,,,169,11253,1005,761,1508,172,931,1660,6337,1973,14130,55377
,,,,,,,,170,10483,944,714,1416,162,874,1558,5947,1853,13574,53931
,,,,,,,,171,10062,900,682,1351,154,834,1487,5674,1769,13323,53292
,,,,,,,,172,9809,872,660,1309,149,808,1442,5495,1715,13272,53240
,,,,,,,,173,9734,858,649,1287,147,795,1417,5401,1686,13358,53770
,,,,,,,,174,9804,854,647,1282,146,791,1412,5380,1680,13696,55223
,,,,,,,,175,10091,868,657,1302,149,804,1435,5462,1709,14293,57432
,,,,,,,,176,10581,898,680,1348,154,832,1486,5650,1769,14813,60048
,,,,,,,,177,11144,934,707,1401,160,864,1545,5869,1841,15424,62157
,,,,,,,,178,11997,981,743,1472,168,909,1623,6171,1933,15896,62967
,,,,,,,,179,12686,1038,786,1557,178,961,1716,6528,2043,16038,62497
,,,,,,,,180,13114,1076,815,1615,184,997,1779,6779,2116,16040,61656
,,,,,,,,181,13388,1094,828,1641,187,1013,1808,6889,2151,16162,61233
,,,,,,,,182,13441,1103,835,1655,189,1022,1824,6948,2170,16151,60600
,,,,,,,,183,13382,1110,841,1666,190,1029,1834,6996,2181,16146,59869
,,,,,,,,184,13350,1112,842,1668,190,1030,1836,7006,2183,16315,60110
,,,,,,,,185,13541,1118,846,1676,191,1035,1846,7042,2195,17183,62289
,,,,,,,,186,14655,1162,880,1743,199,1077,1920,7320,2283,18915,67487
,,,,,,,,187,15894,1275,966,1913,219,1182,2106,8039,2504,19385,70609
,,,,,,,,188,15870,1293,979,1940,222,1198,2135,8149,2539,19215,70546
,,,,,,,,189,15431,1273,964,1910,218,1180,2103,8026,2500,19016,70049
,,,,,,,,190,14896,1241,940,1862,213,1150,2050,7821,2438,18304,68060
,,,,,,,,191,13990,1191,901,1786,204,1103,1967,7500,2340,17206,64748
,,,,,,,,192,12819,1111,841,1667,190,1029,1836,6995,2185,16100,61386
,,,,,,,,193,11740,1033,782,1549,177,957,1706,6504,2029,15275,58812
,,,,,,,,194,11093,973,736,1459,167,901,1608,6125,1913,14951,57658
,,,,,,,,195,10786,938,710,1407,161,869,1550,5905,1844,14840,57331
,,,,,,,,196,10688,918,695,1377,157,850,1518,5779,1806,14910,57659
,,,,,,,,197,10722,914,692,1371,157,846,1511,5750,1798,15345,59588
,,,,,,,,198,11090,925,700,1387,158,856,1530,5814,1822,16606,64003
,,,,,,,,199,12128,982,744,1474,168,909,1628,6164,1942,18737,71476
,,,,,,,,200,14099,1109,840,1664,190,1026,1837,6959,2192,19995,76066
,,,,,,,,201,15270,1221,924,1831,209,1130,2020,7670,2407,20019,76151
,,,,,,,,202,15419,1251,947,1877,214,1159,2067,7878,2460,19918,75203
,,,,,,,,203,15473,1268,960,1903,217,1175,2096,7985,2494,19721,74720
,,,,,,,,204,15461,1277,967,1916,219,1183,2110,8047,2509,19393,74079
,,,,,,,,205,15338,1272,963,1909,218,1179,2101,8017,2498,19087,73265
,,,,,,,,206,15082,1259,953,1888,216,1166,2078,7933,2471,18869,72521
,,,,,,,,207,14933,1251,947,1876,214,1159,2065,7884,2455,18735,71931
,,,,,,,,208,14812,1242,940,1863,213,1151,2051,7827,2438,18998,72121
,,,,,,,,209,14936,1249,946,1874,214,1158,2064,7872,2454,19977,73735
,,,,,,,,210,16012,1304,987,1955,223,1208,2154,8209,2562,21750,77926
,,,,,,,,211,17198,1396,1057,2094,239,1293,2306,8794,2742,21645,79553
,,,,,,,,212,16988,1392,1054,2088,239,1289,2299,8767,2734,21155,78336
,,,,,,,,213,16497,1356,1027,2034,232,1256,2240,8541,2665,20582,76685
,,,,,,,,214,15871,1312,993,1968,225,1216,2165,8271,2573,19486,73627
,,,,,,,,215,14775,1240,939,1861,213,1149,2048,7820,2433,18000,69281
,,,,,,,,216,13415,1147,868,1721,197,1063,1894,7229,2252,16590,64927
,,,,,,,,217,12210,1049,794,1574,180,972,1734,6611,2062,15583,61818
,,,,,,,,218,11399,978,741,1468,168,906,1617,6160,1923,15089,60358
,,,,,,,,219,11016,939,711,1409,161,870,1552,5913,1846,14920,59579
,,,,,,,,220,10802,918,695,1377,157,850,1517,5778,1805,14970,59891
,,,,,,,,221,10776,907,687,1361,155,840,1500,5711,1785,15406,61485
,,,,,,,,222,11068,921,698,1382,158,853,1524,5795,1815,16614,65838
,,,,,,,,223,12038,978,740,1467,168,905,1619,6138,1931,18796,73071
,,,,,,,,224,13942,1104,836,1655,189,1021,1827,6930,2179,19923,77535
,,,,,,,,225,14981,1210,916,1815,207,1120,2001,7608,2383,19806,76842
,,,,,,,,226,15071,1243,941,1865,213,1152,2053,7836,2441,19421,74705
,,,,,,,,227,15180,1261,955,1892,216,1169,2083,7947,2477,19047,72773
,,,,,,,,228,15191,1262,955,1893,216,1170,2083,7958,2476,18711,70975
,,,,,,,,229,15052,1262,956,1894,216,1170,2083,7962,2475,18420,69295
,,,,,,,,230,14811,1252,948,1879,215,1161,2066,7901,2454,18300,68161
,,,,,,,,231,14696,1250,946,1874,214,1158,2061,7885,2448,18245,66942
,,,,,,,,232,14650,1250,946,1875,214,1159,2063,7888,2450,18478,66622
,,,,,,,,233,14812,1267,959,1900,217,1174,2091,7990,2484,19327,68060
,,,,,,,,234,15864,1314,995,1971,225,1218,2170,8283,2579,20955,73053
,,,,,,,,235,16793,1387,1050,2081,238,1286,2290,8746,2722,20988,75824
,,,,,,,,236,16525,1373,1040,2060,235,1273,2267,8658,2695,20567,75298
,,,,,,,,237,16076,1338,1013,2007,229,1240,2209,8431,2626,20072,74333
,,,,,,,,238,15489,1294,980,1941,222,1199,2135,8164,2536,19207,72108
,,,,,,,,239,14472,1227,929,1841,210,1138,2026,7743,2406,17826,68075
,,,,,,,,240,13155,1137,861,1706,195,1054,1877,7170,2230,16579,64177
,,,,,,,,241,12015,1043,789,1564,179,966,1722,6570,2048,15732,61454
,,,,,,,,242,11261,970,734,1455,166,898,1602,6108,1906,15372,60178
,,,,,,,,243,10898,933,706,1399,160,864,1541,5876,1833,15258,59603
,,,,,,,,244,10743,914,692,1371,156,846,1510,5753,1797,15369,59917
,,,,,,,,245,10770,906,686,1360,155,840,1498,5706,1783,15821,61467
,,,,,,,,246,11101,920,697,1380,158,852,1522,5788,1812,17048,65487
,,,,,,,,247,12158,977,740,1465,167,904,1618,6134,1929,19231,72377
,,,,,,,,248,14083,1109,839,1663,190,1026,1835,6962,2188,20312,76547
,,,,,,,,249,15120,1214,919,1821,208,1124,2007,7634,2390,20021,75874
,,,,,,,,250,15138,1241,940,1862,213,1150,2049,7823,2436,19580,74651
,,,,,,,,251,15084,1252,948,1878,215,1160,2068,7892,2458,19189,73951
,,,,,,,,252,15026,1253,949,1879,215,1161,2068,7902,2457,18827,73284
,,,,,,,,253,14914,1245,943,1868,213,1154,2054,7856,2440,18593,72482
,,,,,,,,254,14694,1231,932,1847,211,1141,2031,7771,2412,18604,71923
,,,,,,,,255,14614,1226,928,1839,210,1137,2022,7738,2401,18628,71401
,,,,,,,,256,14565,1229,931,1844,211,1140,2028,7758,2408,18830,71686
,,,,,,,,257,14741,1239,938,1859,212,1149,2045,7818,2429,19832,73313
,,,,,,,,258,15772,1287,974,1930,220,1193,2124,8115,2524,21273,76561
,,,,,,,,259,16786,1369,1037,2054,235,1269,2260,8636,2685,21080,77143
,,,,,,,,260,16553,1362,1031,2043,233,1262,2248,8589,2671,20443,75527
,,,,,,,,261,16111,1330,1007,1995,228,1233,2196,8387,2609,19882,73708
,,,,,,,,262,15531,1288,975,1933,221,1194,2125,8132,2524,18852,70450
,,,,,,,,263,14456,1220,924,1830,209,1131,2013,7699,2390,17383,65882
,,,,,,,,264,13097,1126,853,1690,193,1044,1859,7107,2208,15991,61369
,,,,,,,,265,11918,1033,782,1549,177,957,1705,6512,2026,14994,58001
,,,,,,,,266,11137,965,731,1448,165,894,1594,6084,1895,14418,55940
,,,,,,,,267,10709,928,702,1392,159,860,1532,5847,1821,14072,54992
,,,,,,,,268,10504,904,685,1357,155,838,1494,5698,1776,13992,54891
,,,,,,,,269,10477,895,678,1343,153,829,1479,5638,1759,14215,56217
,,,,,,,,270,10764,906,686,1360,155,840,1498,5706,1783,15237,60134
,,,,,,,,271,11715,958,725,1437,164,887,1586,6019,1890,17197,67110
,,,,,,,,272,13501,1078,816,1617,185,998,1784,6774,2126,18553,71624
,,,,,,,,273,14785,1191,901,1786,204,1103,1968,7492,2343,18646,71800
,,,,,,,,274,15147,1241,940,1862,213,1150,2049,7828,2435,18656,71103
,,,,,,,,275,15425,1265,958,1898,217,1173,2089,7977,2482,18763,71318
,,,,,,,,276,15625,1278,968,1917,219,1185,2109,8063,2505,18766,71170
,,,,,,,,277,15707,1286,974,1930,220,1192,2122,8118,2520,18687,70832
,,,,,,,,278,15646,1284,972,1925,220,1190,2117,8102,2514,18519,70400
,,,,,,,,279,15583,1283,971,1924,220,1189,2116,8097,2512,18368,70028
,,,,,,,,280,15461,1281,970,1922,219,1188,2113,8086,2510,18526,70284
,,,,,,,,281,15508,1288,976,1933,221,1194,2126,8130,2525,19215,71857
,,,,,,,,282,16305,1330,1007,1995,228,1233,2195,8387,2608,20451,76052
,,,,,,,,283,16974,1388,1050,2081,238,1286,2290,8751,2721,20354,77867
,,,,,,,,284,16634,1367,1035,2051,234,1267,2256,8623,2681,19815,76957
,,,,,,,,285,16108,1329,1006,1994,228,1232,2194,8382,2607,19264,75871
,,,,,,,,286,15449,1285,973,1928,220,1191,2120,8112,2517,18238,73549
,,,,,,,,287,14363,1216,920,1824,208,1127,2006,7674,2382,16817,69962
,,,,,,,,288,13013,1126,852,1689,193,1044,1858,7105,2206,15520,66076
,,,,,,,,289,11809,1028,778,1542,176,953,1697,6487,2015,14573,63436
,,,,,,,,290,10995,956,724,1435,164,886,1579,6033,1876,14079,62140
,,,,,,,,291,10581,915,693,1373,157,848,1510,5772,1795,13872,61870
,,,,,,,,292,10394,893,676,1339,153,827,1474,5628,1752,13881,62532
,,,,,,,,293,10364,882,667,1323,151,817,1456,5557,1731,14240,64465
,,,,,,,,294,10614,890,674,1335,152,825,1471,5607,1750,15390,68978
,,,,,,,,295,11551,945,715,1418,162,875,1564,5941,1863,17515,76101
,,,,,,,,296,13329,1068,809,1603,183,989,1768,6717,2106,18985,81326
,,,,,,,,297,14518,1183,895,1774,203,1095,1955,7443,2327,19235,81982
,,,,,,,,298,14771,1222,925,1833,209,1132,2017,7703,2397,19510,82064
,,,,,,,,299,14877,1254,949,1881,215,1162,2070,7904,2461,19790,82443
,,,,,,,,300,14908,1282,971,1923,220,1188,2116,8087,2515,20061,82075
,,,,,,,,301,14856,1297,982,1946,222,1203,2141,8184,2544,20159,81338
,,,,,,,,302,14718,1300,985,1951,223,1205,2146,8205,2549,20038,80505
,,,,,,,,303,14681,1308,991,1963,224,1213,2159,8255,2564,20007,79683
,,,,,,,,304,14694,1312,993,1968,225,1216,2165,8275,2572,20229,79505
,,,,,,,,305,14973,1321,1000,1982,226,1225,2182,8331,2593,20925,80809
,,,,,,,,306,15985,1365,1034,2048,234,1265,2255,8603,2681,22397,84874
,,,,,,,,307,16756,1433,1085,2149,246,1327,2366,9027,2813,22119,85988
,,,,,,,,308,16431,1422,1076,2133,244,1317,2348,8959,2792,21483,84062
,,,,,,,,309,15964,1382,1046,2073,237,1280,2283,8707,2715,21005,82461
,,,,,,,,310,15449,1337,1012,2005,229,1239,2207,8429,2623,20250,79872
,,,,,,,,311,14650,1278,968,1917,219,1184,2110,8058,2508,19120,76489
,,,,,,,,312,13620,1203,911,1804,206,1114,1986,7579,2361,17881,72639
,,,,,,,,313,12646,1122,850,1684,192,1040,1856,7063,2209,16998,69961
,,,,,,,,314,11786,1054,798,1581,181,976,1742,6629,2074,16440,68187
,,,,,,,,315,11322,1012,766,1517,173,937,1673,6363,1992,16167,67371
,,,,,,,,316,11064,979,741,1468,168,906,1619,6154,1928,16023,67133
,,,,,,,,317,10962,964,730,1447,165,893,1595,6064,1900,16135,67580
,,,,,,,,318,11057,963,729,1445,165,892,1595,6053,1901,16599,69186
,,,,,,,,319,11432,980,742,1470,168,907,1623,6149,1935,17294,71761
,,,,,,,,320,12113,1024,775,1536,176,947,1697,6422,2025,18011,74583
,,,,,,,,321,12855,1075,814,1612,184,994,1781,6738,2126,18677,76324
,,,,,,,,322,13734,1134,859,1701,194,1049,1879,7116,2242,19107,77017
,,,,,,,,323,14473,1189,901,1784,204,1101,1970,7466,2350,19223,76748
,,,,,,,,324,14807,1223,926,1835,210,1132,2024,7684,2412,19142,75580
,,,,,,,,325,14781,1239,938,1859,212,1147,2051,7783,2445,18992,73974
,,,,,,,,326,14536,1233,934,1850,211,1142,2042,7746,2434,18773,72341
,,,,,,,,327,14308,1231,932,1846,211,1139,2037,7734,2427,18561,71285
,,,,,,,,328,14195,1224,926,1836,210,1133,2025,7690,2413,18659,71084
,,,,,,,,329,14306,1224,927,1836,210,1133,2026,7690,2414,19383,72681
,,,,,,,,330,15182,1258,952,1887,216,1164,2082,7900,2482,20771,76473
,,,,,,,,331,16522,1351,1023,2026,232,1251,2235,8493,2662,21010,79036
,,,,,,,,332,16501,1358,1028,2037,233,1257,2247,8535,2677,20682,78623
,,,,,,,,333,16095,1332,1009,1999,228,1234,2205,8373,2627,20305,77609
,,,,,,,,334,15574,1299,983,1948,223,1202,2150,8157,2562,19720,76012
,,,,,,,,335,14945,1258,953,1887,216,1165,2082,7903,2482,18795,73141
,,,,,,,,336,14166,1202,910,1803,206,1112,1990,7547,2372,17740,69867
,,,,,,,,337,13240,1130,856,1696,194,1046,1872,7098,2232,16819,67100
,,,,,,,,338,12410,1066,807,1599,183,986,1765,6692,2105,16263,65585
,,,,,,,,339,11944,1026,777,1539,176,949,1699,6441,2026,15997,64745
,,,,,,,,340,11720,1001,758,1501,172,926,1658,6281,1977,15939,64707
,,,,,,,,341,11676,990,749,1485,170,916,1640,6211,1956,16114,65180
,,,,,,,,342,11796,992,751,1488,170,918,1644,6225,1961,16569,66593
,,,,,,,,343,12119,1008,764,1513,173,933,1671,6325,1995,17257,68885
,,,,,,,,344,12657,1046,792,1569,179,967,1734,6554,2071,17920,71525
,,,,,,,,345,13286,1084,821,1626,186,1003,1799,6792,2148,18534,73269
,,,,,,,,346,14234,1139,862,1708,195,1054,1888,7139,2254,18919,73646
,,,,,,,,347,14967,1193,903,1789,205,1103,1976,7480,2358,19012,72797
,,,,,,,,348,15399,1229,930,1843,211,1137,2035,7716,2425,18933,71508
,,,,,,,,349,15574,1250,946,1874,214,1157,2069,7847,2467,18834,70595
,,,,,,,,350,15563,1251,947,1876,215,1158,2071,7856,2469,18624,69219
,,,,,,,,351,15427,1247,944,1870,214,1154,2063,7834,2458,18499,68109
,,,,,,,,352,15330,1241,940,1862,213,1149,2054,7802,2447,18694,67891
,,,,,,,,353,15445,1243,941,1865,213,1151,2057,7811,2451,19570,69842
,,,,,,,,354,16399,1273,964,1910,218,1179,2108,7998,2513,21285,74921
,,,,,,,,355,17771,1372,1039,2058,235,1270,2270,8624,2704,21797,78976
,,,,,,,,356,17797,1396,1057,2094,239,1293,2310,8777,2751,21573,79065
,,,,,,,,357,17273,1371,1038,2057,235,1270,2269,8621,2703,21347,78578
,,,,,,,,358,16754,1345,1018,2018,231,1245,2226,8453,2652,20720,76775
,,,,,,,,359,15875,1302,986,1954,223,1206,2156,8182,2569,19739,74252
,,,,,,,,360,14821,1240,939,1860,213,1148,2053,7787,2447,18729,71415
,,,,,,,,361,13760,1165,882,1747,200,1078,1927,7322,2296,17843,69060
,,,,,,,,362,13049,1104,836,1656,189,1022,1827,6937,2176,17448,67973
,,,,,,,,363,12696,1067,808,1601,183,988,1766,6709,2105,17334,67786
,,,,,,,,364,12543,1044,790,1566,179,966,1728,6558,2059,17460,68288
,,,,,,,,365,12537,1037,785,1555,178,960,1716,6513,2045,17861,69738
,,,,,,,,366,12827,1047,793,1570,179,969,1733,6575,2066,18868,72969
,,,,,,,,367,13587,1087,823,1631,186,1006,1801,6825,2148,20386,77672
,,,,,,,,368,14841,1167,884,1751,200,1080,1934,7322,2308,21367,81320
,,,,,,,,369,15777,1244,942,1867,213,1152,2061,7811,2458,21611,81829
,,,,,,,,370,16434,1299,984,1949,223,1203,2149,8172,2560,21465,80652
,,,,,,,,371,16824,1349,1022,2024,231,1249,2231,8486,2657,21289,79521
,,,,,,,,372,16979,1375,1041,2063,236,1274,2273,8659,2704,20905,78151
,,,,,,,,373,16863,1375,1041,2063,236,1274,2272,8660,2703,20453,76480
,,,,,,,,374,16592,1362,1031,2042,233,1261,2249,8577,2675,20102,75260
,,,,,,,,375,16419,1345,1018,2017,230,1246,2221,8473,2641,19927,74501
,,,,,,,,376,16291,1334,1010,2001,229,1236,2203,8406,2620,20154,74503
,,,,,,,,377,16389,1335,1011,2003,229,1237,2206,8410,2623,21023,75901
,,,,,,,,378,17308,1367,1035,2050,234,1266,2259,8604,2689,22651,79721
,,,,,,,,379,18267,1455,1101,2182,249,1348,2403,9160,2859,22494,80275
,,,,,,,,380,17913,1447,1095,2170,248,1340,2389,9114,2841,21855,78502
,,,,,,,,381,17351,1416,1072,2124,243,1312,2339,8920,2782,21173,76182
,,,,,,,,382,16548,1365,1034,2048,234,1265,2256,8597,2683,19958,72832
,,,,,,,,383,15373,1291,977,1936,221,1195,2133,8124,2538,18460,68462
,,,,,,,,384,14001,1199,908,1799,206,1111,1982,7547,2360,17058,63877
,,,,,,,,385,12761,1100,833,1650,188,1019,1818,6923,2163,16039,60119
,,,,,,,,386,11930,1029,779,1543,176,953,1701,6475,2024,15492,58182
,,,,,,,,387,11450,989,749,1484,170,916,1636,6228,1946,15243,57082
,,,,,,,,388,11232,963,729,1445,165,892,1593,6061,1896,15182,56896
,,,,,,,,389,11159,952,721,1429,163,882,1575,5992,1875,15461,58077
,,,,,,,,390,11410,963,729,1444,165,891,1593,6053,1898,16549,61924
,,,,,,,,391,12307,1011,766,1517,173,936,1676,6343,2000,18502,68468
,,,,,,,,392,14063,1129,855,1694,194,1045,1871,7084,2232,19715,72611
,,,,,,,,393,15125,1243,941,1865,213,1151,2057,7810,2452,19686,73020
,,,,,,,,394,15320,1274,964,1911,218,1180,2105,8020,2504,19795,72511
,,,,,,,,395,15361,1293,979,1940,222,1198,2137,8143,2542,19914,72395
,,,,,,,,396,15334,1311,993,1967,225,1215,2165,8264,2575,20001,72036
,,,,,,,,397,15277,1319,999,1979,226,1223,2178,8317,2589,19781,71509
,,,,,,,,398,15173,1323,1001,1984,227,1226,2183,8341,2594,19601,70899
,,,,,,,,399,15178,1323,1002,1985,227,1226,2184,8346,2595,19401,70108
,,,,,,,,400,15199,1326,1004,1990,227,1229,2189,8365,2601,19214,69709
,,,,,,,,401,15405,1333,1009,1999,228,1235,2200,8400,2615,19695,71133
,,,,,,,,402,16347,1361,1030,2041,233,1261,2247,8573,2672,21087,75219
,,,,,,,,403,16992,1417,1073,2126,243,1313,2340,8932,2782,20934,76687
,,,,,,,,404,16624,1400,1060,2100,240,1297,2311,8821,2748,20311,75457
,,,,,,,,405,16083,1364,1033,2046,234,1264,2253,8594,2678,19688,73926
,,,,,,,,406,15342,1313,994,1969,225,1217,2167,8281,2574,18602,71108
,,,,,,,,407,14231,1245,943,1868,213,1154,2056,7853,2443,17128,67096
,,,,,,,,408,12838,1153,873,1730,198,1068,1904,7269,2262,15718,62901
,,,,,,,,409,11597,1054,798,1581,181,977,1741,6646,2069,14667,59919
,,,,,,,,410,10781,985,746,1478,169,913,1627,6210,1935,14158,58531
,,,,,,,,411,10367,944,714,1416,162,874,1558,5947,1853,13975,58166
,,,,,,,,412,10157,920,697,1381,158,853,1520,5799,1808,14070,58675
,,,,,,,,413,10118,914,692,1372,157,847,1511,5759,1797,14501,60308
,,,,,,,,414,10450,930,704,1396,159,862,1538,5855,1831,15726,64758
,,,,,,,,415,11509,990,749,1485,170,916,1639,6216,1954,17964,72064
,,,,,,,,416,13468,1119,847,1678,192,1035,1852,7024,2208,19233,76831
,,,,,,,,417,14524,1231,932,1846,211,1140,2036,7739,2425,19199,77003
,,,,,,,,418,14651,1266,958,1899,217,1173,2091,7972,2487,19169,76525
,,,,,,,,419,14774,1287,975,1931,221,1193,2127,8109,2530,19258,76223
,,,,,,,,420,14891,1303,987,1955,223,1207,2152,8212,2558,19183,75664
,,,,,,,,421,14919,1309,991,1964,224,1213,2162,8252,2570,19043,75088
,,,,,,,,422,14847,1302,986,1953,223,1207,2150,8210,2555,18927,74388
,,,,,,,,423,14854,1303,987,1955,223,1208,2151,8215,2557,18905,73720
,,,,,,,,424,14890,1303,986,1954,223,1207,2151,8212,2557,19192,73944
,,,,,,,,425,15106,1314,995,1971,225,1217,2170,8278,2580,20096,76081
,,,,,,,,426,16077,1355,1026,2033,232,1255,2239,8534,2663,21981,80948
,,,,,,,,427,17444,1448,1096,2172,248,1341,2391,9119,2844,22274,83864
,,,,,,,,428,17397,1453,1100,2180,249,1346,2401,9155,2855,21919,83358
,,,,,,,,429,17057,1426,1080,2139,244,1321,2356,8981,2803,21432,82132
,,,,,,,,430,16493,1384,1048,2076,237,1282,2285,8723,2716,20508,79687
,,,,,,,,431,15507,1323,1002,1985,227,1226,2185,8338,2597,19190,75853
,,,,,,,,432,14261,1232,933,1849,211,1142,2035,7764,2420,17905,71815
,,,,,,,,433,13132,1137,861,1705,195,1052,1880,7148,2239,17022,69104
,,,,,,,,434,12395,1064,805,1596,182,985,1760,6688,2096,16666,67983
,,,,,,,,435,12046,1027,778,1541,176,951,1699,6457,2024,16571,67522
,,,,,,,,436,11912,1008,763,1513,173,934,1669,6338,1988,16689,68057
,,,,,,,,437,11927,1002,759,1503,172,928,1659,6297,1976,17204,69963
,,,,,,,,438,12282,1018,771,1527,175,942,1686,6392,2010,18468,74452
,,,,,,,,439,13272,1077,815,1615,185,996,1787,6742,2135,20688,81918
,,,,,,,,440,15291,1207,914,1811,207,1116,2003,7558,2393,21793,86124
,,,,,,,,441,16374,1317,997,1975,226,1218,2182,8255,2604,21559,85060
,,,,,,,,442,16457,1343,1017,2014,230,1243,2222,8436,2648,21062,82724
,,,,,,,,443,16414,1355,1026,2032,232,1254,2242,8514,2672,20703,81310
,,,,,,,,444,16342,1365,1034,2048,234,1264,2258,8585,2689,20263,79664
,,,,,,,,445,16164,1359,1029,2039,233,1259,2248,8549,2677,19985,78274
,,,,,,,,446,15903,1349,1021,2023,231,1249,2230,8484,2655,19885,77140
,,,,,,,,447,15747,1340,1014,2010,230,1241,2215,8429,2637,19884,76280
,,,,,,,,448,15653,1339,1014,2009,230,1240,2215,8425,2636,20134,76531
,,,,,,,,449,15817,1353,1024,2029,232,1253,2238,8508,2665,21034,78378
,,,,,,,,450,16665,1396,1057,2095,239,1293,2311,8776,2753,22517,82300
,,,,,,,,451,17653,1470,1113,2205,252,1361,2432,9240,2898,22487,84620
,,,,,,,,452,17455,1456,1102,2184,250,1348,2409,9151,2870,21941,83810
,,,,,,,,453,17103,1422,1077,2133,244,1316,2353,8934,2804,21359,82541
,,,,,,,,454,16461,1376,1042,2064,236,1274,2275,8657,2708,20363,79780
,,,,,,,,455,15391,1308,990,1962,224,1212,2163,8231,2574,18784,75250
,,,,,,,,456,14015,1217,921,1826,209,1127,2013,7654,2397,17373,71050
,,,,,,,,457,12746,1116,845,1674,191,1033,1845,7016,2198,16371,68115
,,,,,,,,458,11932,1046,792,1568,179,968,1730,6573,2061,15876,66630
,,,,,,,,459,11473,1003,759,1505,172,929,1660,6307,1977,15653,66149
,,,,,,,,460,11253,979,741,1468,168,906,1620,6152,1930,15653,66472
,,,,,,,,461,11208,971,735,1457,166,899,1607,6103,1915,16071,68210
,,,,,,,,462,11528,986,746,1479,169,913,1633,6191,1947,17327,72341
,,,,,,,,463,12456,1042,789,1562,179,963,1729,6518,2066,19503,79317
,,,,,,,,464,14328,1166,883,1749,200,1078,1935,7297,2312,20755,83677
,,,,,,,,465,15348,1278,968,1917,219,1182,2119,8013,2529,20723,83511
,,,,,,,,466,15525,1312,993,1968,225,1214,2171,8241,2587,20579,82705
,,,,,,,,467,15622,1334,1010,2000,229,1235,2207,8380,2629,20486,81987
,,,,,,,,468,15677,1346,1019,2020,231,1247,2227,8467,2652,20219,80770
,,,,,,,,469,15641,1347,1020,2021,231,1247,2227,8473,2652,19892,79776
,,,,,,,,470,15463,1336,1012,2004,229,1237,2209,8407,2630,19713,78832
,,,,,,,,471,15368,1328,1005,1992,228,1230,2195,8356,2612,19677,78048
,,,,,,,,472,15263,1322,1001,1982,227,1224,2185,8316,2601,19917,78061
,,,,,,,,473,15357,1325,1003,1987,227,1227,2191,8331,2608,20611,79348
,,,,,,,,474,16094,1358,1028,2036,233,1257,2246,8533,2676,22167,82778
,,,,,,,,475,17208,1433,1085,2149,246,1327,2370,9008,2823,22111,83618
,,,,,,,,476,16983,1430,1083,2145,245,1324,2366,8989,2818,21500,81859
,,,,,,,,477,16523,1394,1055,2091,239,1291,2307,8759,2749,20978,80115
,,,,,,,,478,16030,1356,1027,2034,232,1256,2242,8532,2669,20165,77511
,,,,,,,,479,15276,1301,985,1952,223,1205,2151,8187,2560,19009,73886
,,,,,,,,480,14226,1230,931,1845,211,1139,2034,7738,2422,17810,70064
,,,,,,,,481,13193,1147,868,1720,197,1061,1898,7204,2261,16938,67170
,,,,,,,,482,12388,1078,816,1617,185,998,1784,6770,2126,16381,65282
,,,,,,,,483,11955,1031,780,1546,177,954,1706,6474,2034,16121,64304
,,,,,,,,484,11683,1003,760,1505,172,929,1662,6301,1981,16060,63843
,,,,,,,,485,11554,990,750,1486,170,917,1640,6218,1955,16197,64170
,,,,,,,,486,11622,991,751,1487,170,917,1643,6221,1960,16565,65573
,,,,,,,,487,11975,1011,765,1516,173,935,1675,6335,2000,17184,67843
,,,,,,,,488,12648,1053,797,1580,181,974,1747,6597,2087,17884,70872
,,,,,,,,489,13503,1109,840,1664,190,1026,1841,6948,2199,18681,73175
,,,,,,,,490,14552,1170,886,1755,201,1082,1940,7334,2315,19631,75550
,,,,,,,,491,15487,1235,935,1852,212,1143,2046,7747,2442,20253,77000
,,,,,,,,492,16051,1284,972,1925,220,1188,2125,8062,2533,20476,77164
,,,,,,,,493,16316,1304,987,1955,224,1207,2158,8187,2572,20476,76595
,,,,,,,,494,16313,1298,983,1948,223,1202,2150,8155,2562,20230,75423
,,,,,,,,495,16142,1292,978,1938,221,1196,2137,8119,2546,19988,74279
,,,,,,,,496,15899,1285,973,1927,220,1189,2125,8076,2531,19921,73816
,,,,,,,,497,15808,1282,971,1924,220,1187,2122,8060,2528,20316,74672
,,,,,,,,498,16367,1299,983,1948,223,1202,2150,8159,2562,21531,77436
,,,,,,,,499,17485,1378,1043,2066,236,1276,2278,8665,2713,21698,79695
,,,,,,,,500,17314,1390,1052,2085,238,1287,2299,8741,2738,21244,78802
,,,,,,,,501,16677,1360,1030,2040,233,1259,2250,8550,2680,20683,77335
,,,,,,,,502,16035,1323,1002,1984,227,1225,2189,8314,2608,19939,75373
,,,,,,,,503,15250,1278,968,1917,219,1183,2115,8034,2519,18934,72504
,,,,,,,,504,14230,1214,919,1821,208,1124,2010,7630,2394,17836,69211
,,,,,,,,505,13206,1144,866,1716,196,1059,1894,7187,2257,16970,66177
,,,,,,,,506,12451,1081,819,1622,185,1001,1790,6791,2133,16449,64607
,,,,,,,,507,12051,1039,786,1558,178,961,1720,6523,2050,16223,63812
,,,,,,,,508,11852,1017,770,1526,174,942,1685,6388,2009,16145,63534
,,,,,,,,509,11749,1003,760,1505,172,929,1662,6299,1981,16254,63738
,,,,,,,,510,11822,1001,758,1502,172,926,1658,6284,1977,16597,64746
,,,,,,,,511,12134,1016,769,1524,174,940,1684,6377,2009,17188,66476
,,,,,,,,512,12649,1049,794,1573,180,970,1739,6573,2076,17747,68956
,,,,,,,,513,13261,1081,818,1621,185,1000,1792,6773,2140,18462,71095
,,,,,,,,514,14135,1136,860,1705,195,1051,1883,7128,2247,19085,72808
,,,,,,,,515,14726,1194,904,1791,205,1105,1978,7494,2359,19386,73274
,,,,,,,,516,14957,1228,930,1842,211,1137,2032,7720,2421,19409,73123
,,,,,,,,517,14990,1244,942,1866,213,1152,2058,7820,2451,19368,72940
,,,,,,,,518,14901,1242,940,1863,213,1150,2054,7806,2446,19233,72289
,,,,,,,,519,14815,1235,935,1853,212,1144,2042,7773,2430,19135,71672
,,,,,,,,520,14766,1228,930,1843,211,1138,2030,7733,2416,19236,71579
,,,,,,,,521,14789,1232,933,1848,211,1141,2037,7755,2424,19845,72539
,,,,,,,,522,15446,1263,956,1895,217,1170,2089,7945,2487,21050,75595
,,,,,,,,523,16524,1353,1024,2029,232,1253,2235,8516,2660,21355,77747
,,,,,,,,524,16558,1375,1041,2063,236,1274,2273,8658,2704,20965,77006
,,,,,,,,525,16226,1344,1017,2015,230,1244,2220,8458,2642,20454,75336
,,,,,,,,526,15618,1306,989,1960,224,1210,2160,8221,2570,19601,72531
,,,,,,,,527,14629,1252,948,1878,215,1160,2071,7877,2465,18424,68769
,,,,,,,,528,13491,1179,893,1768,202,1092,1950,7413,2322,17158,64995
,,,,,,,,529,12323,1090,825,1635,187,1009,1802,6860,2144,16043,61552
,,,,,,,,530,11537,1020,772,1529,175,944,1686,6415,2007,15519,59902
,,,,,,,,531,11161,979,741,1468,168,906,1618,6159,1926,15328,59170
,,,,,,,,532,10993,952,721,1429,163,882,1575,5991,1875,15305,59221
,,,,,,,,533,10996,947,717,1420,162,877,1566,5955,1865,15652,60632
,,,,,,,,534,11310,957,725,1436,164,886,1584,6016,1887,16725,64513
,,,,,,,,535,12248,1009,764,1513,173,933,1673,6325,1997,18721,71261
,,,,,,,,536,14113,1131,856,1696,194,1046,1874,7092,2237,19961,75751
,,,,,,,,537,15186,1235,935,1853,212,1143,2044,7760,2436,20139,76022
,,,,,,,,538,15445,1274,965,1911,218,1180,2105,8024,2504,20260,75682
,,,,,,,,539,15610,1298,983,1947,222,1203,2145,8175,2551,20320,75792
,,,,,,,,540,15720,1315,996,1973,225,1219,2172,8292,2582,20246,75365
,,,,,,,,541,15695,1322,1001,1983,227,1225,2182,8339,2593,20044,74930
,,,,,,,,542,15533,1315,995,1972,225,1219,2170,8296,2577,19854,74378
,,,,,,,,543,15428,1309,991,1964,224,1214,2160,8261,2565,19726,73761
,,,,,,,,544,15336,1305,988,1958,224,1210,2153,8235,2557,19891,73553
,,,,,,,,545,15415,1312,993,1968,225,1216,2165,8275,2572,20499,74918
,,,,,,,,546,16192,1349,1021,2023,231,1250,2226,8503,2646,21552,78106
,,,,,,,,547,17054,1409,1066,2113,241,1305,2325,8882,2763,21304,79153
,,,,,,,,548,16744,1395,1056,2093,239,1293,2303,8798,2736,20628,77500
,,,,,,,,549,16187,1353,1025,2030,232,1254,2234,8533,2655,19910,75650
,,,,,,,,550,15440,1303,986,1954,223,1208,2149,8222,2551,18740,72419
,,,,,,,,551,14296,1231,932,1847,211,1142,2031,7772,2412,17198,67702
,,,,,,,,552,12907,1134,858,1701,194,1051,1871,7154,2222,15850,63399
,,,,,,,,553,11611,1035,784,1553,177,960,1708,6533,2029,14620,59902
,,,,,,,,554,10819,960,727,1440,164,889,1584,6054,1882,14153,58229
,,,,,,,,555,10329,920,696,1380,158,853,1518,5805,1804,13895,57322
,,,,,,,,556,10083,896,678,1344,153,831,1479,5652,1758,13829,57437
,,,,,,,,557,10024,887,671,1331,152,822,1464,5592,1741,14218,58880
,,,,,,,,558,10283,898,680,1347,154,832,1484,5658,1765,15314,63012
,,,,,,,,559,11226,951,720,1426,163,880,1574,5976,1875,17387,69959
,,,,,,,,560,13078,1073,812,1609,184,993,1775,6745,2113,18579,74466
,,,,,,,,561,14120,1181,894,1772,202,1094,1952,7439,2322,18474,74210
,,,,,,,,562,14233,1216,920,1824,208,1127,2006,7674,2382,18224,72955
,,,,,,,,563,14199,1231,932,1846,211,1141,2030,7765,2411,18012,72137
,,,,,,,,564,14208,1245,943,1868,213,1154,2053,7860,2437,17773,71645
,,,,,,,,565,14169,1246,943,1869,213,1156,2055,7871,2439,17739,70731
,,,,,,,,566,13999,1231,932,1847,211,1142,2030,7779,2409,17649,70078
,,,,,,,,567,13920,1235,935,1853,212,1145,2036,7802,2416,17524,69302
,,,,,,,,568,13864,1217,921,1825,208,1128,2006,7686,2381,17713,69146
,,,,,,,,569,13955,1244,942,1867,213,1154,2052,7857,2437,18351,70230
,,,,,,,,570,14707,1279,969,1919,219,1186,2110,8074,2506,19844,73895
,,,,,,,,571,15846,1353,1024,2029,232,1254,2232,8539,2650,20130,76793
,,,,,,,,572,15703,1363,1032,2044,233,1264,2248,8604,2669,19761,76129
,,,,,,,,573,15280,1335,1011,2002,229,1237,2202,8426,2614,19327,75035
,,,,,,,,574,14668,1292,978,1938,221,1198,2130,8161,2527,18414,72509
,,,,,,,,575,13632,1225,927,1837,210,1136,2019,7737,2396,17109,68625
,,,,,,,,576,12388,1138,861,1707,195,1055,1876,7187,2226,15843,64753
,,,,,,,,577,11303,1045,791,1568,179,969,1724,6595,2048,15038,61799
,,,,,,,,578,10571,971,735,1456,166,900,1602,6123,1904,14588,60540
,,,,,,,,579,10214,931,705,1397,159,863,1537,5874,1826,14424,59944
,,,,,,,,580,10066,910,689,1365,156,843,1503,5737,1786,14479,60382
,,,,,,,,581,10082,902,683,1353,154,836,1490,5685,1772,14885,62072
,,,,,,,,582,10395,914,692,1371,157,846,1510,5754,1797,16063,66597
,,,,,,,,583,11424,969,733,1453,166,897,1603,6088,1911,18132,73758
,,,,,,,,584,13368,1093,828,1640,187,1012,1809,6871,2156,19350,78033
,,,,,,,,585,14467,1201,910,1802,206,1113,1986,7559,2364,19333,77413
,,,,,,,,586,14588,1239,938,1858,212,1148,2045,7810,2430,19126,75565
,,,,,,,,587,14701,1257,951,1885,215,1165,2075,7921,2467,18852,74477
,,,,,,,,588,14774,1268,960,1903,217,1175,2093,7998,2487,18533,73293
,,,,,,,,589,14756,1271,962,1907,218,1178,2098,8018,2493,18195,72201
,,,,,,,,590,14609,1265,958,1898,217,1173,2087,7981,2480,17993,71266
,,,,,,,,591,14547,1262,956,1893,216,1170,2083,7963,2474,17858,70632
,,,,,,,,592,14465,1260,954,1890,216,1168,2080,7949,2471,18011,70650
,,,,,,,,593,14525,1263,956,1894,216,1170,2085,7963,2477,18756,72179
,,,,,,,,594,15234,1297,982,1945,222,1202,2141,8172,2546,20486,76195
,,,,,,,,595,16533,1373,1039,2059,235,1272,2267,8654,2694,20810,78205
,,,,,,,,596,16460,1380,1044,2069,236,1278,2278,8697,2707,20386,77048
,,,,,,,,597,16056,1350,1022,2026,231,1251,2230,8511,2651,19945,75758
,,,,,,,,598,15482,1308,990,1962,224,1213,2159,8253,2564,18943,72980
,,,,,,,,599,14415,1240,939,1861,213,1150,2047,7824,2432,17548,68729
,,,,,,,,600,13079,1148,869,1722,197,1064,1895,7238,2252,16178,64188
,,,,,,,,601,11887,1055,799,1583,181,978,1743,6650,2072,15222,60867
,,,,,,,,602,11105,985,746,1478,169,913,1628,6206,1936,14723,59184
,,,,,,,,603,10709,943,714,1414,161,873,1557,5939,1852,14517,58351
,,,,,,,,604,10541,920,696,1379,157,852,1520,5791,1808,14512,58338
,,,,,,,,605,10534,911,690,1366,156,844,1505,5734,1791,14871,59648
,,,,,,,,606,10853,924,700,1387,158,856,1529,5815,1820,15994,63565
,,,,,,,,607,11832,977,740,1466,167,904,1618,6134,1929,18021,70206
,,,,,,,,608,13758,1101,834,1652,189,1019,1823,6915,2173,19217,74457
,,,,,,,,609,14808,1208,915,1812,207,1119,1998,7599,2379,19261,74399
,,,,,,,,610,14884,1244,941,1865,213,1152,2053,7838,2441,19326,73614
,,,,,,,,611,14863,1262,955,1893,216,1169,2084,7953,2478,19417,73307
,,,,,,,,612,14805,1279,968,1918,219,1185,2110,8064,2508,19387,72612
,,,,,,,,613,14724,1287,975,1931,221,1193,2124,8121,2524,19352,71830
,,,,,,,,614,14595,1287,975,1931,221,1193,2124,8122,2522,19311,71217
,,,,,,,,615,14600,1296,981,1944,222,1202,2138,8180,2540,19232,70651
,,,,,,,,616,14640,1300,984,1950,223,1205,2145,8204,2547,19449,70599
,,,,,,,,617,14827,1314,995,1972,225,1218,2169,8291,2577,20147,71780
,,,,,,,,618,15622,1355,1026,2033,232,1256,2237,8544,2658,21288,74803
,,,,,,,,619,16583,1409,1067,2114,241,1306,2326,8886,2763,21099,75668
,,,,,,,,620,16361,1395,1056,2093,239,1293,2303,8798,2736,20480,74276
,,,,,,,,621,15928,1353,1025,2030,232,1254,2234,8533,2655,19843,72433
,,,,,,,,622,15309,1310,992,1965,224,1214,2161,8268,2566,18779,69365
,,,,,,,,623,14283,1238,937,1857,212,1148,2042,7814,2426,17308,65113
,,,,,,,,624,12969,1148,869,1722,197,1064,1894,7244,2250,15886,60486
,,,,,,,,625,11773,1054,798,1581,180,977,1738,6650,2064,14825,57190
,,,,,,,,626,10995,981,743,1472,168,909,1619,6190,1923,14289,55272
,,,,,,,,627,10557,937,709,1406,160,869,1546,5913,1837,13985,54229
,,,,,,,,628,10359,911,689,1366,156,844,1503,5744,1786,13918,53981
,,,,,,,,629,10274,898,680,1347,154,832,1483,5663,1762,14135,54965
,,,,,,,,630,10531,905,685,1358,155,839,1496,5705,1778,15085,58522
,,,,,,,,631,11446,954,722,1431,163,883,1578,5998,1880,16925,65067
,,,,,,,,632,13175,1064,806,1597,182,986,1760,6694,2096,18184,69715
,,,,,,,,633,14365,1173,888,1760,201,1087,1939,7391,2306,18318,70393
,,,,,,,,634,14729,1220,924,1831,209,1131,2013,7705,2390,18509,70426
,,,,,,,,635,14996,1248,945,1872,214,1157,2059,7877,2445,18684,70627
,,,,,,,,636,15157,1272,963,1908,218,1179,2097,8030,2489,18684,70470
,,,,,,,,637,15220,1286,974,1929,220,1193,2120,8123,2516,18458,69915
,,,,,,,,638,15105,1281,970,1922,219,1188,2112,8093,2506,18214,69284
,,,,,,,,639,15011,1278,967,1917,219,1185,2106,8071,2499,17955,68309
,,,,,,,,640,14902,1269,961,1904,217,1177,2092,8015,2483,17912,67847
,,,,,,,,641,14913,1268,960,1901,217,1175,2090,8003,2482,18315,68532
,,,,,,,,642,15430,1290,977,1935,221,1196,2128,8141,2527,19492,71239
,,,,,,,,643,15948,1330,1007,1994,228,1232,2193,8391,2605,19716,73302
,,,,,,,,644,15558,1320,1000,1981,226,1224,2178,8335,2586,19175,71905
,,,,,,,,645,14993,1284,972,1925,220,1190,2117,8100,2515,18668,70501
,,,,,,,,646,14443,1242,940,1863,213,1152,2048,7845,2431,17975,68616
,,,,,,,,647,13668,1192,902,1787,204,1105,1965,7525,2332,16928,65597
,,,,,,,,648,12656,1122,850,1683,192,1040,1850,7087,2196,15786,62167
,,,,,,,,649,11707,1044,790,1566,179,967,1724,6582,2049,14948,59570
,,,,,,,,650,10884,974,738,1461,167,903,1609,6141,1913,14374,57886
,,,,,,,,651,10421,931,705,1396,159,862,1537,5866,1828,14138,57110
,,,,,,,,652,10167,903,683,1354,155,836,1491,5686,1774,14055,57118
,,,,,,,,653,10071,890,674,1335,152,825,1471,5606,1749,14211,57868
,,,,,,,,654,10142,890,674,1335,152,824,1471,5602,1751,14640,59675
,,,,,,,,655,10548,908,688,1363,156,841,1503,5712,1790,15435,62625
,,,,,,,,656,11237,950,719,1426,163,880,1572,5976,1872,16078,65830
,,,,,,,,657,11997,998,755,1497,171,924,1651,6272,1967,16804,67815
,,,,,,,,658,12869,1060,803,1590,182,982,1753,6668,2088,17093,68431
,,,,,,,,659,13467,1116,845,1674,191,1034,1845,7022,2197,16957,68248
,,,,,,,,660,13707,1144,866,1715,196,1059,1890,7201,2248,16716,67391
,,,,,,,,661,13621,1147,869,1721,197,1063,1896,7224,2255,16484,66397
,,,,,,,,662,13374,1137,861,1705,195,1053,1879,7158,2236,16225,64890
,,,,,,,,663,13044,1125,852,1688,193,1043,1859,7090,2210,16046,63375
,,,,,,,,664,12852,1117,845,1675,191,1035,1844,7037,2193,16085,62681
,,,,,,,,665,12870,1117,846,1675,191,1035,1845,7036,2194,16571,63417
,,,,,,,,666,13456,1137,861,1706,195,1053,1879,7162,2235,17880,66648
,,,,,,,,667,14791,1223,926,1835,210,1134,2020,7710,2402,18572,70631
,,,,,,,,668,14887,1259,953,1889,216,1166,2080,7931,2473,18382,70730
,,,,,,,,669,14433,1236,936,1854,212,1145,2041,7786,2427,18039,69862
,,,,,,,,670,13973,1203,911,1805,206,1115,1988,7579,2365,17540,68455
,,,,,,,,671,13294,1160,878,1740,199,1075,1916,7308,2279,16684,65881
,,,,,,,,672,12416,1106,837,1659,189,1024,1827,6965,2173,15753,62928
,,,,,,,,673,11476,1044,790,1566,179,967,1725,6576,2051,14955,60463
,,,,,,,,674,10733,984,745,1476,168,911,1625,6194,1934,14451,59047
,,,,,,,,675,10334,943,714,1415,162,873,1558,5938,1854,14221,58399
,,,,,,,,676,10105,915,693,1373,157,848,1513,5760,1800,14206,58420
,,,,,,,,677,10027,903,683,1354,155,836,1492,5681,1776,14303,59062
,,,,,,,,678,10115,898,680,1347,154,831,1484,5649,1767,14687,60557
,,,,,,,,679,10409,905,685,1358,155,838,1497,5693,1783,15306,62712
,,,,,,,,680,10869,936,708,1403,160,866,1548,5882,1843,15721,65102
,,,,,,,,681,11414,972,736,1459,167,900,1609,6112,1917,16217,66592
,,,,,,,,682,12271,1024,775,1537,176,948,1694,6442,2018,16451,66686
,,,,,,,,683,12904,1075,814,1612,184,995,1778,6762,2116,16510,66143
,,,,,,,,684,13213,1107,838,1660,190,1025,1829,6969,2176,16503,65363
,,,,,,,,685,13366,1125,852,1688,193,1043,1860,7087,2212,16520,64825
,,,,,,,,686,13321,1129,855,1694,193,1046,1866,7110,2220,16395,63855
,,,,,,,,687,13197,1128,854,1692,193,1045,1863,7106,2215,16227,62878
,,,,,,,,688,13079,1124,851,1686,193,1041,1856,7083,2207,16307,63035
,,,,,,,,689,13149,1123,850,1685,192,1041,1855,7076,2206,16952,64410
,,,,,,,,690,13865,1151,872,1727,197,1066,1902,7249,2263,18563,68273
,,,,,,,,691,15435,1250,947,1876,214,1159,2065,7879,2455,19481,73019
,,,,,,,,692,15675,1290,977,1936,221,1196,2131,8131,2534,19423,73757
,,,,,,,,693,15273,1271,962,1906,218,1177,2098,8007,2495,19035,72989
,,,,,,,,694,14681,1238,938,1858,212,1147,2046,7801,2433,18304,70795
,,,,,,,,695,13731,1184,896,1776,203,1097,1957,7456,2327,17145,67667
,,,,,,,,696,12584,1110,840,1665,190,1028,1834,6986,2183,15976,64412
,,,,,,,,697,11492,1026,777,1539,176,951,1696,6463,2017,15093,61796
,,,,,,,,698,10809,964,729,1445,165,893,1593,6067,1895,14708,60794
,,,,,,,,699,10480,927,702,1390,159,858,1532,5835,1823,14646,60742
,,,,,,,,700,10351,910,689,1365,156,842,1504,5725,1790,14769,61300
,,,,,,,,701,10386,906,686,1358,155,839,1497,5698,1783,15251,63507
,,,,,,,,702,10739,923,698,1384,158,854,1526,5800,1818,16525,68179
,,,,,,,,703,11753,984,745,1476,169,910,1631,6172,1946,18748,75522
,,,,,,,,704,13716,1121,849,1681,192,1037,1857,7033,2215,19850,79829
,,,,,,,,705,14776,1215,920,1822,208,1125,2010,7635,2395,19712,79155
,,,,,,,,706,14947,1251,947,1877,214,1159,2067,7881,2458,19507,77299
,,,,,,,,707,15085,1269,961,1904,218,1176,2097,7996,2494,19375,75947
,,,,,,,,708,15134,1282,971,1923,220,1188,2117,8084,2516,19162,74353
,,,,,,,,709,15062,1289,976,1934,221,1195,2128,8131,2528,18899,72736
,,,,,,,,710,14915,1282,971,1924,220,1189,2116,8090,2513,18657,71176
,,,,,,,,711,14819,1276,966,1914,219,1182,2105,8049,2500,18455,69719
,,,,,,,,712,14764,1270,962,1905,218,1177,2095,8014,2489,18564,69004
,,,,,,,,713,14884,1273,964,1910,218,1180,2102,8032,2497,19202,69770
,,,,,,,,714,15582,1303,987,1955,223,1208,2152,8216,2558,20948,73340
,,,,,,,,715,16891,1381,1045,2071,237,1279,2279,8704,2709,21416,76678
,,,,,,,,716,16908,1404,1063,2106,241,1301,2318,8851,2754,20986,76085
,,,,,,,,717,16455,1372,1039,2058,235,1271,2266,8648,2693,20423,74772
,,,,,,,,718,15854,1332,1008,1998,228,1235,2197,8404,2610,19369,71884
,,,,,,,,719,14780,1260,954,1890,216,1168,2079,7948,2469,17877,67559
,,,,,,,,720,13440,1167,884,1751,200,1082,1927,7363,2289,16492,63131
,,,,,,,,721,12244,1068,809,1602,183,990,1763,6736,2096,15576,59963
,,,,,,,,722,11483,996,754,1495,171,923,1645,6281,1956,15067,58202
,,,,,,,,723,11071,953,721,1429,163,883,1573,6006,1870,14842,57458
,,,,,,,,724,10873,929,703,1394,159,861,1535,5855,1825,14794,57556
,,,,,,,,725,10833,919,696,1379,157,852,1519,5793,1807,15133,58878
,,,,,,,,726,11112,928,703,1392,159,860,1534,5842,1825,16312,63027
,,,,,,,,727,12080,983,744,1474,168,910,1627,6173,1939,18430,69909
,,,,,,,,728,13951,1110,840,1665,190,1027,1836,6973,2188,19296,73523
,,,,,,,,729,14998,1205,912,1807,206,1116,1992,7582,2370,19111,72357
,,,,,,,,730,15119,1227,929,1841,210,1137,2025,7740,2406,18758,70328
,,,,,,,,731,15126,1238,937,1857,212,1147,2043,7809,2427,18509,68923
,,,,,,,,732,15053,1238,937,1857,212,1147,2042,7812,2424,18151,67589
,,,,,,,,733,14881,1234,934,1850,211,1144,2034,7790,2414,17728,66453
,,,,,,,,734,14625,1220,923,1830,209,1131,2011,7706,2386,17455,65554
,,,,,,,,735,14427,1208,915,1813,207,1121,1992,7634,2364,17219,64550
,,,,,,,,736,14276,1203,911,1804,206,1115,1983,7598,2353,17296,64271
,,,,,,,,737,14262,1205,912,1808,206,1118,1987,7611,2359,17691,65103
,,,,,,,,738,14808,1230,931,1844,211,1140,2028,7761,2408,19099,68240
,,,,,,,,739,16025,1296,982,1945,222,1202,2138,8185,2539,19630,71134
,,,,,,,,740,16036,1323,1002,1985,227,1227,2182,8356,2590,19166,70336
,,,,,,,,741,15616,1292,978,1939,221,1198,2131,8159,2530,18672,68778
,,,,,,,,742,14993,1249,945,1873,214,1158,2058,7892,2442,17745,66053
,,,,,,,,743,13966,1182,895,1773,202,1096,1948,7468,2311,16311,61845
,,,,,,,,744,12635,1092,827,1638,187,1013,1800,6899,2135,14972,57579
,,,,,,,,745,11446,996,754,1494,170,923,1641,6292,1947,14005,54425
,,,,,,,,746,10702,925,701,1388,158,858,1526,5848,1810,13564,52754
,,,,,,,,747,10300,885,670,1327,151,820,1458,5590,1731,13304,51899
,,,,,,,,748,10110,860,651,1291,147,798,1419,5435,1685,13228,51819
,,,,,,,,749,10115,852,645,1279,146,790,1406,5382,1669,13551,52992
,,,,,,,,750,10390,863,653,1295,148,800,1424,5445,1692,14624,56772
,,,,,,,,751,11389,915,693,1372,157,847,1512,5760,1800,16623,63402
,,,,,,,,752,13247,1034,783,1551,177,958,1709,6509,2034,17757,67498
,,,,,,,,753,14354,1144,866,1716,196,1060,1889,7212,2245,17729,67352
,,,,,,,,754,14467,1178,892,1767,202,1092,1942,7441,2305,17636,66682
,,,,,,,,755,14509,1199,908,1799,205,1112,1976,7575,2345,17612,66347
,,,,,,,,756,14499,1208,914,1812,207,1120,1990,7632,2361,17445,65653
,,,,,,,,757,14480,1205,912,1808,206,1118,1986,7618,2355,17146,64858
,,,,,,,,758,14332,1197,906,1796,205,1110,1972,7567,2339,17011,64148
,,,,,,,,759,14212,1194,904,1792,204,1108,1967,7552,2333,16787,63681
,,,,,,,,760,14011,1191,902,1787,204,1105,1962,7530,2327,16827,63296
,,,,,,,,761,13968,1196,905,1794,205,1109,1970,7556,2337,17213,63908
,,,,,,,,762,14436,1220,924,1831,209,1132,2012,7709,2387,18596,66739
,,,,,,,,763,15570,1286,973,1928,220,1192,2119,8122,2514,19098,69836
,,,,,,,,764,15570,1306,989,1959,224,1211,2152,8251,2553,18675,69133
,,,,,,,,765,15146,1277,966,1915,219,1184,2104,8064,2497,18188,67841
,,,,,,,,766,14546,1236,936,1855,212,1147,2037,7815,2416,17244,65390
,,,,,,,,767,13536,1173,888,1759,201,1088,1932,7414,2292,15901,61414
,,,,,,,,768,12245,1088,824,1632,186,1009,1792,6878,2126,14668,57257
,,,,,,,,769,11136,994,753,1491,170,922,1640,6276,1947,13740,54216
,,,,,,,,770,10400,926,701,1389,159,859,1528,5846,1815,13304,52591
,,,,,,,,771,10026,887,672,1331,152,823,1464,5600,1739,13126,51813
,,,,,,,,772,9863,866,655,1299,148,802,1429,5460,1698,13168,51881
,,,,,,,,773,9872,858,649,1287,147,795,1416,5409,1684,13505,52525
,,,,,,,,774,10191,871,659,1306,149,807,1439,5487,1711,14644,57234
,,,,,,,,775,11223,926,701,1390,159,858,1533,5824,1826,16773,64370
,,,,,,,,776,13185,1053,797,1580,180,975,1742,6620,2076,18015,68888
,,,,,,,,777,14232,1165,882,1747,200,1079,1925,7330,2291,18126,68860
,,,,,,,,778,14446,1207,913,1810,207,1118,1992,7606,2368,18187,68644
,,,,,,,,779,14624,1229,930,1843,211,1139,2028,7747,2410,18323,68443
,,,,,,,,780,14765,1244,942,1866,213,1153,2053,7847,2440,18282,66670
,,,,,,,,781,14804,1251,947,1877,214,1159,2065,7891,2453,18143,67042
,,,,,,,,782,14753,1245,943,1868,213,1154,2055,7854,2442,18049,66270
,,,,,,,,783,14756,1244,941,1865,213,1153,2052,7845,2438,17964,65536
,,,,,,,,784,14782,1243,941,1864,213,1152,2051,7840,2437,18224,65190
,,,,,,,,785,14987,1253,949,1880,215,1161,2068,7901,2458,19057,66259
,,,,,,,,786,15693,1293,979,1939,221,1198,2134,8147,2537,20358,69359
,,,,,,,,787,16526,1356,1027,2034,232,1257,2238,8548,2660,20509,72451
,,,,,,,,788,16395,1363,1032,2044,234,1263,2249,8592,2673,20095,72359
,,,,,,,,789,16004,1333,1009,1999,228,1235,2201,8401,2616,19625,71321
,,,,,,,,790,15441,1292,978,1939,221,1198,2133,8153,2533,18666,69033
,,,,,,,,791,14449,1228,930,1842,210,1138,2026,7746,2407,17380,65194
,,,,,,,,792,13157,1143,865,1715,196,1060,1887,7210,2242,16079,61529
,,,,,,,,793,11999,1051,796,1577,180,974,1736,6624,2064,15232,58793
,,,,,,,,794,11252,984,745,1476,169,912,1626,6200,1933,14830,57420
,,,,,,,,795,10875,947,717,1421,162,878,1565,5968,1862,14672,57125
,,,,,,,,796,10736,928,702,1391,159,859,1533,5840,1824,14761,57593
,,,,,,,,797,10751,920,696,1380,158,852,1520,5790,1809,15146,59269
,,,,,,,,798,11089,934,707,1400,160,865,1544,5873,1838,16344,63879
,,,,,,,,799,12082,987,747,1480,169,913,1634,6194,1948,18453,70953
,,,,,,,,800,14013,1112,842,1668,191,1029,1841,6981,2196,19451,75329
,,,,,,,,801,15002,1213,918,1819,208,1123,2006,7625,2389,19263,74652
,,,,,,,,802,15143,1244,942,1867,213,1153,2056,7836,2446,18919,72813
,,,,,,,,803,15160,1262,956,1894,216,1170,2086,7951,2481,18685,71270
,,,,,,,,804,15120,1269,960,1903,217,1175,2095,7994,2491,18348,69491
,,,,,,,,805,14989,1264,957,1897,217,1172,2088,7969,2482,17950,67860
,,,,,,,,806,14720,1250,946,1875,214,1158,2064,7876,2453,17667,66497
,,,,,,,,807,14548,1240,939,1860,212,1149,2047,7816,2433,17414,65327
,,,,,,,,808,14414,1234,934,1851,211,1143,2038,7778,2423,17437,64661
,,,,,,,,809,14403,1238,938,1858,212,1147,2045,7803,2432,17908,65335
,,,,,,,,810,14882,1262,955,1893,216,1169,2085,7947,2480,19232,68206
,,,,,,,,811,15922,1308,991,1963,224,1212,2161,8244,2570,19800,71452
,,,,,,,,812,15929,1323,1002,1985,227,1226,2186,8337,2599,19402,70708
,,,,,,,,813,15504,1287,974,1930,221,1192,2126,8104,2529,19048,69768
,,,,,,,,814,15008,1250,946,1875,214,1158,2063,7879,2452,18395,68317
,,,,,,,,815,14225,1195,905,1793,205,1108,1973,7535,2345,17403,65297
,,,,,,,,816,13188,1126,853,1690,193,1044,1860,7099,2212,16296,62021
,,,,,,,,817,12070,1049,794,1574,180,972,1734,6605,2064,15500,59331
,,,,,,,,818,11227,980,742,1470,168,908,1620,6168,1928,14952,57522
,,,,,,,,819,10778,936,709,1404,160,867,1547,5893,1841,14752,56898
,,,,,,,,820,10517,905,685,1358,155,838,1497,5696,1781,14663,56765
,,,,,,,,821,10391,890,674,1336,153,825,1472,5602,1753,14751,57184
,,,,,,,,822,10443,891,674,1336,153,825,1473,5602,1755,15192,58608
,,,,,,,,823,10813,909,688,1364,156,842,1505,5712,1793,15950,60986
,,,,,,,,824,11499,954,722,1430,163,883,1578,5994,1880,16535,63779
,,,,,,,,825,12254,999,756,1499,171,925,1653,6280,1970,17108,65916
,,,,,,,,826,13105,1056,799,1584,181,977,1747,6637,2081,17506,67380
,,,,,,,,827,13652,1107,838,1661,190,1025,1832,6964,2181,17604,67992
,,,,,,,,828,13849,1134,859,1702,194,1051,1875,7141,2231,17495,67526
,,,,,,,,829,13775,1140,863,1711,195,1056,1885,7177,2244,17329,66690
,,,,,,,,830,13555,1134,859,1701,194,1051,1874,7141,2230,17109,65568
,,,,,,,,831,13288,1122,850,1683,192,1040,1854,7068,2206,16927,64713
,,,,,,,,832,13123,1109,840,1664,190,1028,1833,6987,2180,17023,64671
,,,,,,,,833,13167,1105,836,1657,189,1023,1825,6957,2171,17494,65639
,,,,,,,,834,13657,1125,852,1688,193,1042,1859,7086,2212,18564,67914
,,,,,,,,835,14988,1204,911,1805,206,1115,1988,7581,2365,18990,70153
,,,,,,,,836,15287,1249,945,1873,214,1157,2063,7863,2454,18739,69576
,,,,,,,,837,14899,1230,931,1845,211,1139,2032,7746,2418,18314,68171
,,,,,,,,838,14475,1202,910,1803,206,1114,1986,7570,2363,17700,66345
,,,,,,,,839,13825,1161,879,1742,199,1076,1919,7315,2283,16809,63321
,,,,,,,,840,12943,1101,834,1652,189,1020,1820,6930,2166,15810,59972
,,,,,,,,841,12027,1037,785,1555,178,960,1715,6520,2042,14934,57136
,,,,,,,,842,11324,979,741,1469,168,907,1620,6158,1929,14384,55321
,,,,,,,,843,10951,940,712,1410,161,870,1555,5912,1852,14101,54418
,,,,,,,,844,10749,915,693,1373,157,847,1514,5751,1804,13996,54144
,,,,,,,,845,10682,902,683,1352,154,835,1492,5666,1778,14046,54534
,,,,,,,,846,10757,899,681,1349,154,833,1488,5652,1773,14366,55710
,,,,,,,,847,11063,913,691,1369,156,845,1511,5733,1801,14922,57662
,,,,,,,,848,11537,943,714,1415,162,873,1562,5924,1863,15426,60078
,,,,,,,,849,12153,978,740,1466,168,905,1619,6138,1930,16180,62345
,,,,,,,,850,13033,1035,784,1553,177,958,1714,6503,2044,16796,64233
,,,,,,,,851,13638,1087,823,1630,186,1006,1798,6830,2143,16935,64696
,,,,,,,,852,13884,1117,846,1676,191,1035,1847,7034,2198,16825,64393
,,,,,,,,853,13985,1135,859,1703,195,1051,1877,7145,2233,16591,64025
,,,,,,,,854,13935,1139,862,1708,195,1055,1882,7172,2238,16430,63210
,,,,,,,,855,13742,1133,858,1700,194,1050,1872,7142,2226,16297,62381
,,,,,,,,856,13612,1128,854,1692,193,1045,1863,7111,2214,16391,62004
,,,,,,,,857,13719,1130,855,1695,194,1047,1865,7121,2217,16934,62854
,,,,,,,,858,14283,1153,873,1730,198,1069,1905,7267,2265,18236,65682
,,,,,,,,859,15568,1228,930,1842,210,1138,2028,7737,2411,18933,69077
,,,,,,,,860,15402,1263,957,1895,216,1171,2086,7963,2480,18608,68932
,,,,,,,,861,14617,1224,927,1836,210,1134,2021,7713,2402,18316,68807
,,,,,,,,862,14236,1196,906,1794,205,1108,1975,7539,2348,17898,67806
,,,,,,,,863,13599,1155,875,1733,198,1070,1908,7278,2269,17380,66481
,,,,,,,,864,13096,1112,842,1668,191,1030,1837,7000,2186,16359,63595
,,,,,,,,865,11946,1038,786,1558,178,962,1715,6542,2039,15466,61050
,,,,,,,,866,11176,974,738,1462,167,903,1610,6139,1915,15094,60304
,,,,,,,,867,10812,940,711,1409,161,870,1552,5918,1846,15029,60331
,,,,,,,,868,10675,920,696,1380,158,852,1520,5791,1808,15179,61168
,,,,,,,,869,10699,913,691,1369,156,845,1509,5747,1795,15669,63257
,,,,,,,,870,11012,925,701,1388,159,857,1530,5822,1821,16953,67992
,,,,,,,,871,11981,981,743,1472,168,908,1626,6159,1939,19094,75454
,,,,,,,,872,13811,1102,835,1654,189,1020,1826,6923,2176,20010,79372
,,,,,,,,873,14768,1201,909,1801,206,1112,1986,7555,2364,19718,78397
,,,,,,,,874,14923,1233,933,1849,211,1142,2035,7771,2419,19219,75867
,,,,,,,,875,14880,1248,945,1873,214,1157,2061,7871,2449,18843,73927
,,,,,,,,876,14830,1254,949,1881,215,1162,2069,7912,2458,18438,72040
,,,,,,,,877,14715,1249,946,1874,214,1158,2061,7886,2448,18053,70466
,,,,,,,,878,14444,1232,933,1848,211,1142,2032,7776,2413,17761,69170
,,,,,,,,879,14254,1224,926,1835,210,1134,2018,7726,2395,17554,67986
,,,,,,,,880,14078,1215,920,1822,208,1126,2003,7669,2378,17581,67382
,,,,,,,,881,14051,1211,917,1817,207,1123,1998,7645,2373,18052,68186
,,,,,,,,882,14544,1231,932,1846,211,1141,2031,7762,2413,19466,71515
,,,,,,,,883,15777,1293,979,1940,222,1199,2134,8159,2535,20289,75526
,,,,,,,,884,16009,1340,1015,2010,230,1242,2212,8455,2627,19992,75651
,,,,,,,,885,15566,1318,998,1977,226,1222,2176,8313,2585,19512,74669
,,,,,,,,886,14915,1278,968,1918,219,1185,2109,8069,2504,18581,72022
,,,,,,,,887,13839,1210,916,1816,207,1122,1997,7638,2371,17190,68110
,,,,,,,,888,12580,1117,846,1676,191,1036,1844,7049,2190,15936,63940
,,,,,,,,889,11430,1021,773,1531,175,946,1685,6435,2002,15086,61012
,,,,,,,,890,10703,953,722,1430,163,883,1574,6010,1871,14628,59638
,,,,,,,,891,10332,915,692,1372,157,848,1510,5766,1795,14482,59013
,,,,,,,,892,10187,893,676,1340,153,828,1475,5629,1754,14543,59337
,,,,,,,,893,10194,883,668,1324,151,818,1458,5562,1734,14955,61058
,,,,,,,,894,10515,896,678,1344,153,830,1480,5640,1761,16131,65359
,,,,,,,,895,11567,954,722,1430,163,883,1578,5992,1880,18244,72528
,,,,,,,,896,13437,1084,821,1626,186,1004,1794,6812,2138,19119,76593
,,,,,,,,897,14392,1187,899,1780,203,1099,1962,7468,2335,18860,75562
,,,,,,,,898,14514,1217,922,1826,209,1128,2010,7674,2390,18491,73773
,,,,,,,,899,14564,1237,936,1856,212,1146,2042,7798,2427,18286,72674
,,,,,,,,900,14577,1246,943,1868,213,1154,2056,7855,2443,18027,71464
,,,,,,,,901,14548,1247,944,1871,214,1156,2058,7868,2446,17790,70448
,,,,,,,,902,14394,1240,939,1861,213,1150,2047,7823,2432,17564,69521
,,,,,,,,903,14304,1237,937,1856,212,1147,2042,7806,2425,17403,68653
,,,,,,,,904,14210,1236,936,1854,212,1146,2040,7797,2424,17519,68312
,,,,,,,,905,14297,1240,939,1861,213,1149,2048,7820,2434,18087,70704
,,,,,,,,906,14852,1263,956,1895,216,1170,2086,7958,2481,19550,72721
,,,,,,,,907,16021,1325,1003,1988,227,1228,2189,8351,2602,20228,76187
,,,,,,,,908,16199,1365,1034,2048,234,1265,2255,8602,2681,19957,75876
,,,,,,,,909,15837,1341,1015,2012,230,1242,2215,8447,2634,19530,74851
,,,,,,,,910,15289,1301,985,1952,223,1206,2148,8203,2553,18598,72410
,,,,,,,,911,14308,1234,934,1852,211,1144,2038,7779,2423,17273,68521
,,,,,,,,912,13028,1143,865,1715,196,1059,1888,7202,2245,16020,64675
,,,,,,,,913,11912,1049,795,1574,180,972,1735,6604,2065,15194,62075
,,,,,,,,914,11217,984,745,1476,169,911,1627,6190,1937,14796,60661
,,,,,,,,915,10899,949,718,1424,163,879,1569,5971,1868,14683,60160
,,,,,,,,916,10799,930,704,1395,159,861,1538,5849,1832,14754,60664
,,,,,,,,917,10845,924,699,1386,158,855,1528,5810,1820,15193,62245
,,,,,,,,918,11199,939,711,1409,161,869,1554,5902,1852,16382,66376
,,,,,,,,919,12248,999,756,1498,171,924,1655,6263,1976,18544,73570
,,,,,,,,920,14201,1130,856,1695,194,1046,1873,7087,2236,19568,77443
,,,,,,,,921,15189,1231,932,1847,211,1140,2038,7732,2430,19597,76965
,,,,,,,,922,15323,1268,960,1902,217,1174,2097,7978,2496,19488,76395
,,,,,,,,923,15301,1288,975,1932,221,1193,2129,8104,2534,19426,76104
,,,,,,,,924,15198,1294,980,1941,222,1199,2138,8148,2544,19429,75543
,,,,,,,,925,15032,1288,975,1932,221,1193,2128,8113,2532,19352,75087
,,,,,,,,926,14783,1281,970,1922,220,1187,2117,8070,2518,19444,74739
,,,,,,,,927,14682,1284,972,1926,220,1190,2121,8091,2523,19489,74412
,,,,,,,,928,14635,1287,974,1930,221,1192,2126,8106,2528,19722,74472
,,,,,,,,929,14844,1296,981,1944,222,1201,2141,8162,2547,20336,75577
,,,,,,,,930,15513,1326,1004,1990,227,1228,2192,8348,2609,21560,78229
,,,,,,,,931,16566,1385,1049,2078,237,1283,2289,8722,2723,21745,80669
,,,,,,,,932,16590,1405,1064,2107,241,1301,2321,8845,2761,21260,80135
,,,,,,,,933,16152,1374,1040,2061,235,1272,2271,8647,2702,20702,78803
,,,,,,,,934,15555,1328,1006,1993,228,1231,2194,8370,2608,19676,76030
,,,,,,,,935,14511,1264,957,1896,217,1171,2088,7965,2483,18216,71653
,,,,,,,,936,13139,1171,887,1757,201,1085,1934,7376,2301,16852,67334
,,,,,,,,937,11951,1070,810,1606,183,992,1769,6741,2104,15927,64573
,,,,,,,,938,11180,1003,760,1505,172,929,1658,6317,1972,15461,63034
,,,,,,,,939,10804,965,730,1447,165,893,1594,6073,1897,15289,62692
,,,,,,,,940,10623,944,715,1416,162,874,1561,5943,1857,15322,62933
,,,,,,,,941,10625,936,708,1404,160,867,1547,5890,1841,15736,64679
,,,,,,,,942,10956,950,719,1425,163,880,1571,5975,1871,16972,69110
,,,,,,,,943,12008,1006,761,1509,172,931,1666,6311,1987,19109,76483
,,,,,,,,944,13915,1131,857,1697,194,1047,1874,7101,2235,20009,80302
,,,,,,,,945,14826,1230,932,1846,211,1139,2036,7736,2424,19840,79067
,,,,,,,,946,14851,1258,952,1887,216,1165,2078,7923,2472,19533,77401
,,,,,,,,947,14795,1266,959,1899,217,1173,2091,7978,2487,19268,76186
,,,,,,,,948,14700,1272,963,1908,218,1179,2100,8018,2495,18912,74679
,,,,,,,,949,14538,1266,958,1898,217,1173,2089,7981,2482,18501,73249
,,,,,,,,950,14285,1251,947,1877,214,1160,2065,7891,2454,18212,72077
,,,,,,,,951,14148,1243,941,1865,213,1153,2052,7844,2438,17981,70883
,,,,,,,,952,14007,1234,934,1851,211,1144,2037,7785,2420,18067,70490
,,,,,,,,953,14037,1231,932,1847,211,1141,2033,7764,2416,18583,71433
,,,,,,,,954,14511,1253,949,1880,215,1161,2070,7897,2461,19944,74732
,,,,,,,,955,15660,1306,989,1960,224,1211,2157,8236,2564,20867,78935
,,,,,,,,956,15989,1356,1027,2034,232,1257,2239,8549,2662,20652,79098
,,,,,,,,957,15669,1345,1018,2017,230,1246,2221,8473,2640,20321,78298
,,,,,,,,958,15176,1309,991,1963,224,1213,2160,8254,2567,19446,75807
,,,,,,,,959,14229,1244,942,1866,213,1153,2053,7843,2439,18118,71794
,,,,,,,,960,12965,1154,874,1731,198,1069,1905,7275,2265,16814,67527
,,,,,,,,961,11853,1061,803,1591,182,983,1752,6682,2083,15930,64536
,,,,,,,,962,11162,995,753,1493,170,922,1644,6269,1955,15492,63154
,,,,,,,,963,10815,958,725,1437,164,887,1583,6034,1883,15328,62709
,,,,,,,,964,10657,938,710,1407,161,869,1550,5905,1844,15363,62915
,,,,,,,,965,10682,929,703,1393,159,860,1535,5847,1826,15747,64597
,,,,,,,,966,11017,941,713,1412,161,872,1557,5924,1853,16969,68814
,,,,,,,,967,12005,995,753,1492,171,921,1648,6245,1965,19097,75953
,,,,,,,,968,13826,1122,849,1683,192,1038,1858,7044,2216,20011,79633
,,,,,,,,969,14767,1218,922,1826,209,1127,2014,7655,2399,19744,78807
,,,,,,,,970,14797,1249,946,1874,214,1157,2064,7868,2455,19315,77159
,,,,,,,,971,14683,1261,955,1892,216,1169,2084,7946,2479,19003,75972
,,,,,,,,972,14557,1267,959,1900,217,1174,2092,7983,2487,18689,74899
,,,,,,,,973,14374,1265,958,1898,217,1172,2089,7975,2484,18374,73854
,,,,,,,,974,14090,1249,945,1873,214,1157,2062,7871,2451,18174,73248
,,,,,,,,975,13939,1242,940,1863,213,1151,2050,7831,2437,18075,72893
,,,,,,,,976,13832,1234,934,1851,211,1143,2037,7778,2422,18296,73013
,,,,,,,,977,13834,1236,936,1854,212,1145,2042,7789,2428,18888,74381
,,,,,,,,978,14297,1260,954,1891,216,1168,2083,7938,2477,20029,76776
,,,,,,,,979,15311,1311,993,1967,225,1215,2166,8262,2576,20293,78292
,,,,,,,,980,15332,1333,1009,1999,228,1235,2201,8394,2618,19729,77037
,,,,,,,,981,14859,1298,982,1947,222,1202,2144,8172,2551,19210,75515
,,,,,,,,982,14332,1258,953,1888,216,1166,2078,7932,2470,18470,73148
,,,,,,,,983,13564,1202,910,1804,206,1114,1985,7579,2360,17394,69987
,,,,,,,,984,12568,1138,861,1707,195,1054,1879,7168,2235,16243,66253
,,,,,,,,985,11578,1057,800,1586,181,979,1748,6653,2081,15348,63459
,,,,,,,,986,10783,989,749,1484,169,916,1635,6224,1947,14814,61869
,,,,,,,,987,10371,949,718,1423,163,879,1569,5971,1867,14536,61304
,,,,,,,,988,10091,923,699,1385,158,855,1527,5805,1818,14455,61261
,,,,,,,,989,9983,908,688,1363,156,841,1502,5713,1789,14563,61897
,,,,,,,,990,10065,909,688,1363,156,841,1504,5710,1791,15039,63915
,,,,,,,,991,10454,927,701,1390,159,858,1534,5818,1829,15808,66753
,,,,,,,,992,11129,971,735,1456,166,898,1608,6094,1918,16468,69916
,,,,,,,,993,11961,1023,775,1535,175,947,1695,6424,2022,17436,72460
,,,,,,,,994,12975,1093,827,1639,187,1011,1810,6862,2158,18186,74705
,,,,,,,,995,13782,1156,875,1733,198,1070,1913,7259,2280,18551,75279
,,,,,,,,996,14175,1200,909,1800,206,1111,1985,7548,2363,18521,74992
,,,,,,,,997,14268,1213,918,1820,208,1123,2006,7628,2390,18408,74440
,,,,,,,,998,14154,1209,915,1814,207,1120,1999,7606,2380,18231,73469
,,,,,,,,999,13961,1203,911,1805,206,1114,1989,7570,2367,18073,72743
,,,,,,,,1000,13783,1196,906,1794,205,1108,1977,7527,2353,18065,73042
,,,,,,,,1001,13726,1193,903,1789,204,1105,1972,7506,2347,18518,74462
,,,,,,,,1002,14114,1210,916,1814,207,1120,2000,7609,2381,19493,77289
,,,,,,,,1003,15202,1267,959,1901,217,1174,2095,7975,2493,20205,81635
,,,,,,,,1004,15414,1313,994,1969,225,1216,2170,8260,2583,20073,82564
,,,,,,,,1005,14941,1295,981,1943,222,1200,2142,8150,2549,19698,81829
,,,,,,,,1006,14456,1267,959,1901,217,1174,2095,7972,2495,19129,80314
,,,,,,,,1007,13803,1224,926,1835,210,1133,2023,7698,2408,18403,77685
,,,,,,,,1008,12947,1164,882,1747,200,1078,1926,7320,2294,17499,74921
,,,,,,,,1009,12079,1095,829,1643,188,1014,1814,6879,2162,16879,72792
,,,,,,,,1010,11432,1040,787,1559,178,962,1721,6528,2052,16497,71400
,,,,,,,,1011,11114,1003,759,1505,172,928,1661,6300,1980,16462,70741
,,,,,,,,1012,10979,982,743,1473,168,909,1626,6164,1939,16465,70711
,,,,,,,,1013,10967,972,736,1459,167,900,1611,6104,1921,16558,71126
,,,,,,,,1014,11117,973,736,1459,167,900,1611,6104,1921,16898,72226
,,,,,,,,1015,11448,987,747,1481,169,913,1636,6194,1951,17429,74140
,,,,,,,,1016,11945,1018,771,1527,175,942,1687,6381,2014,17809,76089
,,,,,,,,1017,12556,1049,794,1574,180,971,1740,6577,2077,18395,77083
,,,,,,,,1018,13456,1109,840,1663,190,1026,1838,6953,2193,18846,77642
,,,,,,,,1019,14145,1164,882,1747,200,1078,1929,7307,2301,19132,76854
,,,,,,,,1020,14499,1199,907,1798,205,1110,1984,7532,2363,19265,75653
,,,,,,,,1021,14596,1218,922,1827,209,1127,2015,7653,2401,19261,74587
,,,,,,,,1022,14561,1226,928,1838,210,1135,2027,7706,2414,18922,73112
,,,,,,,,1023,14401,1223,926,1834,210,1132,2022,7693,2407,18826,71525
,,,,,,,,1024,14261,1218,922,1828,209,1128,2014,7667,2397,18895,70791
,,,,,,,,1025,14366,1222,925,1833,209,1132,2020,7688,2404,19361,71686
,,,,,,,,1026,14948,1242,941,1864,213,1151,2055,7815,2446,20671,74673
,,,,,,,,1027,16353,1317,997,1975,226,1219,2177,8285,2591,21632,79877
,,,,,,,,1028,16930,1380,1045,2070,237,1278,2281,8686,2714,21601,81308
,,,,,,,,1029,16605,1365,1034,2048,234,1264,2256,8592,2685,21110,80428
,,,,,,,,1030,16017,1332,1009,1998,228,1234,2202,8383,2621,20170,78091
,,,,,,,,1031,15040,1273,964,1909,218,1179,2105,8005,2506,18943,74968
,,,,,,,,1032,13884,1194,904,1791,205,1105,1975,7504,2353,17842,71856
,,,,,,,,1033,12780,1103,835,1655,189,1022,1824,6942,2172,16860,69304
,,,,,,,,1034,12079,1037,785,1556,178,961,1715,6525,2042,16391,68269
,,,,,,,,1035,11741,999,756,1499,171,925,1652,6286,1967,16299,68278
,,,,,,,,1036,11608,979,741,1469,168,907,1619,6157,1929,16406,69684
,,,,,,,,1037,11630,972,736,1457,166,900,1607,6109,1914,16800,71210
,,,,,,,,1038,11946,984,745,1476,169,911,1628,6184,1940,18062,75885
,,,,,,,,1039,12837,1041,788,1561,178,963,1726,6522,2061,20224,83521
,,,,,,,,1040,14691,1164,881,1746,200,1077,1930,7294,2304,21055,86765
,,,,,,,,1041,15647,1252,948,1879,215,1159,2074,7865,2472,20789,84693
,,,,,,,,1042,15742,1288,975,1932,221,1193,2130,8106,2535,20395,81869
,,,,,,,,1043,15698,1304,987,1956,224,1208,2155,8208,2565,20059,79804
,,,,,,,,1044,15623,1312,994,1969,225,1216,2168,8268,2578,19630,77765
,,,,,,,,1045,15491,1310,992,1965,225,1214,2164,8255,2572,19233,76128
,,,,,,,,1046,15198,1295,980,1942,222,1200,2138,8160,2542,18853,74616
,,,,,,,,1047,14980,1281,970,1922,220,1187,2115,8078,2514,18551,73377
,,,,,,,,1048,14792,1269,961,1904,218,1176,2096,8004,2490,18550,72802
,,,,,,,,1049,14755,1267,960,1901,217,1174,2093,7989,2488,19031,73771
,,,,,,,,1050,15159,1285,973,1927,220,1190,2122,8092,2524,20366,76735
,,,,,,,,1051,16239,1340,1014,2010,230,1241,2212,8442,2630,21293,80391
,,,,,,,,1052,16607,1396,1057,2094,239,1294,2306,8798,2742,21017,80201
,,,,,,,,1053,16258,1375,1041,2062,236,1274,2271,8659,2701,20562,78986
,,,,,,,,1054,15720,1332,1009,1999,228,1235,2199,8402,2613,19579,76234
,,,,,,,,1055,14723,1272,963,1908,218,1179,2099,8019,2495,18120,71907
,,,,,,,,1056,13416,1181,894,1772,202,1095,1950,7446,2318,16812,67611
,,,,,,,,1057,12259,1082,819,1624,185,1003,1788,6816,2127,15824,64292
,,,,,,,,1058,11504,1008,763,1512,173,933,1665,6345,1981,15278,62612
,,,,,,,,1059,11119,964,730,1446,165,893,1593,6070,1896,15106,61664
,,,,,,,,1060,10964,941,712,1411,161,871,1555,5921,1851,15091,61505
,,,,,,,,1061,10954,930,704,1395,159,862,1538,5854,1830,15419,62993
,,,,,,,,1062,11264,940,712,1411,161,871,1555,5915,1852,16625,67156
,,,,,,,,1063,12223,996,754,1493,171,921,1649,6247,1967,18629,74102
,,,,,,,,1064,14090,1123,850,1684,193,1039,1860,7047,2218,19566,77712
,,,,,,,,1065,15018,1220,924,1830,209,1130,2018,7670,2404,19587,77291
,,,,,,,,1066,15104,1254,950,1882,215,1162,2072,7901,2465,19470,76500
,,,,,,,,1067,15093,1270,961,1905,218,1176,2097,8000,2493,19342,75963
,,,,,,,,1068,15059,1277,967,1916,219,1184,2108,8053,2505,18936,74412
,,,,,,,,1069,14939,1279,968,1918,219,1185,2110,8065,2507,18475,73170
,,,,,,,,1070,14745,1261,955,1892,216,1169,2081,7955,2472,18121,72259
,,,,,,,,1071,14636,1258,953,1888,216,1166,2076,7940,2465,17810,71533
,,,,,,,,1072,14547,1253,948,1879,215,1161,2067,7905,2455,18006,71477
,,,,,,,,1073,14550,1250,946,1875,214,1158,2062,7884,2450,18569,72508
,,,,,,,,1074,14903,1271,963,1907,218,1178,2099,8015,2495,19762,74799
,,,,,,,,1075,15908,1323,1002,1985,227,1226,2184,8345,2595,20321,77006
,,,,,,,,1076,16167,1359,1029,2039,233,1260,2243,8571,2666,19836,76124
,,,,,,,,1077,15723,1327,1005,1991,227,1230,2191,8366,2604,19366,74650
,,,,,,,,1078,15136,1283,972,1925,220,1190,2117,8098,2515,18399,71875
,,,,,,,,1079,14140,1219,923,1828,209,1130,2011,7691,2389,17010,67630
,,,,,,,,1080,12863,1131,856,1697,194,1048,1867,7136,2218,15730,63481
,,,,,,,,1081,11749,1037,785,1556,178,961,1712,6537,2035,14844,60579
,,,,,,,,1082,10981,968,733,1453,166,897,1599,6104,1901,14397,59107
,,,,,,,,1083,10580,928,703,1392,159,860,1533,5848,1822,14216,58368
,,,,,,,,1084,10379,907,687,1360,155,840,1498,5713,1782,14220,58522
,,,,,,,,1085,10351,897,679,1346,154,831,1482,5652,1763,14491,59852
,,,,,,,,1086,10617,908,688,1363,156,841,1502,5719,1787,15682,63963
,,,,,,,,1087,11617,962,728,1442,165,890,1592,6040,1897,17710,70888
,,,,,,,,1088,13432,1082,819,1624,186,1002,1792,6799,2136,18758,74619
,,,,,,,,1089,14464,1185,897,1777,203,1097,1959,7453,2332,18981,73859
,,,,,,,,1090,14669,1226,929,1840,210,1136,2025,7731,2407,19045,72444
,,,,,,,,1091,14753,1254,949,1881,215,1162,2070,7905,2460,19097,71250
,,,,,,,,1092,14784,1270,961,1905,218,1177,2095,8009,2489,18986,70304
,,,,,,,,1093,14743,1272,963,1908,218,1179,2098,8024,2492,18732,69319
,,,,,,,,1094,14563,1263,956,1894,216,1170,2083,7967,2474,18501,68193
,,,,,,,,1095,14493,1260,954,1890,216,1168,2079,7953,2469,18196,67397
,,,,,,,,1096,14416,1256,951,1884,215,1164,2072,7927,2461,18142,66925
,,,,,,,,1097,14433,1262,956,1893,216,1170,2083,7962,2474,18610,67968
,,,,,,,,1098,14848,1280,969,1920,219,1186,2113,8069,2511,19711,70600
,,,,,,,,1099,15762,1327,1005,1991,227,1230,2190,8371,2602,20466,74095
,,,,,,,,1100,15972,1357,1027,2035,232,1258,2239,8558,2661,20107,73898
,,,,,,,,1101,15562,1332,1009,1999,228,1235,2199,8401,2614,19711,72883
,,,,,,,,1102,14940,1294,980,1941,222,1199,2135,8166,2535,18818,70440
,,,,,,,,1103,13947,1230,931,1845,211,1140,2029,7761,2410,17553,66513
,,,,,,,,1104,12664,1141,864,1712,196,1058,1884,7201,2238,16323,62185
,,,,,,,,1105,11532,1046,792,1569,179,969,1727,6591,2053,15376,59162
,,,,,,,,1106,10804,976,739,1465,167,905,1613,6152,1918,14944,57478
,,,,,,,,1107,10446,938,710,1406,161,869,1549,5907,1842,14807,56676
,,,,,,,,1108,10297,916,694,1375,157,849,1514,5771,1801,14821,56602
,,,,,,,,1109,10357,910,689,1366,156,843,1505,5733,1790,15176,57819
,,,,,,,,1110,10682,922,698,1383,158,854,1524,5802,1815,16278,61771
,,,,,,,,1111,11721,977,740,1465,167,904,1618,6134,1929,18268,68459
,,,,,,,,1112,13538,1097,831,1646,188,1015,1816,6889,2166,19353,72487
,,,,,,,,1113,14465,1194,904,1791,205,1106,1974,7510,2350,19408,72492
,,,,,,,,1114,14596,1239,938,1859,212,1148,2047,7810,2433,19416,72307
,,,,,,,,1115,14659,1257,952,1886,215,1165,2076,7925,2467,19496,72271
,,,,,,,,1116,14607,1274,964,1911,218,1180,2102,8033,2497,19467,71896
,,,,,,,,1117,14551,1280,969,1920,219,1186,2112,8074,2509,19382,71348
,,,,,,,,1118,14451,1280,969,1919,219,1186,2111,8073,2508,19294,70840
,,,,,,,,1119,14460,1285,973,1928,220,1192,2120,8112,2518,19242,70261
,,,,,,,,1120,14435,1285,973,1927,220,1191,2119,8106,2517,19431,70093
,,,,,,,,1121,14561,1292,978,1937,221,1197,2131,8147,2532,19843,70897
,,,,,,,,1122,15142,1322,1001,1983,227,1225,2182,8334,2594,20691,72837
,,,,,,,,1123,15966,1360,1029,2040,233,1260,2244,8575,2667,20872,74687
,,,,,,,,1124,16018,1370,1037,2054,235,1269,2261,8636,2686,20327,74388
,,,,,,,,1125,15580,1341,1015,2011,230,1242,2214,8451,2631,19745,73040
,,,,,,,,1126,14976,1298,983,1947,222,1203,2142,8191,2544,18674,70151
,,,,,,,,1127,13972,1231,932,1846,211,1141,2031,7765,2412,17264,66317
,,,,,,,,1128,12686,1138,862,1707,195,1055,1878,7178,2231,15932,62224
,,,,,,,,1129,11508,1041,788,1561,178,965,1718,6566,2041,14916,59059
,,,,,,,,1130,10717,968,733,1452,166,897,1598,6107,1899,14344,57576
,,,,,,,,1131,10268,925,700,1388,158,857,1527,5835,1815,14064,56653
,,,,,,,,1132,10042,901,682,1351,154,835,1487,5678,1768,14023,56757
,,,,,,,,1133,9997,891,675,1337,153,826,1471,5617,1749,14325,58246
,,,,,,,,1134,10237,899,681,1349,154,833,1485,5664,1767,15343,62373
,,,,,,,,1135,11158,951,720,1427,163,881,1574,5979,1875,17163,68905
,,,,,,,,1136,12890,1066,807,1600,183,987,1765,6703,2102,18114,72621
,,,,,,,,1137,13924,1160,878,1739,199,1074,1916,7300,2280,18293,72355
,,,,,,,,1138,14228,1201,909,1801,206,1113,1982,7572,2355,18144,71205
,,,,,,,,1139,14348,1221,925,1832,209,1132,2015,7703,2394,18028,69947
,,,,,,,,1140,14364,1231,932,1847,211,1141,2031,7770,2412,17783,68752
,,,,,,,,1141,14269,1230,931,1845,211,1140,2028,7762,2408,17479,67396
,,,,,,,,1142,14034,1222,925,1833,209,1133,2016,7714,2394,17271,66466
,,,,,,,,1143,13885,1218,922,1827,209,1129,2008,7687,2384,17058,65159
,,,,,,,,1144,13731,1215,920,1823,208,1127,2004,7670,2380,17024,64367
,,,,,,,,1145,13679,1214,919,1822,208,1126,2004,7662,2380,17378,64578
,,,,,,,,1146,13976,1233,933,1849,211,1143,2035,7775,2418,18338,66309
,,,,,,,,1147,14776,1265,958,1898,217,1172,2088,7979,2480,19259,69722
,,,,,,,,1148,15061,1302,986,1953,223,1207,2148,8212,2552,18890,70145
,,,,,,,,1149,14648,1275,965,1912,218,1181,2104,8040,2500,18526,69347
,,,,,,,,1150,14158,1237,936,1856,212,1147,2040,7808,2423,17925,67856
,,,,,,,,1151,13442,1188,899,1782,203,1101,1959,7496,2326,16964,65126
,,,,,,,,1152,12475,1121,848,1681,192,1039,1849,7072,2195,15901,61851
,,,,,,,,1153,11552,1045,791,1568,179,969,1727,6587,2053,15138,59374
,,,,,,,,1154,10786,978,740,1467,167,906,1615,6160,1921,14634,57853
,,,,,,,,1155,10393,936,709,1404,160,867,1546,5898,1838,14427,57169
,,,,,,,,1156,10185,911,689,1366,156,844,1505,5736,1790,14364,57152
,,,,,,,,1157,10101,898,680,1348,154,832,1485,5658,1767,14514,57848
,,,,,,,,1158,10187,899,681,1349,154,833,1487,5660,1770,14947,59445
,,,,,,,,1159,10598,919,696,1379,157,851,1520,5778,1811,15701,62346
,,,,,,,,1160,11225,960,727,1440,164,889,1588,6036,1891,16223,64759
,,,,,,,,1161,11939,1000,757,1500,171,926,1655,6289,1971,16652,66140
,,,,,,,,1162,12787,1059,802,1588,181,980,1752,6658,2086,16773,66065
,,,,,,,,1163,13311,1106,837,1659,190,1024,1829,6957,2178,16702,65385
,,,,,,,,1164,13461,1133,858,1699,194,1049,1872,7132,2227,16471,64001
,,,,,,,,1165,13391,1140,863,1710,195,1056,1885,7176,2243,16126,62570
,,,,,,,,1166,13141,1134,859,1701,194,1050,1874,7141,2229,15746,60945
,,,,,,,,1167,12825,1122,849,1683,192,1039,1853,7065,2204,15597,59757
,,,,,,,,1168,12645,1115,844,1673,191,1033,1842,7026,2191,15561,59136
,,,,,,,,1169,12686,1116,845,1674,191,1034,1844,7032,2192,16079,59895
,,,,,,,,1170,13075,1131,856,1697,194,1048,1869,7124,2223,17117,61728
,,,,,,,,1171,14156,1189,900,1784,204,1102,1964,7491,2336,18037,65812
,,,,,,,,1172,14597,1239,938,1859,212,1148,2047,7808,2435,17922,66844
,,,,,,,,1173,14178,1220,924,1830,209,1130,2016,7686,2397,17573,66081
,,,,,,,,1174,13731,1186,898,1779,203,1099,1959,7470,2330,17040,64595
,,,,,,,,1175,13102,1143,866,1715,196,1059,1889,7204,2246,16224,62174
,,,,,,,,1176,12208,1088,824,1632,186,1008,1798,6849,2139,15312,59365
,,,,,,,,1177,11326,1021,773,1532,175,946,1688,6428,2009,14505,56738
,,,,,,,,1178,10638,965,730,1447,165,894,1595,6073,1898,14058,55402
,,,,,,,,1179,10279,925,701,1388,159,857,1530,5825,1821,13846,54914
,,,,,,,,1180,10067,900,682,1351,154,834,1489,5665,1773,13788,54872
,,,,,,,,1181,9990,887,671,1330,152,821,1467,5578,1746,13901,55266
,,,,,,,,1182,10070,885,670,1328,152,820,1464,5567,1743,14263,56586
,,,,,,,,1183,10367,900,681,1350,154,833,1489,5657,1774,14803,58726
,,,,,,,,1184,10738,927,702,1391,159,859,1535,5829,1828,15169,60821
,,,,,,,,1185,11282,954,722,1431,163,883,1579,5993,1881,15811,63359
,,,,,,,,1186,12067,1005,761,1507,172,930,1663,6315,1982,16257,65048
,,,,,,,,1187,12631,1051,796,1577,180,974,1740,6610,2072,16358,65466
,,,,,,,,1188,12845,1080,818,1620,185,1000,1785,6796,2124,16298,65345
,,,,,,,,1189,12895,1099,832,1649,188,1018,1817,6916,2163,16188,65118
,,,,,,,,1190,12778,1102,835,1654,189,1021,1822,6940,2168,15953,64537
,,,,,,,,1191,12530,1097,830,1645,188,1016,1812,6908,2156,15732,64097
,,,,,,,,1192,12335,1089,825,1634,187,1009,1799,6860,2140,15698,64477
,,,,,,,,1193,12347,1088,824,1632,186,1008,1797,6852,2138,16219,65796
,,,,,,,,1194,12749,1101,833,1651,189,1020,1819,6932,2164,17407,68339
,,,,,,,,1195,13988,1160,878,1741,199,1075,1917,7309,2280,18578,72026
,,,,,,,,1196,14747,1232,933,1848,211,1141,2035,7761,2419,18491,72823
,,,,,,,,1197,14410,1220,924,1830,209,1130,2015,7687,2396,18184,71759
,,,,,,,,1198,13941,1194,904,1791,205,1106,1972,7523,2345,17576,69864
,,,,,,,,1199,13206,1152,872,1729,197,1068,1904,7259,2264,16703,67006
,,,,,,,,1200,12288,1092,827,1638,187,1011,1805,6874,2148,15760,64401
,,,,,,,,1201,11356,1024,775,1535,175,948,1691,6447,2011,14958,61956
,,,,,,,,1202,10779,971,735,1456,166,899,1604,6113,1908,14603,60993
,,,,,,,,1203,10446,935,708,1403,160,866,1545,5888,1838,14463,60725
,,,,,,,,1204,10262,914,692,1371,157,846,1511,5752,1798,14534,61354
,,,,,,,,1205,10292,907,687,1361,155,840,1499,5708,1784,14880,62918
,,,,,,,,1206,10571,920,696,1380,158,852,1521,5789,1810,15814,66379
,,,,,,,,1207,11310,959,726,1439,164,888,1587,6028,1891,17134,71369
,,,,,,,,1208,12383,1030,779,1544,176,953,1704,6470,2030,18059,74630
,,,,,,,,1209,13232,1088,824,1632,186,1008,1799,6846,2141,18611,75592
,,,,,,,,1210,13929,1146,868,1720,196,1062,1893,7224,2251,18818,75031
,,,,,,,,1211,14395,1189,900,1784,204,1102,1963,7494,2334,18739,74357
,,,,,,,,1212,14573,1214,919,1821,208,1125,2003,7653,2380,18390,72932
,,,,,,,,1213,14542,1220,924,1830,209,1131,2014,7696,2392,17972,71601
,,,,,,,,1214,14314,1207,914,1810,207,1118,1991,7611,2366,17632,70006
,,,,,,,,1215,14082,1194,904,1791,205,1107,1970,7532,2340,17348,68518
,,,,,,,,1216,13955,1184,896,1776,203,1097,1954,7468,2322,17341,67581
,,,,,,,,1217,13968,1180,893,1770,202,1094,1948,7441,2316,17781,67998
,,,,,,,,1218,14446,1195,905,1793,205,1107,1974,7531,2347,18953,70647
,,,,,,,,1219,15543,1239,938,1858,212,1148,2046,7809,2432,20192,75387
,,,,,,,,1220,16056,1311,993,1967,225,1215,2164,8269,2572,19980,76529
,,,,,,,,1221,15623,1298,983,1948,222,1203,2143,8187,2547,19650,75920
,,,,,,,,1222,15016,1268,960,1901,217,1175,2093,7990,2487,18835,73649
,,,,,,,,1223,14088,1213,918,1819,208,1124,2002,7641,2381,17632,70247
,,,,,,,,1224,12942,1143,866,1715,196,1059,1889,7204,2246,16524,66445
,,,,,,,,1225,11898,1059,802,1589,181,981,1750,6669,2082,15736,63785
,,,,,,,,1226,11223,997,755,1496,171,924,1648,6280,1961,15434,62571
,,,,,,,,1227,10878,962,728,1443,165,891,1590,6057,1892,15349,62263
,,,,,,,,1228,10741,941,713,1412,161,872,1556,5924,1852,15477,62705
,,,,,,,,1229,10791,935,708,1402,160,866,1546,5883,1840,15949,64445
,,,,,,,,1230,11124,949,718,1423,163,879,1570,5967,1869,17202,68765
,,,,,,,,1231,12055,1002,759,1503,172,927,1660,6286,1981,19207,75730
,,,,,,,,1232,13572,1103,835,1654,189,1020,1827,6918,2179,19932,78744
,,,,,,,,1233,14514,1184,896,1776,203,1096,1959,7442,2334,19604,77431
,,,,,,,,1234,14809,1235,935,1852,212,1144,2041,7776,2427,19163,75426
,,,,,,,,1235,14847,1258,953,1888,216,1166,2079,7927,2472,18869,74353
,,,,,,,,1236,14796,1270,962,1906,218,1177,2097,8008,2493,18628,73346
,,,,,,,,1237,14657,1267,959,1900,217,1174,2091,7986,2485,18441,72645
,,,,,,,,1238,14418,1259,953,1889,216,1167,2078,7940,2469,18346,71746
,,,,,,,,1239,14315,1261,955,1892,216,1169,2081,7957,2472,18179,70384
,,,,,,,,1240,14299,1260,954,1889,216,1167,2078,7946,2469,18441,69709
,,,,,,,,1241,14385,1260,954,1891,216,1168,2080,7948,2472,18984,70247
,,,,,,,,1242,14854,1289,976,1934,221,1194,2129,8124,2531,19920,72198
,,,,,,,,1243,15838,1335,1011,2003,229,1238,2205,8419,2620,20571,75096
,,,,,,,,1244,16095,1357,1027,2036,233,1257,2241,8554,2663,20109,74954
,,,,,,,,1245,15615,1324,1003,1987,227,1227,2187,8345,2601,19533,73475
,,,,,,,,1246,14939,1280,969,1921,219,1187,2113,8077,2510,18515,70538
,,,,,,,,1247,13931,1214,919,1822,208,1126,2004,7659,2382,17119,66251
,,,,,,,,1248,12650,1135,860,1703,195,1052,1874,7159,2228,15786,61649
,,,,,,,,1249,11517,1040,787,1560,178,964,1717,6557,2040,14751,58697
,,,,,,,,1250,10749,969,734,1454,166,898,1600,6109,1902,14264,57139
,,,,,,,,1251,10329,927,702,1391,159,859,1531,5846,1820,14024,56292
,,,,,,,,1252,10137,903,683,1354,155,836,1491,5689,1773,14004,56516
,,,,,,,,1253,10098,891,674,1337,153,825,1472,5613,1750,14415,57951
,,,,,,,,1254,10382,899,681,1349,154,833,1486,5661,1768,15584,62187
,,,,,,,,1255,11259,947,717,1420,162,876,1567,5947,1868,17528,68911
,,,,,,,,1256,12705,1044,791,1566,179,967,1728,6561,2060,18323,72342
,,,,,,,,1257,13686,1125,852,1688,193,1042,1860,7084,2214,18236,71335
,,,,,,,,1258,13999,1175,889,1762,201,1089,1939,7409,2303,17976,69791
,,,,,,,,1259,14069,1203,911,1805,206,1115,1986,7592,2359,17762,68439
,,,,,,,,1260,14087,1220,924,1830,209,1131,2012,7703,2389,17513,67333
,,,,,,,,1261,14023,1220,924,1830,209,1131,2012,7704,2388,17124,66460
,,,,,,,,1262,13800,1209,915,1814,207,1121,1993,7637,2366,17024,65687
,,,,,,,,1263,13681,1204,911,1806,206,1116,1984,7606,2355,16881,64908
,,,,,,,,1264,13553,1202,910,1804,206,1115,1982,7597,2352,16953,64610
,,,,,,,,1265,13504,1200,909,1800,206,1113,1979,7579,2349,17346,65590
,,,,,,,,1266,13808,1220,924,1831,209,1131,2013,7703,2391,18358,67792
,,,,,,,,1267,14705,1255,950,1882,215,1163,2069,7920,2457,19272,70851
,,,,,,,,1268,15150,1297,982,1946,222,1202,2139,8189,2540,18896,70527
,,,,,,,,1269,14789,1273,964,1910,218,1180,2100,8038,2494,18383,69148
,,,,,,,,1270,14188,1237,937,1856,212,1147,2040,7816,2421,17448,66630
,,,,,,,,1271,13277,1177,891,1766,202,1092,1941,7436,2303,16067,62552
,,,,,,,,1272,12071,1102,834,1653,189,1022,1817,6961,2157,14789,58263
,,,,,,,,1273,10993,1014,768,1521,174,940,1673,6402,1986,13864,55244
,,,,,,,,1274,10258,943,714,1414,161,874,1555,5952,1847,13386,53681
,,,,,,,,1275,9854,901,682,1352,154,835,1487,5688,1765,13169,53065
,,,,,,,,1276,9639,877,664,1316,150,813,1447,5533,1719,13149,53210
,,,,,,,,1277,9621,865,655,1297,148,801,1427,5454,1696,13477,54642
,,,,,,,,1278,9870,874,662,1312,150,810,1444,5513,1717,14601,58799
,,,,,,,,1279,10765,924,700,1387,158,856,1529,5814,1821,16533,65589
,,,,,,,,1280,12255,1023,774,1534,175,947,1691,6432,2014,17334,69006
,,,,,,,,1281,13261,1105,836,1657,189,1024,1825,6960,2171,17292,68670
,,,,,,,,1282,13694,1160,879,1741,199,1076,1914,7324,2273,17221,67959
,,,,,,,,1283,13934,1194,904,1792,205,1107,1970,7539,2340,17256,67522
,,,,,,,,1284,14008,1212,917,1817,207,1123,1998,7650,2372,17129,66987
,,,,,,,,1285,14029,1216,921,1825,208,1128,2005,7682,2380,16961,66257
,,,,,,,,1286,13879,1208,915,1813,207,1120,1992,7631,2364,16841,65784
,,,,,,,,1287,13758,1203,911,1805,206,1116,1984,7602,2354,16629,65131
,,,,,,,,1288,13675,1198,907,1797,205,1111,1975,7566,2343,16694,64864
,,,,,,,,1289,13590,1194,904,1791,204,1107,1969,7539,2337,17143,65360
,,,,,,,,1290,13838,1209,916,1814,207,1121,1995,7633,2369,18006,67023
,,,,,,,,1291,14686,1246,943,1869,213,1155,2055,7865,2440,18963,70037
,,,,,,,,1292,15197,1296,981,1944,222,1202,2137,8183,2537,18670,70101
,,,,,,,,1293,14858,1277,967,1916,219,1184,2107,8064,2502,18210,68596
,,,,,,,,1294,14288,1242,940,1863,213,1152,2047,7845,2430,17252,65910
,,,,,,,,1295,13386,1181,894,1772,202,1095,1947,7462,2311,15897,61886
,,,,,,,,1296,12226,1105,837,1658,189,1025,1822,6980,2162,14682,57649
,,,,,,,,1297,11248,1019,772,1529,175,945,1682,6432,1998,13805,54541
,,,,,,,,1298,10537,954,722,1431,163,884,1574,6018,1871,13366,52696
,,,,,,,,1299,10134,912,691,1369,156,846,1506,5755,1790,13172,51878
,,,,,,,,1300,9947,889,673,1334,152,824,1469,5607,1746,13205,51855
,,,,,,,,1301,9945,882,668,1323,151,817,1457,5560,1732,13541,52957
,,,,,,,,1302,10225,894,677,1342,153,828,1478,5632,1758,14625,56676
,,,,,,,,1303,11086,940,712,1410,161,870,1556,5908,1854,16634,63214
,,,,,,,,1304,12531,1036,784,1553,177,959,1714,6507,2042,17844,67150
,,,,,,,,1305,13658,1132,857,1698,194,1049,1872,7126,2227,18227,68094
,,,,,,,,1306,14355,1203,911,1805,206,1115,1986,7586,2361,18413,68284
,,,,,,,,1307,14745,1247,944,1870,214,1156,2058,7863,2446,18605,68649
,,,,,,,,1308,14981,1276,966,1915,219,1183,2106,8051,2502,18627,68674
,,,,,,,,1309,15064,1289,976,1934,221,1195,2127,8134,2526,18515,68413
,,,,,,,,1310,14968,1287,975,1931,221,1193,2124,8122,2523,18414,68407
,,,,,,,,1311,14941,1286,974,1930,220,1193,2122,8118,2521,18331,68208
,,,,,,,,1312,14909,1283,971,1925,220,1189,2117,8095,2515,18400,68157
,,,,,,,,1313,14910,1284,972,1926,220,1190,2119,8099,2518,18841,68904
,,,,,,,,1314,15247,1301,985,1951,223,1205,2147,8198,2552,19515,70538
,,,,,,,,1315,15740,1328,1005,1992,228,1231,2192,8374,2605,19558,71878
,,,,,,,,1316,15608,1330,1007,1995,228,1233,2195,8386,2609,18918,71297
,,,,,,,,1317,15072,1296,981,1944,222,1201,2140,8170,2544,18389,70036
,,,,,,,,1318,14450,1250,946,1875,214,1159,2062,7886,2450,17619,68192
,,,,,,,,1319,13612,1194,904,1791,204,1106,1969,7531,2339,16621,65116
,,,,,,,,1320,12562,1124,851,1686,192,1042,1855,7089,2203,15578,61743
,,,,,,,,1321,11540,1052,796,1578,180,975,1738,6628,2066,14805,59168
,,,,,,,,1322,10750,987,747,1481,169,914,1630,6219,1939,14281,57517
,,,,,,,,1323,10321,945,715,1417,162,875,1560,5954,1855,14064,56821
,,,,,,,,1324,10064,918,695,1378,157,851,1518,5784,1805,14017,57004
,,,,,,,,1325,9971,902,683,1354,155,836,1491,5682,1774,14122,57706
,,,,,,,,1326,10058,904,684,1355,155,837,1494,5686,1778,14592,59623
,,,,,,,,1327,10444,924,699,1386,158,855,1528,5808,1820,15262,62540
,,,,,,,,1328,10980,961,728,1442,165,890,1589,6044,1893,15757,65115
,,,,,,,,1329,11656,998,756,1497,171,924,1651,6275,1966,16426,67680
,,,,,,,,1330,12518,1059,802,1588,181,980,1751,6658,2085,17028,69339
,,,,,,,,1331,13222,1113,843,1670,191,1031,1841,7005,2192,17357,70077
,,,,,,,,1332,13548,1153,873,1729,198,1068,1905,7259,2266,17337,69626
,,,,,,,,1333,13600,1168,884,1752,200,1082,1930,7355,2297,17194,68714
,,,,,,,,1334,13468,1168,884,1752,200,1082,1930,7358,2295,17003,67356
,,,,,,,,1335,13267,1158,877,1738,198,1073,1913,7299,2275,16901,66147
,,,,,,,,1336,13113,1151,872,1727,197,1067,1901,7255,2260,16974,65470
,,,,,,,,1337,13111,1149,870,1724,197,1065,1898,7242,2256,17405,66164
,,,,,,,,1338,13433,1160,878,1740,199,1075,1916,7309,2278,18223,68177
,,,,,,,,1339,14419,1204,912,1806,206,1116,1989,7589,2364,19438,71993
,,,,,,,,1340,15071,1274,965,1911,218,1181,2104,8030,2502,19319,73504
,,,,,,,,1341,14695,1265,957,1897,217,1172,2088,7970,2483,18941,72635
,,,,,,,,1342,14207,1238,937,1857,212,1147,2045,7802,2431,18335,70952
,,,,,,,,1343,13582,1197,906,1796,205,1109,1977,7544,2350,17423,68239
,,,,,,,,1344,12662,1139,862,1708,195,1055,1881,7172,2238,16444,65381
,,,,,,,,1345,11796,1075,814,1612,184,995,1777,6763,2116,15605,62825
,,,,,,,,1346,11124,1015,768,1522,174,940,1678,6383,1998,15064,61428
,,,,,,,,1347,10750,976,739,1464,167,904,1613,6138,1921,14824,60755
,,,,,,,,1348,10532,948,717,1422,162,877,1568,5959,1867,14723,60698
,,,,,,,,1349,10478,935,708,1402,160,865,1546,5875,1842,14780,61206
,,,,,,,,1350,10565,934,707,1401,160,865,1545,5872,1841,15113,62457
,,,,,,,,1351,10875,946,716,1419,162,876,1566,5943,1866,15529,64650
,,,,,,,,1352,11207,972,736,1458,167,900,1609,6103,1919,15764,65998
,,,,,,,,1353,11727,995,753,1493,171,921,1648,6248,1965,16147,66527
,,,,,,,,1354,12544,1042,789,1563,179,964,1725,6544,2057,16396,66093
,,,,,,,,1355,13111,1082,819,1623,186,1002,1791,6801,2134,16389,64850
,,,,,,,,1356,13365,1110,840,1665,190,1028,1835,6983,2184,16250,63413
,,,,,,,,1357,13473,1125,852,1688,193,1042,1860,7078,2214,16024,62356
,,,,,,,,1358,13412,1123,850,1685,192,1040,1856,7072,2209,15750,60693
,,,,,,,,1359,13167,1114,843,1671,191,1032,1840,7017,2189,15475,59254
,,,,,,,,1360,12927,1102,835,1654,189,1021,1821,6946,2165,15434,58524
,,,,,,,,1361,12928,1100,833,1650,188,1019,1817,6932,2161,15823,58908
,,,,,,,,1362,13328,1114,844,1671,191,1032,1841,7018,2190,16799,61014
,,,,,,,,1363,14442,1164,881,1746,199,1079,1923,7334,2287,18455,66077
,,,,,,,,1364,15476,1256,951,1885,215,1164,2075,7917,2467,18747,69115
,,,,,,,,1365,15156,1262,956,1894,216,1170,2085,7955,2479,18493,68924
,,,,,,,,1366,14599,1237,936,1855,212,1146,2042,7793,2428,17819,67119
,,,,,,,,1367,13698,1185,897,1777,203,1098,1957,7464,2328,16846,64302
,,,,,,,,1368,12616,1113,843,1669,191,1031,1839,7006,2189,15876,61232
,,,,,,,,1369,11623,1039,787,1558,178,962,1716,6545,2041,15019,58707
,,,,,,,,1370,10979,979,741,1469,168,907,1617,6166,1924,14709,57836
,,,,,,,,1371,10692,943,714,1415,162,874,1559,5942,1854,14634,57779
,,,,,,,,1372,10601,924,699,1386,158,856,1527,5817,1817,14763,58334
,,,,,,,,1373,10653,918,695,1378,157,851,1518,5781,1806,15261,60367
,,,,,,,,1374,11027,935,708,1402,160,866,1546,5881,1840,16508,64928
,,,,,,,,1375,12053,994,753,1491,170,920,1647,6238,1964,18494,72111
,,,,,,,,1376,13725,1117,845,1675,191,1033,1849,7010,2205,19227,74961
,,,,,,,,1377,14641,1204,912,1806,206,1115,1991,7572,2371,18881,73700
,,,,,,,,1378,14777,1237,936,1855,212,1146,2042,7791,2428,18446,71727
,,,,,,,,1379,14764,1254,949,1881,215,1162,2070,7904,2461,18191,70511
,,,,,,,,1380,14696,1261,955,1892,216,1169,2081,7954,2473,17854,69034
,,,,,,,,1381,14572,1257,952,1886,215,1165,2074,7932,2464,17546,67723
,,,,,,,,1382,14403,1244,942,1866,213,1153,2052,7848,2437,17292,66642
,,,,,,,,1383,14297,1237,937,1856,212,1147,2041,7810,2423,17093,65624
,,,,,,,,1384,14189,1226,928,1840,210,1137,2023,7741,2402,17167,64930
,,,,,,,,1385,14249,1225,927,1838,210,1135,2021,7728,2401,17502,65057
,,,,,,,,1386,14727,1250,946,1875,214,1159,2064,7883,2452,18205,66578
,,,,,,,,1387,15561,1288,975,1932,221,1194,2125,8124,2525,19335,70288
,,,,,,,,1388,15923,1340,1014,2010,230,1242,2211,8451,2627,19149,71814
,,,,,,,,1389,15476,1323,1001,1984,227,1226,2183,8339,2595,18620,70615
,,,,,,,,1390,14786,1283,971,1924,220,1189,2116,8094,2513,17640,68085
,,,,,,,,1391,13751,1214,919,1821,208,1126,2003,7662,2379,16304,64204
,,,,,,,,1392,12496,1128,854,1693,193,1046,1862,7119,2212,15048,60340
,,,,,,,,1393,11350,1033,782,1550,177,958,1706,6515,2027,14189,57861
,,,,,,,,1394,10613,962,728,1443,165,892,1588,6066,1888,13812,56560
,,,,,,,,1395,10221,922,698,1383,158,854,1522,5810,1809,13683,56326
,,,,,,,,1396,10067,902,683,1353,154,836,1490,5683,1771,13781,56790
,,,,,,,,1397,10061,896,678,1344,153,830,1480,5643,1760,14252,58750
,,,,,,,,1398,10367,909,688,1364,156,842,1503,5726,1788,15477,63320
,,,,,,,,1399,11396,967,732,1450,166,895,1600,6074,1908,17510,70604
,,,,,,,,1400,13062,1085,821,1627,186,1004,1796,6814,2140,18340,73818
,,,,,,,,1401,13980,1178,892,1767,202,1091,1948,7411,2319,18201,72738
,,,,,,,,1402,14180,1220,923,1830,209,1130,2014,7687,2394,17987,71042
,,,,,,,,1403,14272,1237,937,1856,212,1147,2043,7801,2428,17847,69798
,,,,,,,,1404,14257,1244,942,1867,213,1153,2054,7849,2440,17599,68447
,,,,,,,,1405,14170,1243,941,1865,213,1153,2052,7845,2438,17254,67201
,,,,,,,,1406,13956,1230,932,1846,211,1141,2030,7763,2412,17120,66049
,,,,,,,,1407,13855,1222,925,1833,209,1133,2016,7710,2394,16878,65036
,,,,,,,,1408,13746,1214,919,1821,208,1125,2003,7659,2379,16917,64289
,,,,,,,,1409,13741,1215,920,1822,208,1126,2005,7661,2382,17277,64774
,,,,,,,,1410,14081,1232,933,1849,211,1142,2035,7768,2419,18134,66616
,,,,,,,,1411,14955,1261,955,1891,216,1169,2081,7951,2473,19325,70370
,,,,,,,,1412,15712,1326,1004,1990,227,1229,2189,8364,2602,19328,71420
,,,,,,,,1413,15449,1318,998,1977,226,1222,2176,8310,2587,18932,70493
,,,,,,,,1414,14902,1283,972,1925,220,1190,2117,8098,2515,18046,67803
,,,,,,,,1415,13941,1222,925,1833,209,1133,2016,7711,2395,16694,63644
,,,,,,,,1416,12691,1136,860,1704,195,1053,1874,7165,2227,15502,59663
,,,,,,,,1417,11588,1039,787,1558,178,963,1716,6548,2039,14613,56691
,,,,,,,,1418,10866,970,735,1456,166,899,1603,6116,1906,14177,55322
,,,,,,,,1419,10508,931,705,1397,159,863,1538,5867,1829,14046,54785
,,,,,,,,1420,10339,910,689,1365,156,843,1504,5732,1789,14073,54700
,,,,,,,,1421,10326,904,684,1356,155,837,1493,5691,1776,14474,55886
,,,,,,,,1422,10645,918,695,1377,157,850,1518,5779,1807,15635,59535
,,,,,,,,1423,11644,976,739,1464,167,903,1616,6130,1927,17545,66036
,,,,,,,,1424,13309,1096,829,1643,188,1014,1814,6880,2163,18511,69697
,,,,,,,,1425,14305,1188,900,1782,204,1100,1965,7473,2340,18746,69801
,,,,,,,,1426,14564,1234,934,1850,211,1143,2037,7772,2423,18957,69671
,,,,,,,,1427,14680,1261,954,1891,216,1168,2082,7944,2475,19247,69994
,,,,,,,,1428,14783,1282,971,1923,220,1188,2117,8084,2516,19366,69540
,,,,,,,,1429,14875,1296,981,1944,222,1201,2139,8172,2542,19337,68526
,,,,,,,,1430,14888,1297,982,1945,222,1202,2140,8178,2543,19206,67484
,,,,,,,,1431,15018,1304,987,1956,223,1208,2151,8223,2556,19069,66565
,,,,,,,,1432,15105,1306,989,1959,224,1210,2155,8235,2561,19168,66119
,,,,,,,,1433,15225,1313,994,1969,225,1216,2167,8276,2575,19502,66470
,,,,,,,,1434,15687,1336,1012,2004,229,1238,2207,8420,2624,20240,68225
,,,,,,,,1435,16428,1377,1043,2066,236,1276,2274,8679,2703,20482,70051
,,,,,,,,1436,16635,1392,1054,2088,239,1290,2299,8774,2733,19906,70141
,,,,,,,,1437,16159,1361,1030,2042,233,1261,2248,8575,2673,19269,68507
,,,,,,,,1438,15447,1314,995,1971,225,1218,2169,8286,2577,18266,65596
,,,,,,,,1439,14355,1242,940,1863,213,1151,2050,7831,2435,16809,61301
,,,,,,,,1440,13032,1153,873,1730,198,1069,1904,7272,2263,15454,56811
,,,,,,,,1441,11892,1053,797,1580,180,976,1739,6639,2068,14509,53768
,,,,,,,,1442,11141,984,745,1475,168,911,1624,6198,1932,13995,51975
,,,,,,,,1443,10772,941,713,1412,161,872,1555,5931,1849,13726,51270
,,,,,,,,1444,10575,915,692,1372,157,847,1511,5762,1797,13643,51039
,,,,,,,,1445,10559,905,685,1358,155,838,1496,5700,1779,14006,52492
,,,,,,,,1446,10840,916,694,1374,157,848,1515,5765,1803,15094,56464
,,,,,,,,1447,11741,969,733,1453,166,897,1604,6086,1912,16980,63179
,,,,,,,,1448,13323,1085,821,1627,186,1004,1796,6814,2140,18031,66876
,,,,,,,,1449,14383,1185,897,1777,203,1097,1959,7453,2332,18204,67203
,,,,,,,,1450,14875,1240,939,1860,212,1149,2048,7817,2434,18280,66939
,,,,,,,,1451,15211,1272,963,1908,218,1179,2100,8018,2496,18397,67088
,,,,,,,,1452,15458,1290,977,1935,221,1195,2129,8136,2529,18267,66851
,,,,,,,,1453,15560,1295,980,1942,222,1200,2137,8170,2538,18104,66343
,,,,,,,,1454,15511,1288,975,1933,221,1194,2125,8130,2524,17930,65810
,,,,,,,,1455,15464,1287,974,1930,220,1193,2122,8120,2520,17777,65155
,,,,,,,,1456,15435,1283,971,1924,220,1189,2117,8093,2515,17865,64762
,,,,,,,,1457,15490,1288,975,1932,221,1194,2126,8123,2526,18229,65063
,,,,,,,,1458,15855,1309,991,1964,224,1213,2162,8252,2570,18939,66321
,,,,,,,,1459,16429,1335,1011,2002,229,1237,2204,8415,2619,19725,69031
,,,,,,,,1460,16709,1362,1031,2044,233,1263,2249,8590,2673,19428,69802
,,,,,,,,1461,16324,1339,1013,2008,229,1240,2210,8438,2627,18973,68730
,,,,,,,,1462,15723,1299,983,1948,223,1204,2143,8196,2545,18039,66367
,,,,,,,,1463,14696,1233,934,1850,211,1143,2035,7782,2417,16728,62572
,,,,,,,,1464,13396,1146,868,1720,196,1062,1892,7229,2248,15477,58516
,,,,,,,,1465,12241,1052,797,1579,180,975,1738,6634,2065,14634,55870
,,,,,,,,1466,11524,981,743,1472,168,909,1620,6184,1926,14217,54487
,,,,,,,,1467,11130,940,712,1410,161,871,1552,5923,1845,14088,53994
,,,,,,,,1468,10922,916,693,1374,157,848,1513,5770,1799,14154,54306
,,,,,,,,1469,10919,907,686,1360,155,840,1498,5710,1782,14596,55891
,,,,,,,,1470,11188,917,694,1376,157,849,1517,5772,1805,15802,60118
,,,,,,,,1471,12146,970,735,1456,166,898,1606,6095,1915,17722,66940
,,,,,,,,1472,13785,1087,823,1631,186,1006,1800,6830,2145,18638,70198
,,,,,,,,1473,14796,1178,892,1767,202,1091,1948,7414,2319,18674,69683
,,,,,,,,1474,15108,1225,927,1837,210,1135,2022,7723,2403,18544,68897
,,,,,,,,1475,15261,1251,947,1877,214,1160,2065,7890,2454,18522,68555
,,,,,,,,1476,15288,1263,956,1894,216,1170,2083,7967,2474,18364,68029
,,,,,,,,1477,15224,1260,954,1891,216,1169,2079,7957,2469,18171,67452
,,,,,,,,1478,15055,1252,948,1878,214,1160,2064,7903,2450,18047,67020
,,,,,,,,1479,14993,1249,946,1874,214,1158,2059,7887,2444,17944,66680
,,,,,,,,1480,14894,1243,941,1865,213,1152,2050,7847,2434,18151,66697
,,,,,,,,1481,14912,1249,946,1874,214,1158,2060,7883,2447,18603,67709
,,,,,,,,1482,15266,1273,964,1910,218,1180,2101,8032,2496,19346,69120
,,,,,,,,1483,15797,1298,983,1947,222,1203,2142,8190,2544,19707,69991
,,,,,,,,1484,15962,1321,1000,1981,226,1224,2179,8333,2588,19130,69276
,,,,,,,,1485,15503,1295,980,1942,222,1200,2137,8169,2538,18564,67518
,,,,,,,,1486,14961,1256,951,1885,215,1165,2071,7934,2459,17763,65248
,,,,,,,,1487,14149,1203,911,1805,206,1116,1984,7598,2356,16612,61747
,,,,,,,,1488,13102,1135,859,1702,194,1052,1872,7163,2223,15372,58187
,,,,,,,,1489,12047,1055,799,1583,181,978,1740,6660,2067,14443,55342
,,,,,,,,1490,11256,982,744,1474,168,911,1621,6200,1925,13741,53358
,,,,,,,,1491,10801,938,710,1407,161,869,1547,5918,1837,13376,52388
,,,,,,,,1492,10514,905,685,1357,155,839,1493,5709,1774,13176,52211
,,,,,,,,1493,10361,889,673,1333,152,824,1467,5604,1743,13171,52491
,,,,,,,,1494,10387,886,671,1330,152,821,1464,5588,1740,13507,53874
,,,,,,,,1495,10727,903,683,1354,155,836,1492,5684,1775,14171,56571
,,,,,,,,1496,11273,938,710,1407,161,869,1550,5905,1845,14762,58999
,,,,,,,,1497,12041,979,742,1469,168,907,1619,6167,1926,15703,61623
,,,,,,,,1498,13027,1051,796,1577,180,974,1737,6623,2066,16404,63893
,,,,,,,,1499,13785,1106,837,1659,189,1024,1827,6965,2173,16647,64906
,,,,,,,,1500,14145,1140,863,1710,195,1056,1881,7187,2235,16524,64583
,,,,,,,,1501,14254,1149,870,1724,197,1065,1897,7248,2255,16236,63745
,,,,,,,,1502,14061,1137,861,1705,195,1054,1876,7174,2228,15815,62392
,,,,,,,,1503,13669,1119,847,1679,192,1037,1846,7063,2193,15302,61127
,,,,,,,,1504,13262,1102,834,1653,189,1021,1818,6952,2159,15094,60392
,,,,,,,,1505,13027,1090,825,1635,187,1010,1799,6879,2136,15378,60905
,,,,,,,,1506,13034,1092,827,1639,187,1013,1802,6892,2141,15991,62264
,,,,,,,,1507,13755,1129,855,1694,193,1047,1863,7129,2212,17314,65671
,,,,,,,,1508,14618,1204,911,1806,206,1116,1986,7598,2359,17392,67008
,,,,,,,,1509,14252,1203,911,1805,206,1115,1985,7592,2357,17054,66064
,,,,,,,,1510,13771,1176,890,1764,201,1090,1940,7423,2305,16528,64368
,,,,,,,,1511,13101,1136,860,1705,195,1053,1874,7174,2225,15701,61628
,,,,,,,,1512,12210,1079,817,1619,185,1001,1780,6814,2113,14738,58472
,,,,,,,,1513,11325,1017,770,1525,174,942,1678,6414,1993,13885,55877
,,,,,,,,1514,10587,959,726,1438,164,888,1582,6046,1880,13342,54216
,,,,,,,,1515,10173,912,690,1368,156,845,1506,5751,1789,13123,53521
,,,,,,,,1516,9937,883,669,1325,151,819,1459,5569,1734,13015,53345
,,,,,,,,1517,9836,869,658,1303,149,805,1435,5474,1706,13105,53792
,,,,,,,,1518,9910,867,656,1300,148,803,1432,5462,1703,13447,55012
,,,,,,,,1519,10178,881,667,1322,151,816,1456,5550,1733,13963,57057
,,,,,,,,1520,10538,907,687,1361,155,840,1500,5708,1786,14492,59007
,,,,,,,,1521,11175,938,710,1407,161,869,1551,5900,1847,15345,61524
,,,,,,,,1522,12113,1001,758,1501,171,927,1655,6295,1971,15914,63097
,,,,,,,,1523,12878,1056,799,1584,181,978,1746,6642,2079,16111,63534
,,,,,,,,1524,13235,1095,829,1643,188,1014,1809,6895,2152,16059,63368
,,,,,,,,1525,13407,1116,845,1674,191,1033,1844,7025,2194,15988,63448
,,,,,,,,1526,13396,1118,847,1677,192,1036,1847,7045,2197,15884,62924
,,,,,,,,1527,13195,1114,843,1671,191,1032,1839,7018,2187,15894,62598
,,,,,,,,1528,13085,1111,841,1666,190,1029,1835,6998,2182,16076,62678
,,,,,,,,1529,13119,1117,846,1676,191,1035,1846,7039,2195,16496,63763
,,,,,,,,1530,13387,1137,861,1706,195,1054,1879,7164,2235,17230,66032
,,,,,,,,1531,14322,1184,897,1777,203,1097,1956,7462,2326,18783,70499
,,,,,,,,1532,15315,1258,953,1888,216,1166,2079,7929,2472,18986,72701
,,,,,,,,1533,15037,1258,952,1887,216,1166,2078,7925,2471,18630,71882
,,,,,,,,1534,14454,1231,932,1846,211,1140,2034,7753,2419,17912,69769
,,,,,,,,1535,13526,1182,895,1773,203,1095,1953,7445,2323,16839,66456
,,,,,,,,1536,12380,1110,840,1664,190,1028,1834,6986,2182,15741,63152
,,,,,,,,1537,11298,1029,779,1544,176,953,1701,6478,2023,14895,60691
,,,,,,,,1538,10723,975,738,1462,167,903,1611,6136,1918,14577,59923
,,,,,,,,1539,10437,943,714,1414,161,873,1558,5933,1854,14512,59959
,,,,,,,,1540,10351,926,701,1389,159,858,1531,5827,1823,14634,60679
,,,,,,,,1541,10417,922,698,1383,158,854,1525,5800,1816,15126,62762
,,,,,,,,1542,10802,941,713,1412,161,871,1557,5916,1855,16407,67186
,,,,,,,,1543,11882,1004,760,1506,172,929,1665,6297,1987,18328,74098
,,,,,,,,1544,13587,1119,847,1679,192,1035,1855,7016,2214,19151,77024
,,,,,,,,1545,14579,1206,913,1809,207,1116,1997,7570,2381,19024,77163
,,,,,,,,1546,14809,1249,946,1873,214,1157,2065,7856,2459,18855,76786
,,,,,,,,1547,14901,1271,962,1906,218,1177,2101,7995,2501,18830,76284
,,,,,,,,1548,14944,1282,971,1923,220,1188,2119,8072,2521,18635,75650
,,,,,,,,1549,14862,1278,968,1918,219,1184,2113,8051,2513,18539,75027
,,,,,,,,1550,14662,1272,963,1908,218,1178,2101,8009,2499,18431,73965
,,,,,,,,1551,14515,1264,957,1896,217,1171,2088,7962,2484,18251,72871
,,,,,,,,1552,14355,1258,953,1887,216,1165,2079,7921,2474,18318,72537
,,,,,,,,1553,14378,1260,954,1889,216,1167,2082,7927,2478,18769,73313
,,,,,,,,1554,14768,1276,966,1914,219,1182,2110,8027,2513,19673,75196
,,,,,,,,1555,15585,1306,989,1960,224,1210,2160,8221,2571,20886,78517
,,,,,,,,1556,16501,1377,1043,2066,236,1276,2277,8669,2709,20804,79983
,,,,,,,,1557,16244,1377,1042,2065,236,1275,2276,8662,2709,20421,79147
,,,,,,,,1558,15710,1342,1016,2013,230,1243,2217,8454,2636,19494,76482
,,,,,,,,1559,14712,1276,966,1914,219,1182,2108,8038,2507,17965,72451
,,,,,,,,1560,13420,1195,905,1792,205,1107,1974,7522,2349,16851,68408
,,,,,,,,1561,12317,1101,834,1652,189,1020,1821,6932,2167,16043,65842
,,,,,,,,1562,11637,1040,788,1561,178,964,1720,6547,2048,15703,64574
,,,,,,,,1563,11336,1004,760,1506,172,930,1660,6319,1976,15561,64158
,,,,,,,,1564,11215,982,743,1473,168,909,1623,6176,1933,15653,64580
,,,,,,,,1565,11251,976,739,1465,167,904,1615,6141,1923,16112,66346
,,,,,,,,1566,11605,992,751,1487,170,918,1641,6232,1955,17360,70760
,,,,,,,,1567,12629,1054,798,1581,181,975,1747,6610,2085,19229,77449
,,,,,,,,1568,14290,1167,884,1751,200,1080,1934,7319,2309,19859,79262
,,,,,,,,1569,15211,1237,937,1856,212,1145,2048,7770,2441,19557,77318
,,,,,,,,1570,15296,1272,963,1908,218,1178,2103,8005,2502,19202,74666
,,,,,,,,1571,15227,1286,974,1929,220,1191,2126,8096,2530,18895,72886
,,,,,,,,1572,15127,1292,978,1939,221,1197,2135,8142,2539,18601,71288
,,,,,,,,1573,14996,1289,976,1933,221,1194,2128,8121,2531,18211,69687
,,,,,,,,1574,14728,1272,963,1908,218,1179,2101,8019,2497,17960,68205
,,,,,,,,1575,14566,1264,957,1896,217,1171,2087,7969,2481,17704,66763
,,,,,,,,1576,14366,1250,946,1875,214,1158,2064,7876,2454,17652,65892
,,,,,,,,1577,14331,1250,946,1875,214,1158,2064,7874,2455,18058,66020
,,,,,,,,1578,14642,1266,959,1900,217,1173,2093,7975,2490,18905,67411
,,,,,,,,1579,15311,1291,977,1936,221,1196,2132,8131,2536,20182,70858
,,,,,,,,1580,16206,1351,1023,2026,232,1251,2231,8509,2654,20199,72910
,,,,,,,,1581,16026,1350,1022,2026,231,1251,2231,8504,2654,19811,72128
,,,,,,,,1582,15527,1313,994,1970,225,1217,2168,8281,2576,18834,69498
,,,,,,,,1583,14503,1248,945,1872,214,1157,2061,7869,2449,17454,65434
,,,,,,,,1584,13158,1157,876,1736,198,1072,1911,7294,2273,16139,61436
,,,,,,,,1585,11958,1062,804,1593,182,984,1753,6700,2083,15244,58381
,,,,,,,,1586,11256,991,751,1487,170,919,1637,6253,1945,14791,56987
,,,,,,,,1587,10884,951,720,1427,163,881,1570,5998,1865,14572,56394
,,,,,,,,1588,10697,928,702,1392,159,860,1532,5849,1820,14648,56616
,,,,,,,,1589,10684,919,696,1379,157,852,1518,5793,1805,15009,58199
,,,,,,,,1590,10962,931,704,1396,159,862,1538,5861,1829,16188,62342
,,,,,,,,1591,11978,984,745,1476,169,911,1627,6183,1939,17993,68847
,,,,,,,,1592,13516,1093,828,1640,187,1012,1809,6874,2155,18612,71094
,,,,,,,,1593,14349,1172,887,1758,201,1086,1936,7379,2304,18249,69705
,,,,,,,,1594,14362,1206,913,1809,207,1118,1990,7611,2363,17841,67839
,,,,,,,,1595,14308,1218,922,1827,209,1129,2009,7688,2386,17574,66609
,,,,,,,,1596,14214,1221,924,1831,209,1132,2012,7709,2389,17275,65601
,,,,,,,,1597,14045,1212,918,1818,208,1124,1997,7658,2370,16989,64665
,,,,,,,,1598,13826,1199,908,1799,205,1112,1976,7581,2344,16804,63933
,,,,,,,,1599,13726,1192,902,1787,204,1105,1963,7532,2329,16642,63122
,,,,,,,,1600,13545,1185,897,1777,203,1099,1953,7486,2317,16633,62585
,,,,,,,,1601,13498,1183,896,1775,203,1097,1951,7474,2316,16875,62764
,,,,,,,,1602,13756,1195,904,1792,205,1108,1970,7542,2339,17495,64014
,,,,,,,,1603,14378,1212,918,1818,208,1124,1999,7653,2373,18587,66519
,,,,,,,,1604,15213,1266,959,1900,217,1174,2088,8000,2478,18479,67739
,,,,,,,,1605,14936,1267,960,1901,217,1175,2089,8006,2480,18005,66342
,,,,,,,,1606,14348,1234,934,1851,211,1145,2033,7803,2411,17090,63519
,,,,,,,,1607,13360,1169,885,1753,200,1084,1926,7389,2284,15669,59251
,,,,,,,,1608,12062,1084,821,1627,186,1006,1787,6855,2119,14393,55097
,,,,,,,,1609,10891,993,752,1490,170,921,1636,6278,1940,13455,52010
,,,,,,,,1610,10159,922,698,1384,158,856,1520,5832,1803,12962,50334
,,,,,,,,1611,9773,881,667,1322,151,817,1452,5570,1722,12716,49421
,,,,,,,,1612,9576,859,650,1288,147,796,1415,5428,1679,12724,49291
,,,,,,,,1613,9537,850,643,1275,145,788,1401,5369,1663,13018,50500
,,,,,,,,1614,9810,860,651,1290,147,797,1419,5429,1684,14081,54026
,,,,,,,,1615,10820,912,690,1368,156,845,1506,5747,1791,15735,60390
,,,,,,,,1616,12322,1017,770,1525,174,942,1680,6407,1998,16623,64098
,,,,,,,,1617,13278,1102,835,1654,189,1022,1819,6956,2161,16786,64740
,,,,,,,,1618,13477,1150,870,1725,197,1066,1894,7268,2246,16760,64917
,,,,,,,,1619,13575,1174,889,1761,201,1089,1934,7420,2294,16783,65292
,,,,,,,,1620,13639,1189,900,1783,204,1103,1958,7516,2322,16751,65261
,,,,,,,,1621,13649,1197,907,1796,205,1111,1972,7574,2338,16666,65069
,,,,,,,,1622,13501,1194,904,1791,204,1108,1966,7554,2331,16688,64764
,,,,,,,,1623,13476,1194,904,1791,204,1108,1966,7553,2330,16687,64464
,,,,,,,,1624,13418,1194,904,1792,204,1108,1967,7552,2333,16779,64359
,,,,,,,,1625,13436,1203,911,1805,206,1116,1983,7607,2352,17063,65101
,,,,,,,,1626,13688,1222,925,1834,209,1134,2015,7726,2390,17654,66345
,,,,,,,,1627,14238,1243,941,1864,213,1152,2048,7853,2430,18517,68462
,,,,,,,,1628,14826,1281,970,1922,219,1188,2111,8101,2503,18243,69147
,,,,,,,,1629,14500,1267,959,1901,217,1175,2088,8012,2476,17640,67902
,,,,,,,,1630,13866,1227,929,1840,210,1138,2020,7761,2395,16681,65355
,,,,,,,,1631,12852,1160,878,1741,199,1076,1911,7340,2265,15217,60979
,,,,,,,,1632,11524,1080,817,1620,185,1002,1778,6832,2108,13995,57088
,,,,,,,,1633,10397,990,749,1485,169,918,1632,6255,1936,13087,54153
,,,,,,,,1634,9681,920,697,1381,158,853,1517,5814,1801,12598,52514
,,,,,,,,1635,9321,881,667,1322,151,817,1453,5567,1724,12369,51756
,,,,,,,,1636,9135,859,650,1289,147,796,1417,5424,1682,12344,51828
,,,,,,,,1637,9112,848,642,1272,145,786,1399,5351,1662,12698,53167
,,,,,,,,1638,9415,862,653,1294,148,799,1424,5438,1692,13787,57146
,,,,,,,,1639,10436,919,696,1379,157,851,1520,5786,1809,15624,63625
,,,,,,,,1640,12131,1036,784,1554,178,960,1714,6518,2040,16898,67110
,,,,,,,,1641,13289,1127,853,1691,193,1044,1863,7098,2216,17265,68147
,,,,,,,,1642,13659,1177,891,1765,202,1090,1942,7421,2307,17360,68272
,,,,,,,,1643,13831,1203,910,1804,206,1114,1985,7584,2358,17405,68045
,,,,,,,,1644,13902,1216,921,1825,208,1127,2007,7672,2385,17356,67499
,,,,,,,,1645,13858,1223,926,1835,210,1134,2019,7717,2398,17156,66842
,,,,,,,,1646,13661,1216,921,1824,208,1127,2007,7672,2384,17056,65983
,,,,,,,,1647,13569,1211,917,1817,208,1123,1999,7642,2375,16946,65105
,,,,,,,,1648,13470,1208,915,1813,207,1120,1995,7620,2371,16974,64310
,,,,,,,,1649,13487,1211,917,1816,207,1122,1999,7631,2377,17262,64366
,,,,,,,,1650,13726,1226,928,1839,210,1136,2025,7726,2409,17904,65274
,,,,,,,,1651,14149,1243,941,1865,213,1152,2053,7836,2441,18927,67416
,,,,,,,,1652,14795,1284,972,1926,220,1190,2120,8093,2520,18747,69547
,,,,,,,,1653,14494,1277,967,1916,219,1183,2109,8047,2507,18411,69173
,,,,,,,,1654,14019,1244,942,1866,213,1153,2053,7848,2438,17724,67602
,,,,,,,,1655,13287,1194,904,1792,205,1107,1971,7534,2341,16653,64645
,,,,,,,,1656,12280,1126,853,1690,193,1044,1859,7104,2209,15592,61390
,,,,,,,,1657,11393,1056,799,1584,181,978,1745,6649,2075,14885,58916
,,,,,,,,1658,10660,992,751,1488,170,919,1640,6245,1952,14420,57612
,,,,,,,,1659,10312,950,719,1425,163,880,1571,5980,1869,14231,57134
,,,,,,,,1660,10141,925,701,1388,159,857,1530,5822,1822,14254,57188
,,,,,,,,1661,10102,914,692,1371,157,846,1512,5747,1801,14444,57980
,,,,,,,,1662,10225,916,694,1375,157,848,1517,5759,1807,14996,59999
,,,,,,,,1663,10641,938,710,1408,161,869,1554,5893,1853,15605,62680
,,,,,,,,1664,11177,973,737,1460,167,901,1612,6112,1922,16158,64351
,,,,,,,,1665,12047,1021,773,1532,175,945,1691,6412,2015,16713,65569
,,,,,,,,1666,12929,1088,823,1632,186,1007,1800,6835,2145,16974,65824
,,,,,,,,1667,13516,1134,859,1702,194,1050,1877,7131,2236,16971,65399
,,,,,,,,1668,13658,1157,876,1735,198,1071,1912,7280,2275,16761,64087
,,,,,,,,1669,13597,1159,878,1739,199,1074,1916,7296,2280,16389,62416
,,,,,,,,1670,13367,1147,868,1720,196,1062,1895,7223,2253,15965,60471
,,,,,,,,1671,13081,1128,854,1692,193,1045,1863,7109,2216,15608,58684
,,,,,,,,1672,12828,1107,838,1661,190,1026,1829,6977,2175,15476,57532
,,,,,,,,1673,12744,1095,829,1643,188,1015,1810,6902,2152,15748,57463
,,,,,,,,1674,12897,1100,833,1651,189,1019,1818,6931,2162,16309,58406
,,,,,,,,1675,13559,1133,858,1699,194,1050,1870,7140,2223,17795,62039
,,,,,,,,1676,14553,1207,914,1810,207,1118,1993,7605,2370,18137,65128
,,,,,,,,1677,14315,1220,924,1830,209,1130,2015,7685,2396,17949,64858
,,,,,,,,1678,13893,1196,906,1794,205,1108,1976,7534,2350,17408,63547
,,,,,,,,1679,13266,1156,875,1734,198,1071,1909,7285,2270,16586,61213
,,,,,,,,1680,12357,1096,830,1645,188,1016,1811,6908,2154,15634,58366
,,,,,,,,1681,11458,1030,779,1544,176,954,1700,6492,2020,14805,56064
,,,,,,,,1682,10780,970,734,1455,166,899,1602,6116,1904,14231,54665
,,,,,,,,1683,10600,930,704,1395,159,861,1535,5861,1825,12063,52050
,,,,,,,,1684,10401,906,686,1359,155,840,1496,5711,1779,14196,54541
,,,,,,,,1685,10213,897,679,1345,154,831,1481,5649,1761,14164,54895
,,,,,,,,1686,10160,900,681,1350,154,834,1486,5670,1768,14391,55994
,,,,,,,,1687,10316,923,699,1385,158,855,1525,5812,1815,14928,58000
,,,,,,,,1688,10598,945,716,1418,162,875,1562,5950,1859,15262,59894
,,,,,,,,1689,10996,981,743,1472,168,909,1622,6176,1930,15619,60746
,,,,,,,,1690,11641,1025,776,1537,176,949,1693,6454,2014,15659,60277
,,,,,,,,1691,12277,1057,801,1586,181,980,1747,6660,2078,15603,59177
,,,,,,,,1692,12597,1073,812,1609,184,994,1770,6764,2104,15434,58005
,,,,,,,,1693,12703,1073,813,1610,184,995,1771,6770,2105,15191,57222
,,,,,,,,1694,12622,1062,804,1593,182,985,1752,6704,2081,14870,55913
,,,,,,,,1695,12366,1044,790,1566,179,968,1722,6591,2044,14536,54757
,,,,,,,,1696,12075,1028,778,1542,176,953,1695,6489,2012,14339,53878
,,,,,,,,1697,11907,1029,779,1544,176,954,1698,6499,2016,14422,53896
,,,,,,,,1698,11930,1042,789,1563,178,966,1718,6576,2040,14682,54477
,,,,,,,,1699,12282,1068,808,1602,183,990,1761,6743,2090,15258,55750
,,,,,,,,1700,12894,1144,866,1717,196,1061,1887,7227,2240,16650,59377
,,,,,,,,1701,13911,1162,880,1743,199,1077,1916,7339,2274,16997,61587
,,,,,,,,1702,13685,1121,849,1682,192,1040,1848,7081,2194,16420,59850
,,,,,,,,1703,12840,1055,798,1582,181,978,1739,6662,2063,15428,56608
,,,,,,,,1704,11751,973,736,1459,167,902,1604,6144,1904,14278,53124
,,,,,,,,1705,10541,904,685,1357,155,839,1491,5717,1768,13367,50166
,,,,,,,,1706,9876,867,657,1301,148,804,1430,5482,1696,12954,48940
,,,,,,,,1707,9484,848,642,1271,145,786,1397,5357,1657,12799,48567
,,,,,,,,1708,9339,839,635,1259,144,778,1383,5301,1642,12823,49026
,,,,,,,,1709,9347,850,644,1275,145,788,1402,5369,1664,13259,50852
,,,,,,,,1710,9622,901,682,1352,154,836,1487,5689,1766,14402,55052
,,,,,,,,1711,10619,1027,777,1540,176,951,1696,6466,2017,16562,62055
,,,,,,,,1712,12471,1126,852,1689,193,1043,1860,7090,2212,17845,66867
,,,,,,,,1713,13575,1158,877,1738,198,1074,1912,7306,2271,17792,66964
,,,,,,,,1714,13714,1176,890,1764,201,1090,1938,7430,2298,17456,66028
,,,,,,,,1715,13691,1184,897,1776,203,1098,1951,7485,2315,17263,65694
,,,,,,,,1716,13732,1184,896,1776,203,1098,1950,7485,2313,17084,65285
,,,,,,,,1717,13727,1178,892,1768,202,1093,1941,7453,2301,16976,64803
,,,,,,,,1718,13568,1175,890,1763,201,1090,1936,7436,2295,16874,64376
,,,,,,,,1719,13503,1167,884,1751,200,1083,1922,7384,2279,16711,63787
,,,,,,,,1720,13367,1164,881,1746,199,1080,1917,7360,2273,16647,63202
,,,,,,,,1721,13264,1170,886,1755,200,1085,1928,7397,2287,16742,63275
,,,,,,,,1722,13272,1182,895,1773,202,1096,1948,7470,2311,16988,63468
,,,,,,,,1723,13314,1187,898,1780,203,1100,1956,7498,2320,17197,63354
,,,,,,,,1724,13596,1226,928,1839,210,1137,2019,7749,2395,17986,64900
,,,,,,,,1725,14267,1212,917,1818,208,1124,1997,7661,2368,17827,65696
,,,,,,,,1726,13833,1152,872,1728,197,1069,1897,7287,2248,16912,62839
,,,,,,,,1727,12812,1067,808,1600,183,990,1757,6750,2082,15464,58294
,,,,,,,,1728,11504,971,735,1456,166,900,1598,6142,1894,14148,54007
,,,,,,,,1729,10297,893,676,1340,153,828,1470,5651,1743,13091,50662
,,,,,,,,1730,9677,860,651,1289,147,797,1415,5439,1678,12668,48960
,,,,,,,,1731,9054,826,625,1240,141,766,1361,5228,1613,12246,47558
,,,,,,,,1732,8857,813,615,1219,139,754,1339,5140,1587,12123,47176
,,,,,,,,1733,8808,818,619,1228,140,759,1348,5173,1600,12389,48174
,,,,,,,,1734,9048,864,654,1297,148,801,1425,5460,1691,13340,51675
,,,,,,,,1735,9945,984,745,1475,168,911,1624,6202,1930,15245,58086
,,,,,,,,1736,11744,1098,832,1648,188,1018,1813,6926,2155,16643,62458
,,,,,,,,1737,12977,1145,867,1717,196,1061,1888,7228,2241,16837,62613
,,,,,,,,1738,13311,1169,885,1754,200,1084,1925,7394,2282,16837,62593
,,,,,,,,1739,13478,1181,894,1772,202,1095,1945,7469,2306,16905,62964
,,,,,,,,1740,13577,1186,898,1779,203,1100,1953,7501,2315,16879,63202
,,,,,,,,1741,13617,1185,897,1778,203,1099,1951,7497,2313,16832,63354
,,,,,,,,1742,13536,1186,898,1779,203,1100,1952,7502,2314,16852,63331
,,,,,,,,1743,13537,1179,893,1769,202,1094,1942,7463,2302,16834,63252
,,,,,,,,1744,13478,1177,891,1766,202,1092,1939,7445,2298,16887,63048
,,,,,,,,1745,13441,1181,894,1772,202,1096,1946,7470,2308,17010,63046
,,,,,,,,1746,13527,1187,899,1781,203,1101,1956,7507,2321,17132,62943
,,,,,,,,1747,13526,1175,889,1762,201,1089,1936,7424,2296,16981,62289
,,,,,,,,1748,13579,1210,916,1815,207,1122,1992,7649,2362,17729,63669
,,,,,,,,1749,14202,1211,917,1817,207,1123,1995,7659,2365,17839,65400
,,,,,,,,1750,13782,1155,875,1733,198,1072,1902,7311,2255,16890,62560
,,,,,,,,1751,12759,1067,808,1601,183,990,1757,6753,2082,15402,58076
,,,,,,,,1752,11407,971,735,1457,166,901,1599,6148,1895,13979,53240
,,,,,,,,1753,10211,894,677,1342,153,830,1472,5660,1745,12925,49835
,,,,,,,,1754,9410,851,644,1276,146,789,1401,5384,1660,12330,47819
,,,,,,,,1755,8978,826,625,1239,141,766,1360,5226,1611,12015,46712
,,,,,,,,1756,8772,817,618,1225,140,757,1345,5165,1595,11946,46642
,,,,,,,,1757,8768,821,622,1232,140,762,1353,5191,1605,12133,47721
,,,,,,,,1758,8983,867,656,1301,148,804,1429,5477,1696,13101,51113
,,,,,,,,1759,9916,989,749,1484,169,916,1633,6235,1941,15085,57726
,,,,,,,,1760,11728,1094,828,1641,187,1014,1806,6896,2147,16226,62045
,,,,,,,,1761,12863,1133,858,1700,194,1050,1869,7151,2219,16418,62420
,,,,,,,,1762,13128,1156,875,1734,198,1072,1904,7307,2258,16493,62636
,,,,,,,,1763,13311,1169,885,1754,200,1084,1926,7390,2284,16657,63386
,,,,,,,,1764,13447,1174,889,1762,201,1089,1935,7425,2294,16666,63819
,,,,,,,,1765,13504,1173,888,1760,201,1088,1933,7421,2292,16663,64183
,,,,,,,,1766,13386,1173,888,1760,201,1088,1932,7419,2290,16637,64573
,,,,,,,,1767,13387,1167,884,1751,200,1083,1922,7383,2279,16606,64578
,,,,,,,,1768,13339,1162,880,1744,199,1078,1915,7350,2271,16643,64618
,,,,,,,,1769,13317,1171,886,1756,200,1086,1929,7401,2288,16736,64831
,,,,,,,,1770,13483,1177,891,1766,202,1092,1940,7440,2302,16917,64794
,,,,,,,,1771,13648,1161,879,1742,199,1077,1913,7336,2270,16786,64024
,,,,,,,,1772,13797,1193,903,1790,204,1107,1966,7545,2332,17519,64789
,,,,,,,,1773,14252,1195,905,1793,205,1109,1970,7557,2336,17586,66155
,,,,,,,,1774,13885,1141,864,1711,195,1058,1879,7218,2227,16658,63591
,,,,,,,,1775,12920,1062,804,1594,182,985,1749,6721,2073,15197,58892
,,,,,,,,1776,11617,968,732,1451,166,898,1593,6122,1888,13807,53920
,,,,,,,,1777,10468,894,677,1341,153,829,1472,5655,1744,12794,50257
,,,,,,,,1778,9718,852,645,1278,146,790,1403,5389,1662,12249,48019
,,,,,,,,1779,9311,828,627,1243,142,769,1364,5243,1617,11961,46831
,,,,,,,,1780,9130,822,623,1234,141,763,1355,5201,1607,11904,46646
,,,,,,,,1781,9110,830,628,1245,142,770,1368,5245,1623,12162,47529
,,,,,,,,1782,9375,878,664,1317,150,814,1447,5543,1718,13132,50930
,,,,,,,,1783,10342,1003,759,1504,172,929,1656,6320,1969,15160,58174
,,,,,,,,1784,12210,1113,842,1669,191,1031,1838,7010,2186,16436,61663
,,,,,,,,1785,13431,1156,875,1735,198,1072,1908,7294,2267,16695,62311
,,,,,,,,1786,13723,1180,894,1771,202,1095,1946,7460,2308,16838,63089
,,,,,,,,1787,13883,1197,906,1796,205,1110,1973,7565,2341,17064,64177
,,,,,,,,1788,14002,1202,910,1803,206,1115,1981,7597,2350,17020,64834
,,,,,,,,1789,13972,1193,903,1789,204,1106,1965,7539,2330,16886,65168
,,,,,,,,1790,13793,1188,900,1783,203,1102,1958,7513,2321,16797,65636
,,,,,,,,1791,13691,1179,893,1769,202,1094,1943,7457,2304,16646,65782
,,,,,,,,1792,13518,1175,890,1763,201,1090,1937,7430,2297,16604,65696
,,,,,,,,1793,13471,1182,895,1773,202,1096,1948,7470,2311,16747,65779
,,,,,,,,1794,13632,1193,903,1790,204,1106,1967,7537,2334,16977,65531
,,,,,,,,1795,13825,1192,902,1788,204,1105,1964,7527,2331,17088,64613
,,,,,,,,1796,14114,1215,920,1823,208,1127,2002,7678,2376,17769,65537
,,,,,,,,1797,14644,1212,918,1818,208,1124,1998,7659,2370,17748,65992
,,,,,,,,1798,14286,1160,878,1741,199,1076,1911,7338,2266,16866,63331
,,,,,,,,1799,13412,1074,813,1612,184,997,1770,6796,2099,15473,58781
,,,,,,,,1800,12133,983,745,1475,168,912,1620,6220,1921,14171,53928
,,,,,,,,1801,10998,908,687,1362,155,842,1496,5743,1774,13187,50401
,,,,,,,,1802,10209,866,656,1300,148,804,1427,5478,1693,12610,48210
,,,,,,,,1803,9765,842,638,1264,144,781,1388,5326,1646,12371,47008
,,,,,,,,1804,9585,831,629,1247,142,771,1370,5253,1625,12281,46562
,,,,,,,,1805,9526,837,634,1256,143,776,1380,5287,1638,12523,47354
,,,,,,,,1806,9744,883,669,1325,151,819,1457,5577,1730,13472,50631
,,,,,,,,1807,10669,997,755,1495,171,924,1647,6280,1958,15384,56716
,,,,,,,,1808,12428,1107,838,1661,190,1026,1829,6972,2176,16783,61140
,,,,,,,,1809,13561,1158,877,1737,198,1073,1911,7302,2271,17040,61797
,,,,,,,,1810,13926,1189,900,1783,204,1102,1959,7510,2325,17217,62508
,,,,,,,,1811,14145,1208,915,1812,207,1120,1992,7633,2363,17395,63377
,,,,,,,,1812,14297,1215,920,1822,208,1126,2002,7676,2375,17425,63611
,,,,,,,,1813,14334,1213,918,1819,208,1125,1998,7665,2370,17283,63730
,,,,,,,,1814,14225,1207,914,1810,207,1119,1988,7630,2358,17068,63824
,,,,,,,,1815,14184,1191,902,1787,204,1105,1962,7530,2327,16748,63656
,,,,,,,,1816,14080,1180,893,1770,202,1094,1945,7457,2307,16549,63241
,,,,,,,,1817,14031,1182,895,1773,202,1096,1949,7468,2313,16585,62857
,,,,,,,,1818,14074,1183,896,1775,203,1097,1951,7473,2316,16622,62451
,,,,,,,,1819,13963,1169,885,1753,200,1083,1927,7380,2287,16423,61332
,,,,,,,,1820,13937,1186,898,1778,203,1099,1954,7491,2319,16942,61518
,,,,,,,,1821,14234,1180,893,1770,202,1094,1945,7456,2307,16967,62480
,,,,,,,,1822,13849,1135,859,1702,194,1053,1869,7176,2216,16331,60444
,,,,,,,,1823,13113,1068,809,1603,183,991,1760,6758,2086,15292,56998
,,,,,,,,1824,12107,987,747,1481,169,915,1625,6243,1927,14064,52754
,,,,,,,,1825,11069,918,695,1377,157,851,1512,5805,1793,13132,49445
,,,,,,,,1826,10170,869,658,1304,149,806,1432,5496,1699,12458,46927
,,,,,,,,1827,9663,840,636,1260,144,779,1384,5310,1641,12104,45536
,,,,,,,,1828,9403,821,622,1232,140,761,1353,5190,1606,11951,44789
,,,,,,,,1829,9269,819,620,1229,140,760,1351,5176,1603,11963,44805
,,,,,,,,1830,9313,835,632,1253,143,774,1377,5274,1634,12315,45817
,,,,,,,,1831,9639,876,663,1314,150,812,1445,5524,1717,13064,48010
,,,,,,,,1832,10230,920,697,1380,158,853,1519,5804,1804,13616,50472
,,,,,,,,1833,10967,979,741,1469,168,907,1616,6176,1920,14354,52854
,,,,,,,,1834,11930,1031,781,1547,177,956,1702,6507,2021,14882,55298
,,,,,,,,1835,12592,1062,804,1593,182,984,1752,6699,2082,15034,57070
,,,,,,,,1836,12889,1070,810,1606,183,992,1765,6760,2095,14942,57669
,,,,,,,,1837,12894,1067,808,1600,183,989,1759,6737,2088,14816,57929
,,,,,,,,1838,12688,1050,795,1576,180,974,1731,6638,2054,14556,57498
,,,,,,,,1839,12391,1036,784,1554,177,960,1707,6546,2024,14352,57288
,,,,,,,,1840,12110,1026,777,1540,176,952,1691,6487,2006,14318,57190
,,,,,,,,1841,11879,1022,774,1533,175,948,1684,6458,1998,14414,57292
,,,,,,,,1842,11781,1022,774,1533,175,948,1685,6461,1998,14464,57182
,,,,,,,,1843,11857,1030,780,1546,176,955,1698,6512,2014,14701,56887
,,,,,,,,1844,12083,1077,815,1615,184,998,1775,6803,2106,15552,57704
,,,,,,,,1845,12819,1100,833,1650,188,1020,1813,6952,2152,15766,58954
,,,,,,,,1846,12687,1066,807,1600,183,989,1757,6740,2085,15235,57139
,,,,,,,,1847,12132,1009,764,1514,173,936,1663,6384,1972,14361,53917
,,,,,,,,1848,11296,944,715,1417,162,876,1555,5975,1844,13319,50224
,,,,,,,,1849,10403,880,666,1321,151,817,1450,5570,1719,12402,46924
,,,,,,,,1850,9679,835,632,1253,143,775,1376,5284,1632,11803,44775
,,,,,,,,1851,9272,809,612,1213,138,750,1332,5116,1579,11514,43380
,,,,,,,,1852,9051,793,600,1190,136,735,1307,5014,1549,11331,42618
,,,,,,,,1853,8927,788,597,1182,135,731,1299,4981,1541,11299,42315
,,,,,,,,1854,8974,797,603,1195,136,739,1313,5035,1558,11497,42936
,,,,,,,,1855,9204,821,621,1232,140,761,1354,5185,1607,11968,44352
,,,,,,,,1856,9582,844,639,1267,144,783,1393,5332,1653,12409,46401
,,,,,,,,1857,10109,899,680,1348,154,833,1483,5674,1761,13198,48709
,,,,,,,,1858,10921,954,722,1431,163,885,1574,6024,1869,13960,51496
,,,,,,,,1859,11611,992,751,1488,170,919,1636,6259,1943,14347,53269
,,,,,,,,1860,11903,1010,765,1516,173,937,1665,6384,1976,14412,54323
,,,,,,,,1861,11989,1015,768,1523,174,941,1673,6413,1985,14317,55111
,,,,,,,,1862,11876,1010,764,1514,173,936,1663,6382,1973,14081,55381
,,,,,,,,1863,11663,1002,759,1504,172,930,1652,6339,1959,13919,55237
,,,,,,,,1864,11481,998,756,1498,171,926,1645,6313,1951,13896,55458
,,,,,,,,1865,11398,1003,760,1505,172,931,1653,6343,1961,14078,55943
,,,,,,,,1866,11500,1017,770,1526,174,943,1676,6431,1987,14317,56547
,,,,,,,,1867,11826,1037,785,1555,177,962,1708,6554,2026,14713,57147
,,,,,,,,1868,12220,1097,830,1645,188,1017,1807,6931,2144,15897,59220
,,,,,,,,1869,13162,1117,846,1676,191,1036,1841,7060,2184,16252,61237
,,,,,,,,1870,12957,1069,810,1604,183,992,1762,6760,2090,15489,58841
,,,,,,,,1871,12027,1000,757,1500,171,927,1646,6323,1952,14410,55204
,,,,,,,,1872,10852,919,696,1378,157,852,1513,5814,1793,13241,51132
,,,,,,,,1873,9743,851,644,1276,145,789,1400,5385,1659,12290,47902
,,,,,,,,1874,9025,812,615,1219,139,754,1337,5143,1585,11798,46070
,,,,,,,,1875,8653,790,598,1185,135,733,1300,5002,1541,11610,45193
,,,,,,,,1876,8507,782,592,1173,134,725,1287,4946,1526,11596,45085
,,,,,,,,1877,8511,791,599,1187,135,734,1303,5003,1545,11885,46320
,,,,,,,,1878,8820,843,638,1264,144,781,1389,5326,1648,12958,49930
,,,,,,,,1879,9810,965,730,1447,165,894,1592,6085,1892,14970,56506
,,,,,,,,1880,11626,1063,805,1595,182,985,1755,6703,2086,16167,60833
,,,,,,,,1881,12680,1108,839,1662,190,1027,1827,6998,2169,16308,61661
,,,,,,,,1882,12981,1137,861,1706,195,1055,1873,7193,2220,16398,62634
,,,,,,,,1883,13186,1160,878,1741,199,1076,1911,7339,2266,16640,64104
,,,,,,,,1884,13392,1173,888,1760,201,1089,1933,7422,2291,16751,64875
,,,,,,,,1885,13521,1179,892,1768,202,1094,1941,7457,2301,16825,65630
,,,,,,,,1886,13526,1187,898,1780,203,1101,1954,7507,2316,16952,66178
,,,,,,,,1887,13600,1188,900,1783,203,1103,1957,7519,2320,16998,66235
,,,,,,,,1888,13570,1188,899,1782,203,1102,1957,7512,2320,17054,66255
,,,,,,,,1889,13491,1191,902,1786,204,1104,1962,7529,2327,17203,66595
,,,,,,,,1890,13466,1191,902,1787,204,1105,1963,7530,2328,17303,66632
,,,,,,,,1891,13358,1169,885,1753,200,1084,1926,7386,2285,17100,65622
,,,,,,,,1892,13318,1195,905,1793,205,1109,1969,7560,2335,17705,66143
,,,,,,,,1893,14023,1196,905,1794,205,1109,1970,7562,2335,17740,67172
,,,,,,,,1894,13665,1131,857,1697,194,1050,1863,7160,2208,16738,64254
,,,,,,,,1895,12588,1043,789,1564,178,967,1716,6599,2034,15219,59255
,,,,,,,,1896,11227,943,714,1414,161,875,1552,5969,1839,13775,54231
,,,,,,,,1897,10032,868,657,1302,148,806,1428,5499,1692,12735,50590
,,,,,,,,1898,9261,827,626,1241,141,768,1361,5241,1611,12160,48376
,,,,,,,,1899,8847,802,607,1203,137,745,1319,5084,1562,11836,47192
,,,,,,,,1900,8662,789,597,1184,135,732,1298,5001,1537,11711,46592
,,,,,,,,1901,8610,794,601,1192,136,737,1307,5031,1548,11953,47367
,,,,,,,,1902,8882,845,640,1268,145,784,1391,5347,1649,12886,50637
,,,,,,,,1903,9827,968,733,1452,166,897,1597,6110,1896,14895,57016
,,,,,,,,1904,11611,1065,806,1598,182,987,1758,6719,2088,16094,61103
,,,,,,,,1905,12637,1110,840,1665,190,1029,1830,7011,2172,16418,61885
,,,,,,,,1906,12898,1142,864,1713,195,1059,1880,7225,2229,16622,62865
,,,,,,,,1907,13061,1166,883,1750,200,1082,1921,7378,2277,16876,64389
,,,,,,,,1908,13246,1180,894,1771,202,1095,1944,7466,2305,16963,65674
,,,,,,,,1909,13378,1191,901,1786,204,1105,1961,7532,2324,17037,66730
,,,,,,,,1910,13429,1199,908,1799,205,1113,1975,7587,2341,17223,67722
,,,,,,,,1911,13547,1199,908,1799,205,1112,1974,7585,2340,17177,68165
,,,,,,,,1912,13585,1204,911,1806,206,1117,1983,7613,2351,17301,68599
,,,,,,,,1913,13603,1208,914,1812,207,1120,1990,7636,2360,17420,68940
,,,,,,,,1914,13670,1209,915,1813,207,1121,1992,7640,2362,17483,68650
,,,,,,,,1915,13577,1179,893,1769,202,1094,1943,7452,2306,17230,67373
,,,,,,,,1916,13467,1194,904,1791,204,1107,1967,7549,2332,17703,67439
,,,,,,,,1917,14147,1206,913,1810,207,1119,1987,7629,2356,17889,68595
,,,,,,,,1918,13888,1145,867,1718,196,1062,1885,7245,2234,16844,65525
,,,,,,,,1919,12802,1052,796,1578,180,976,1732,6658,2052,15346,60561
,,,,,,,,1920,11405,955,723,1433,163,886,1572,6049,1862,13965,55346
,,,,,,,,1921,10194,877,664,1315,150,814,1442,5555,1708,12893,51745
,,,,,,,,1922,9370,835,632,1253,143,775,1374,5294,1626,12293,49127
,,,,,,,,1923,8947,810,613,1216,139,752,1332,5138,1577,11934,47781
,,,,,,,,1924,8730,799,605,1198,137,741,1313,5063,1555,11910,47227
,,,,,,,,1925,8673,803,608,1205,137,745,1321,5089,1564,12101,48054
,,,,,,,,1926,8915,849,643,1273,145,788,1397,5374,1655,12996,51253
,,,,,,,,1927,9809,966,731,1449,165,896,1593,6101,1891,14943,57473
,,,,,,,,1928,11543,1068,808,1601,183,990,1762,6736,2092,16297,61299
,,,,,,,,1929,12600,1114,843,1671,191,1033,1836,7037,2179,16559,62079
,,,,,,,,1930,13000,1145,867,1717,196,1062,1885,7243,2234,16795,63416
,,,,,,,,1931,13286,1170,886,1755,200,1085,1926,7400,2283,17059,64985
,,,,,,,,1932,13569,1185,897,1777,203,1099,1951,7492,2313,17191,66313
,,,,,,,,1933,13746,1189,900,1783,203,1103,1957,7519,2320,17163,67418
,,,,,,,,1934,13781,1194,904,1791,204,1108,1966,7553,2331,17212,68327
,,,,,,,,1935,13889,1195,904,1792,205,1108,1967,7558,2332,17238,68833
,,,,,,,,1936,13912,1195,904,1792,205,1108,1968,7555,2333,17256,69163
,,,,,,,,1937,13933,1203,911,1805,206,1116,1983,7608,2352,17296,69378
,,,,,,,,1938,13961,1207,913,1810,207,1119,1988,7626,2358,17416,69223
,,,,,,,,1939,13842,1187,899,1781,203,1101,1956,7501,2321,17166,68131
,,,,,,,,1940,13650,1196,905,1794,205,1109,1970,7562,2336,17626,67924
,,,,,,,,1941,14286,1203,911,1805,206,1116,1982,7607,2350,17783,68742
,,,,,,,,1942,13999,1143,865,1714,196,1060,1881,7231,2230,16846,65732
,,,,,,,,1943,12956,1052,796,1578,180,976,1732,6659,2052,15377,60638
,,,,,,,,1944,11593,953,722,1430,163,884,1569,6036,1858,14048,55445
,,,,,,,,1945,10339,875,663,1313,150,813,1440,5547,1705,12927,51526
,,,,,,,,1946,9526,832,630,1248,142,772,1368,5273,1619,12312,49066
,,,,,,,,1947,9056,804,609,1207,137,747,1322,5101,1565,11964,47592
,,,,,,,,1948,8818,792,599,1188,135,735,1302,5021,1541,11853,47206
,,,,,,,,1949,8731,796,603,1195,136,739,1310,5048,1551,12024,47900
,,,,,,,,1950,8952,845,639,1267,144,784,1390,5348,1646,12960,51314
,,,,,,,,1951,9827,959,726,1439,164,890,1582,6061,1877,14884,57429
,,,,,,,,1952,11569,1055,799,1583,181,978,1742,6660,2069,16098,61303
,,,,,,,,1953,12620,1114,844,1672,191,1033,1837,7040,2180,16467,62164
,,,,,,,,1954,13038,1149,870,1723,197,1066,1892,7268,2243,16668,63643
,,,,,,,,1955,13367,1177,891,1765,201,1092,1938,7444,2298,16952,65271
,,,,,,,,1956,13699,1198,907,1797,205,1111,1973,7575,2340,17046,66657
,,,,,,,,1957,13898,1206,913,1809,207,1119,1987,7628,2356,17148,67706
,,,,,,,,1958,13963,1217,921,1826,208,1129,2005,7696,2377,17370,68804
,,,,,,,,1959,14141,1220,924,1830,209,1132,2010,7717,2383,17488,69346
,,,,,,,,1960,14224,1226,928,1840,210,1137,2020,7753,2396,17612,69773
,,,,,,,,1961,14294,1233,934,1850,211,1144,2032,7795,2411,17732,69712
,,,,,,,,1962,14334,1230,931,1845,211,1141,2027,7774,2405,17833,69428
,,,,,,,,1963,14146,1195,905,1793,205,1108,1970,7552,2338,17484,68071
,,,,,,,,1964,13866,1205,912,1808,206,1118,1985,7618,2355,17912,67993
,,,,,,,,1965,14432,1218,922,1828,209,1130,2007,7703,2380,18127,69102
,,,,,,,,1966,14208,1156,875,1734,198,1073,1904,7315,2256,17132,65960
,,,,,,,,1967,13156,1067,808,1601,183,990,1757,6755,2083,15597,60894
,,,,,,,,1968,11752,969,733,1453,166,899,1594,6133,1889,14143,55682
,,,,,,,,1969,10495,889,673,1334,152,825,1463,5635,1733,13041,51954
,,,,,,,,1970,9661,844,639,1266,144,783,1388,5349,1643,12388,49358
,,,,,,,,1971,9168,815,617,1223,139,757,1340,5168,1586,12003,47788
,,,,,,,,1972,8899,800,606,1201,137,743,1316,5074,1558,11862,47025
,,,,,,,,1973,8804,804,608,1206,137,746,1322,5094,1565,12022,47626
,,,,,,,,1974,9004,848,642,1273,145,787,1396,5373,1654,12908,50757
,,,,,,,,1975,9849,958,725,1437,164,888,1580,6052,1875,14697,56791
,,,,,,,,1976,11525,1054,798,1581,180,977,1739,6649,2065,15784,60601
,,,,,,,,1977,12586,1114,843,1671,191,1033,1837,7037,2179,16208,61824
,,,,,,,,1978,13005,1154,873,1731,198,1070,1900,7300,2252,16599,63167
,,,,,,,,1979,13299,1174,889,1761,201,1089,1934,7427,2292,17057,64743
,,,,,,,,1980,13543,1194,904,1791,204,1108,1967,7551,2332,17327,66069
,,,,,,,,1981,13626,1200,909,1801,206,1114,1977,7593,2344,17511,66810
,,,,,,,,1982,13549,1202,910,1803,206,1115,1980,7604,2347,17652,67341
,,,,,,,,1983,13584,1195,904,1792,205,1108,1967,7556,2332,17630,67503
,,,,,,,,1984,13542,1187,898,1780,203,1101,1955,7503,2318,17574,67457
,,,,,,,,1985,13482,1179,893,1769,202,1093,1943,7452,2304,17506,67162
,,,,,,,,1986,13478,1167,883,1751,200,1082,1923,7375,2281,17318,66348
,,,,,,,,1987,13188,1133,858,1700,194,1051,1868,7161,2216,16757,64375
,,,,,,,,1988,12803,1146,868,1719,196,1063,1888,7246,2239,17010,63808
,,,,,,,,1989,13314,1148,869,1722,197,1065,1891,7259,2242,17055,64228
,,,,,,,,1990,13035,1095,829,1643,187,1016,1803,6929,2137,16201,61616
,,,,,,,,1991,12215,1029,779,1544,176,955,1694,6514,2008,15027,57757
,,,,,,,,1992,11181,947,717,1421,162,879,1559,5999,1847,13769,53354
,,,,,,,,1993,10161,880,666,1320,150,816,1448,5573,1715,12715,50047
,,,,,,,,1994,9312,830,628,1245,142,770,1366,5259,1618,11989,47332
,,,,,,,,1995,8799,802,607,1203,137,744,1319,5082,1561,11590,45816
,,,,,,,,1996,8512,785,594,1178,134,729,1291,4974,1529,11361,44789
,,,,,,,,1997,8359,779,590,1169,133,723,1282,4936,1518,11315,44670
,,,,,,,,1998,8392,795,602,1192,136,737,1308,5033,1549,11571,45563
,,,,,,,,1999,8704,831,629,1247,142,771,1369,5257,1623,12196,47575
,,,,,,,,2000,9254,869,658,1303,149,805,1432,5488,1699,12718,49956
,,,,,,,,2001,9972,937,709,1405,160,869,1545,5917,1834,13624,52683
,,,,,,,,2002,10977,998,756,1498,171,926,1646,6304,1954,14400,55358
,,,,,,,,2003,11699,1040,787,1560,178,964,1715,6565,2036,14889,57380
,,,,,,,,2004,12022,1057,800,1585,181,980,1742,6678,2067,15059,58038
,,,,,,,,2005,12138,1056,799,1584,181,979,1741,6671,2065,15109,57885
,,,,,,,,2006,12008,1046,792,1570,179,971,1724,6615,2045,14959,57294
,,,,,,,,2007,11792,1038,786,1557,178,963,1710,6562,2028,14733,56368
,,,,,,,,2008,11610,1028,779,1543,176,954,1694,6502,2009,14616,55985
,,,,,,,,2009,11537,1034,783,1552,177,959,1705,6539,2022,14653,56031
,,,,,,,,2010,11588,1038,786,1558,178,963,1711,6565,2029,14748,55967
,,,,,,,,2011,11897,1052,797,1578,180,976,1734,6651,2056,15032,56259
,,,,,,,,2012,12194,1089,824,1633,186,1010,1794,6880,2129,15720,57304
,,,,,,,,2013,12651,1097,831,1646,188,1017,1808,6933,2146,15768,58121
,,,,,,,,2014,12378,1061,803,1592,182,984,1749,6709,2074,15214,56193
,,,,,,,,2015,11718,1007,763,1511,172,935,1659,6373,1967,14277,53136
,,,,,,,,2016,10818,939,711,1409,161,872,1547,5945,1833,13275,49666
,,,,,,,,2017,9927,874,662,1312,150,811,1440,5533,1707,12341,46580
,,,,,,,,2018,9154,833,631,1250,142,773,1372,5270,1626,11692,44411
,,,,,,,,2019,8702,805,609,1207,138,746,1325,5091,1571,11379,43179
,,,,,,,,2020,8475,786,595,1180,134,729,1295,4973,1536,11218,42524
,,,,,,,,2021,8357,779,590,1169,133,722,1284,4924,1523,11166,42349
,,,,,,,,2022,8397,788,597,1183,135,731,1299,4982,1541,11382,42948
,,,,,,,,2023,8602,815,617,1223,140,756,1345,5150,1597,11863,44466
,,,,,,,,2024,9001,847,641,1270,145,785,1397,5346,1659,12351,46527
,,,,,,,,2025,9618,905,685,1358,155,839,1494,5714,1775,13197,49105
,,,,,,,,2026,10624,971,735,1456,166,900,1602,6126,1903,14075,51835
,,,,,,,,2027,11514,1015,768,1523,174,941,1675,6404,1990,14542,53356
,,,,,,,,2028,12065,1044,790,1566,179,968,1721,6594,2043,14802,54149
,,,,,,,,2029,12431,1055,799,1583,181,978,1740,6663,2065,14836,54740
,,,,,,,,2030,12548,1053,797,1580,180,977,1736,6655,2059,14689,54642
,,,,,,,,2031,12437,1046,792,1570,179,970,1724,6614,2046,14504,54322
,,,,,,,,2032,12309,1039,787,1559,178,964,1713,6568,2032,14373,54157
,,,,,,,,2033,12239,1047,792,1570,179,971,1725,6615,2046,14435,54368
,,,,,,,,2034,12361,1056,799,1584,181,979,1740,6671,2064,14571,54936
,,,,,,,,2035,12734,1071,811,1607,183,993,1765,6768,2094,14879,55644
,,,,,,,,2036,13026,1108,839,1663,190,1028,1827,7003,2168,15854,57599
,,,,,,,,2037,13516,1134,859,1701,194,1052,1870,7166,2219,16255,59650
,,,,,,,,2038,13216,1087,823,1631,186,1008,1792,6870,2126,15579,57544
,,,,,,,,2039,12272,1016,769,1524,174,942,1674,6422,1986,14480,54003
,,,,,,,,2040,11136,935,708,1403,160,867,1540,5910,1827,13323,50337
,,,,,,,,2041,10046,867,657,1301,148,804,1430,5482,1696,12317,47152
,,,,,,,,2042,9359,833,631,1250,143,773,1373,5265,1629,11845,45451
,,,,,,,,2043,8978,810,613,1216,139,751,1336,5121,1585,11636,44930
,,,,,,,,2044,8828,802,607,1203,137,743,1322,5063,1569,11649,44897
,,,,,,,,2045,8834,813,615,1219,139,753,1341,5130,1592,11962,46362
,,,,,,,,2046,9148,870,658,1305,149,806,1435,5486,1706,13065,50261
,,,,,,,,2047,10168,994,753,1491,170,921,1643,6258,1955,15121,56814
,,,,,,,,2048,12023,1092,827,1638,187,1012,1806,6873,2149,16216,60857
,,,,,,,,2049,13139,1140,863,1710,195,1056,1883,7182,2239,16407,61935
,,,,,,,,2050,13521,1168,884,1752,200,1083,1926,7371,2287,16493,62477
,,,,,,,,2051,13712,1183,896,1775,203,1097,1951,7467,2317,16531,63106
,,,,,,,,2052,13795,1187,899,1781,203,1101,1958,7497,2325,16489,63176
,,,,,,,,2053,13743,1185,897,1778,203,1099,1954,7484,2320,16379,62994
,,,,,,,,2054,13611,1182,895,1773,202,1096,1948,7462,2313,16302,62655
,,,,,,,,2055,13551,1175,890,1763,201,1090,1938,7421,2300,16205,62240
,,,,,,,,2056,13419,1174,889,1761,201,1088,1937,7411,2300,16233,61754
,,,,,,,,2057,13423,1186,898,1780,203,1100,1957,7486,2325,16455,61824
,,,,,,,,2058,13603,1201,910,1802,206,1113,1983,7577,2356,16816,61987
,,,,,,,,2059,13793,1196,905,1794,205,1108,1973,7544,2344,16976,61792
,,,,,,,,2060,13993,1234,934,1851,211,1144,2036,7788,2418,17995,63381
,,,,,,,,2061,14837,1258,952,1887,216,1166,2076,7938,2466,18566,66138
,,,,,,,,2062,14740,1207,914,1810,207,1119,1990,7621,2362,17875,64053
,,,,,,,,2063,13831,1124,851,1686,192,1042,1853,7095,2199,16517,60058
,,,,,,,,2064,12545,1031,780,1546,176,955,1700,6507,2018,15230,55987
,,,,,,,,2065,11457,958,725,1437,164,887,1581,6039,1879,14351,53088
,,,,,,,,2066,10723,920,696,1379,157,852,1518,5797,1805,13910,51597
,,,,,,,,2067,10367,899,680,1348,154,833,1484,5665,1763,13741,51141
,,,,,,,,2068,10248,891,674,1336,152,825,1471,5612,1749,13798,51441
,,,,,,,,2069,10267,902,683,1354,155,836,1491,5684,1774,14219,53237
,,,,,,,,2070,10578,955,723,1433,164,884,1579,6011,1879,15434,57691
,,,,,,,,2071,11610,1077,815,1615,185,997,1782,6764,2123,17581,65065
,,,,,,,,2072,13426,1168,884,1752,200,1081,1933,7337,2304,18557,68737
,,,,,,,,2073,14433,1212,918,1818,208,1123,2004,7626,2386,18473,68388
,,,,,,,,2074,14570,1229,930,1843,211,1139,2029,7745,2412,18219,67363
,,,,,,,,2075,14575,1238,937,1857,212,1147,2044,7803,2429,17991,66536
,,,,,,,,2076,14523,1231,932,1847,211,1141,2032,7767,2414,17666,65540
,,,,,,,,2077,14436,1220,924,1831,209,1131,2014,7700,2392,17415,64626
,,,,,,,,2078,14233,1209,915,1813,207,1120,1994,7628,2368,17087,63733
,,,,,,,,2079,14062,1195,904,1792,205,1107,1970,7541,2340,16782,62788
,,,,,,,,2080,13828,1187,899,1781,203,1101,1959,7493,2327,16645,62073
,,,,,,,,2081,13679,1191,902,1787,204,1104,1966,7515,2335,16695,61978
,,,,,,,,2082,13726,1198,907,1797,205,1110,1977,7553,2349,16877,61947
,,,,,,,,2083,13768,1185,897,1778,203,1098,1956,7474,2323,16970,61724
,,,,,,,,2084,13837,1214,919,1821,208,1125,2003,7658,2380,17834,63131
,,,,,,,,2085,14627,1243,941,1864,213,1152,2051,7837,2437,18302,65689
,,,,,,,,2086,14601,1190,901,1785,204,1103,1962,7512,2330,17547,63729
,,,,,,,,2087,13708,1104,836,1657,189,1024,1822,6971,2164,16252,59722
,,,,,,,,2088,12403,1006,761,1509,172,932,1659,6345,1971,14951,55415
,,,,,,,,2089,11229,929,703,1393,159,861,1532,5865,1818,14014,52457
,,,,,,,,2090,10482,888,672,1333,152,824,1465,5609,1739,13529,50583
,,,,,,,,2091,10063,864,654,1296,148,801,1425,5457,1692,13301,49850
,,,,,,,,2092,9877,852,645,1279,146,790,1406,5381,1670,13260,49789
,,,,,,,,2093,9816,859,651,1289,147,797,1418,5424,1685,13548,51015
,,,,,,,,2094,10058,914,692,1371,156,847,1508,5762,1792,14604,54736
,,,,,,,,2095,11013,1033,782,1550,177,957,1708,6504,2033,16516,61017
,,,,,,,,2096,12786,1126,853,1690,193,1043,1862,7088,2216,17490,64057
,,,,,,,,2097,13842,1166,883,1750,200,1081,1926,7351,2290,17332,63756
,,,,,,,,2098,14046,1183,896,1775,203,1097,1950,7471,2315,17114,63467
,,,,,,,,2099,14107,1197,906,1795,205,1110,1973,7559,2341,17005,63481
,,,,,,,,2100,14179,1195,905,1793,205,1108,1969,7551,2336,16995,63689
,,,,,,,,2101,14209,1196,905,1794,205,1109,1970,7560,2336,17090,63724
,,,,,,,,2102,14141,1199,908,1799,205,1112,1975,7582,2342,17129,63769
,,,,,,,,2103,14133,1187,899,1781,203,1101,1956,7509,2319,16818,63684
,,,,,,,,2104,13954,1176,891,1765,201,1091,1938,7435,2299,16709,63415
,,,,,,,,2105,13823,1181,894,1772,202,1095,1947,7462,2310,16808,63378
,,,,,,,,2106,13938,1193,903,1790,204,1106,1967,7536,2335,16927,63291
,,,,,,,,2107,13946,1182,895,1772,202,1096,1948,7463,2312,16707,62151
,,,,,,,,2108,13913,1199,908,1799,205,1112,1976,7577,2344,17187,62235
,,,,,,,,2109,14399,1205,912,1808,206,1118,1986,7615,2357,17596,64175
,,,,,,,,2110,14146,1148,869,1722,197,1065,1891,7260,2242,16723,61844
,,,,,,,,2111,13181,1064,806,1597,182,987,1753,6731,2079,15252,57211
,,,,,,,,2112,11836,971,735,1457,166,901,1600,6142,1897,13864,52574
,,,,,,,,2113,10654,897,679,1346,154,832,1478,5670,1754,12935,49331
,,,,,,,,2114,9892,854,647,1282,146,792,1408,5399,1671,12357,47274
,,,,,,,,2115,9478,830,628,1245,142,770,1368,5245,1623,12053,46260
,,,,,,,,2116,9281,821,621,1231,140,761,1353,5184,1606,11984,46076
,,,,,,,,2117,9236,829,627,1243,142,768,1367,5232,1623,12236,47109
,,,,,,,,2118,9498,878,665,1318,150,814,1450,5542,1722,13216,50744
,,,,,,,,2119,10447,996,754,1494,171,922,1645,6270,1958,15169,57064
,,,,,,,,2120,12243,1097,831,1646,188,1016,1814,6908,2159,16218,60783
,,,,,,,,2121,13319,1146,867,1719,196,1062,1892,7221,2249,16464,61657
,,,,,,,,2122,13612,1175,890,1763,201,1090,1938,7420,2300,16516,62172
,,,,,,,,2123,13851,1192,903,1789,204,1105,1966,7529,2334,16646,62896
,,,,,,,,2124,14008,1201,909,1802,206,1114,1980,7586,2350,16601,63012
,,,,,,,,2125,14061,1199,908,1798,205,1112,1976,7573,2345,16516,62902
,,,,,,,,2126,13960,1197,906,1795,205,1110,1972,7561,2340,16482,62823
,,,,,,,,2127,13911,1191,902,1786,204,1104,1963,7525,2329,16469,62636
,,,,,,,,2128,13785,1194,904,1791,204,1107,1969,7542,2337,16443,62471
,,,,,,,,2129,13797,1206,913,1809,207,1118,1989,7613,2361,16540,62572
,,,,,,,,2130,13982,1220,924,1831,209,1131,2013,7702,2391,16745,62472
,,,,,,,,2131,14087,1213,918,1819,208,1124,2001,7655,2376,16211,61774
,,,,,,,,2132,14155,1227,929,1841,210,1138,2024,7749,2403,17288,62424
,,,,,,,,2133,14577,1231,932,1847,211,1141,2031,7771,2411,17767,64455
,,,,,,,,2134,14304,1178,892,1767,202,1092,1941,7441,2304,17024,62428
,,,,,,,,2135,13356,1091,826,1637,187,1012,1799,6893,2134,15680,58239
,,,,,,,,2136,12056,998,756,1498,171,926,1646,6306,1953,14404,53890
,,,,,,,,2137,10926,923,699,1385,158,856,1522,5832,1807,13456,50872
,,,,,,,,2138,10178,880,666,1320,151,816,1451,5558,1723,12930,49215
,,,,,,,,2139,9786,858,650,1287,147,796,1415,5419,1680,12744,48537
,,,,,,,,2140,9610,851,644,1277,146,789,1404,5372,1667,12764,48468
,,,,,,,,2141,9584,860,651,1290,147,797,1418,5425,1685,13163,49849
,,,,,,,,2142,9869,912,690,1368,156,845,1505,5749,1788,14277,53444
,,,,,,,,2143,10837,1032,781,1548,177,956,1706,6497,2031,16344,59974
,,,,,,,,2144,12514,1118,846,1677,192,1035,1849,7034,2200,17331,63573
,,,,,,,,2145,13507,1159,878,1739,199,1074,1915,7302,2277,17321,64061
,,,,,,,,2146,13694,1179,892,1768,202,1093,1944,7438,2309,17158,64043
,,,,,,,,2147,13763,1189,900,1783,204,1102,1961,7501,2329,17078,64079
,,,,,,,,2148,13792,1188,899,1782,203,1101,1959,7500,2326,16869,63636
,,,,,,,,2149,13701,1180,893,1770,202,1094,1946,7450,2310,16651,63416
,,,,,,,,2150,13470,1170,886,1755,200,1085,1929,7389,2290,16438,62985
,,,,,,,,2151,13345,1155,874,1732,198,1071,1904,7293,2260,16239,62433
,,,,,,,,2152,13168,1147,868,1720,196,1063,1891,7240,2246,16105,61901
,,,,,,,,2153,13009,1148,869,1722,197,1064,1894,7244,2249,16226,61885
,,,,,,,,2154,12977,1151,871,1726,197,1066,1899,7258,2256,16265,61527
,,,,,,,,2155,12827,1138,862,1708,195,1055,1878,7182,2231,16090,60522
,,,,,,,,2156,12731,1161,879,1741,199,1076,1915,7325,2274,16612,61018
,,,,,,,,2157,13412,1172,887,1758,201,1086,1933,7395,2296,16955,62385
,,,,,,,,2158,13409,1136,860,1704,195,1053,1873,7175,2223,16410,60325
,,,,,,,,2159,12771,1072,811,1607,183,994,1767,6767,2097,15383,57042
,,,,,,,,2160,11823,993,752,1490,170,921,1638,6270,1944,14230,53219
,,,,,,,,2161,10849,927,702,1390,159,859,1530,5845,1818,13369,50080
,,,,,,,,2162,9994,883,668,1324,151,818,1457,5565,1732,12744,47749
,,,,,,,,2163,9542,857,649,1285,147,794,1415,5402,1682,12411,46675
,,,,,,,,2164,9327,843,638,1264,144,781,1392,5311,1655,12255,46183
,,,,,,,,2165,9250,840,636,1261,144,779,1388,5295,1651,12263,46312
,,,,,,,,2166,9323,858,650,1288,147,795,1419,5405,1688,12613,47309
,,,,,,,,2167,9667,901,682,1351,154,834,1489,5666,1773,13386,49579
,,,,,,,,2168,10231,949,719,1424,163,879,1569,5973,1868,14120,51804
,,,,,,,,2169,11132,1020,772,1530,175,945,1686,6420,2007,15105,54638
,,,,,,,,2170,12187,1084,821,1626,186,1004,1791,6825,2131,15922,56788
,,,,,,,,2171,12845,1121,849,1682,192,1039,1853,7061,2205,16349,58064
,,,,,,,,2172,13228,1139,862,1708,195,1055,1880,7180,2235,16438,57970
,,,,,,,,2173,13343,1139,862,1709,195,1055,1881,7180,2235,16339,57632
,,,,,,,,2174,13276,1128,854,1692,193,1045,1861,7114,2211,16091,57113
,,,,,,,,2175,12972,1112,842,1667,190,1030,1834,7014,2178,15940,56327
,,,,,,,,2176,12701,1102,835,1654,189,1022,1819,6957,2161,15870,55705
,,,,,,,,2177,12545,1105,837,1658,189,1025,1824,6974,2167,15988,55710
,,,,,,,,2178,12528,1110,840,1665,190,1029,1832,7001,2176,16146,55726
,,,,,,,,2179,12720,1121,848,1681,192,1039,1849,7072,2196,16344,56013
,,,,,,,,2180,12846,1139,863,1709,195,1056,1881,7188,2234,16858,57289
,,,,,,,,2181,13336,1153,873,1729,197,1068,1902,7270,2260,16908,58809
,,,,,,,,2182,13274,1119,847,1679,192,1037,1848,7059,2196,16400,57172
,,,,,,,,2183,12735,1064,805,1596,182,986,1756,6712,2086,15486,54590
,,,,,,,,2184,11926,995,753,1492,170,922,1642,6274,1950,14423,51143
,,,,,,,,2185,10987,929,703,1394,159,861,1533,5861,1821,13397,48365
,,,,,,,,2186,10214,884,669,1326,151,819,1459,5575,1734,12801,46330
,,,,,,,,2187,9783,855,648,1283,146,793,1412,5394,1678,12468,45405
,,,,,,,,2188,9550,837,634,1256,143,776,1383,5279,1644,12319,45050
,,,,,,,,2189,9470,833,631,1250,143,772,1376,5254,1636,12280,45200
,,,,,,,,2190,9513,843,638,1264,144,781,1392,5313,1655,12563,46033
,,,,,,,,2191,9780,869,658,1304,149,805,1435,5476,1707,13003,47821
,,,,,,,,2192,10088,896,679,1345,153,830,1481,5643,1763,13407,49587
,,,,,,,,2193,10681,951,720,1426,163,881,1572,5986,1870,14103,52032
,,,,,,,,2194,11448,1003,759,1504,172,929,1657,6315,1970,14656,53685
,,,,,,,,2195,11988,1034,783,1551,177,958,1707,6513,2030,14812,54211
,,,,,,,,2196,12173,1055,798,1582,181,977,1740,6652,2068,14765,54045
,,,,,,,,2197,12251,1064,806,1597,182,987,1757,6716,2087,14678,54185
,,,,,,,,2198,12241,1067,808,1600,183,989,1760,6732,2090,14643,53848
,,,,,,,,2199,12167,1068,808,1602,183,990,1761,6741,2091,14571,53481
,,,,,,,,2200,12087,1073,813,1610,184,995,1770,6776,2102,14540,53352
,,,,,,,,2201,12178,1088,824,1632,186,1009,1795,6869,2131,14793,53957
,,,,,,,,2202,12500,1111,841,1667,190,1030,1833,7013,2176,15166,54768
,,,,,,,,2203,13060,1136,860,1705,195,1053,1875,7172,2226,15787,55703
,,,,,,,,2204,13462,1169,885,1754,200,1084,1928,7382,2289,16598,57502
,,,,,,,,2205,13854,1168,884,1752,200,1083,1926,7376,2286,16635,59527
,,,,,,,,2206,13465,1119,847,1679,192,1037,1846,7063,2193,15936,57755
,,,,,,,,2207,12574,1049,794,1573,180,972,1730,6619,2055,14848,54448
,,,,,,,,2208,11419,965,731,1448,165,895,1593,6094,1891,13686,50650
,,,,,,,,2209,10310,898,680,1347,154,832,1479,5673,1755,12798,47761
,,,,,,,,2210,9643,861,652,1292,147,799,1420,5444,1685,12302,46129
,,,,,,,,2211,9291,839,635,1258,144,778,1383,5300,1641,12159,45477
,,,,,,,,2212,9160,831,629,1247,142,771,1371,5251,1627,12216,45581
,,,,,,,,2213,9191,845,640,1268,145,783,1394,5336,1655,12607,46995
,,,,,,,,2214,9504,900,682,1351,154,835,1485,5682,1764,13765,50652
,,,,,,,,2215,10559,1017,770,1525,174,942,1680,6402,1999,15710,56770
,,,,,,,,2216,12371,1109,839,1663,190,1027,1832,6979,2180,16793,60430
,,,,,,,,2217,13478,1156,875,1734,198,1071,1909,7288,2269,17094,61909
,,,,,,,,2218,13788,1185,897,1777,203,1098,1953,7480,2319,17123,62816
,,,,,,,,2219,13957,1200,908,1800,205,1112,1979,7575,2349,17174,63131
,,,,,,,,2220,14042,1204,911,1806,206,1116,1985,7607,2355,17054,63290
,,,,,,,,2221,13957,1196,905,1794,205,1109,1970,7557,2337,16841,63138
,,,,,,,,2222,13740,1189,900,1784,204,1103,1960,7516,2324,16663,63073
,,,,,,,,2223,13621,1175,890,1763,201,1090,1937,7429,2297,16439,62705
,,,,,,,,2224,13471,1166,882,1749,200,1081,1921,7366,2279,16336,62436
,,,,,,,,2225,13367,1172,887,1757,201,1086,1931,7401,2292,16427,62393
,,,,,,,,2226,13418,1175,889,1762,201,1089,1938,7416,2301,16599,62340
,,,,,,,,2227,13472,1162,880,1743,199,1078,1916,7340,2274,16553,61643
,,,,,,,,2228,13439,1182,895,1774,202,1097,1949,7471,2312,17104,61659
,,,,,,,,2229,14125,1223,926,1835,210,1135,2017,7729,2393,17775,64100
,,,,,,,,2230,14178,1174,889,1761,201,1089,1934,7424,2293,17034,62241
,,,,,,,,2231,13305,1091,826,1637,187,1012,1798,6899,2132,15743,58170
,,,,,,,,2232,12039,995,754,1493,170,923,1640,6294,1945,14430,53897
,,,,,,,,2233,10856,922,698,1383,158,855,1518,5830,1801,13492,50497
,,,,,,,,2234,10113,882,667,1323,151,818,1452,5575,1722,13062,49057
,,,,,,,,2235,9735,859,650,1289,147,797,1416,5433,1679,12890,48290
,,,,,,,,2236,9595,854,647,1281,146,792,1408,5399,1670,12922,48440
,,,,,,,,2237,9618,868,657,1302,148,805,1430,5482,1697,13325,49864
,,,,,,,,2238,9954,921,698,1382,158,854,1520,5819,1804,14483,53511
,,,,,,,,2239,11008,1035,784,1553,177,959,1710,6522,2033,16347,59554
,,,,,,,,2240,12741,1120,848,1679,192,1037,1850,7052,2200,17300,62886
,,,,,,,,2241,13716,1160,878,1740,199,1075,1914,7316,2275,17166,63333
,,,,,,,,2242,13798,1176,890,1764,201,1090,1938,7428,2300,16961,63072
,,,,,,,,2243,13803,1182,895,1773,202,1096,1948,7464,2313,16853,63207
,,,,,,,,2244,13778,1183,895,1774,202,1097,1949,7473,2312,16697,63400
,,,,,,,,2245,13672,1175,889,1762,201,1089,1935,7426,2296,16500,63482
,,,,,,,,2246,13479,1168,884,1753,200,1084,1925,7386,2283,16418,63780
,,,,,,,,2247,13361,1160,878,1740,199,1076,1911,7334,2266,16278,63785
,,,,,,,,2248,13239,1157,876,1736,198,1073,1907,7314,2262,16294,63648
,,,,,,,,2249,13179,1164,881,1746,199,1079,1918,7353,2276,16424,63724
,,,,,,,,2250,13239,1171,887,1757,201,1086,1931,7394,2292,16530,63398
,,,,,,,,2251,13231,1160,878,1740,199,1076,1912,7328,2269,16379,62381
,,,,,,,,2252,13193,1174,889,1761,201,1089,1935,7420,2296,16873,62380
,,,,,,,,2253,13896,1205,912,1807,206,1117,1986,7612,2357,17507,64505
,,,,,,,,2254,13961,1156,875,1734,198,1072,1903,7308,2257,16684,62118
,,,,,,,,2255,13023,1069,809,1603,183,991,1761,6757,2088,15321,57825
,,,,,,,,2256,11714,974,737,1461,167,903,1604,6158,1902,13973,53141
,,,,,,,,2257,10514,902,683,1353,154,837,1485,5706,1761,12990,50031
,,,,,,,,2258,9742,864,654,1296,148,801,1423,5465,1687,12471,48066
,,,,,,,,2259,9343,837,634,1256,143,776,1379,5295,1635,12155,46998
,,,,,,,,2260,9155,826,625,1239,141,766,1361,5224,1614,12127,46785
,,,,,,,,2261,9127,836,633,1254,143,775,1378,5283,1634,12352,47673
,,,,,,,,2262,9398,889,673,1333,152,824,1465,5615,1739,13382,51010
,,,,,,,,2263,10392,1002,759,1504,172,929,1655,6318,1967,15128,56758
,,,,,,,,2264,12089,1091,826,1636,187,1011,1802,6874,2142,16139,59966
,,,,,,,,2265,13060,1138,862,1708,195,1055,1878,7182,2231,16477,61246
,,,,,,,,2266,13217,1162,880,1743,199,1077,1915,7342,2272,16644,61917
,,,,,,,,2267,13296,1175,890,1763,201,1090,1937,7425,2299,16969,62816
,,,,,,,,2268,13391,1182,895,1773,202,1096,1948,7473,2310,17034,63427
,,,,,,,,2269,13412,1182,895,1773,202,1096,1947,7472,2308,16922,63778
,,,,,,,,2270,13311,1184,896,1776,203,1098,1950,7484,2312,17003,64016
,,,,,,,,2271,13298,1178,892,1768,202,1093,1941,7452,2302,16985,63853
,,,,,,,,2272,13277,1178,891,1767,202,1092,1940,7445,2301,16943,63662
,,,,,,,,2273,13225,1183,896,1775,203,1097,1950,7478,2314,17003,63579
,,,,,,,,2274,13289,1189,900,1783,204,1102,1960,7507,2327,16968,63252
,,,,,,,,2275,13291,1166,883,1749,200,1081,1922,7367,2280,16524,62229
,,,,,,,,2276,13207,1168,884,1752,200,1083,1925,7382,2283,16735,61976
,,,,,,,,2277,13799,1202,910,1803,206,1115,1981,7596,2350,17326,63872
,,,,,,,,2278,13743,1158,877,1738,198,1074,1908,7326,2262,16519,61883
,,,,,,,,2279,12809,1074,813,1611,184,996,1769,6792,2098,15205,57742
,,,,,,,,2280,11526,983,744,1474,168,912,1619,6216,1919,13862,53302
,,,,,,,,2281,10355,910,689,1365,156,844,1499,5754,1778,12890,49997
,,,,,,,,2282,9636,871,659,1307,149,808,1435,5507,1702,12357,48071
,,,,,,,,2283,9265,847,641,1271,145,786,1396,5357,1656,12143,46949
,,,,,,,,2284,9104,839,635,1259,144,778,1383,5302,1641,12101,46762
,,,,,,,,2285,9108,849,643,1274,145,788,1401,5365,1662,12454,47932
,,,,,,,,2286,9429,898,679,1347,154,832,1481,5666,1758,13438,51290
,,,,,,,,2287,10471,1005,761,1507,172,931,1660,6328,1974,15180,56970
,,,,,,,,2288,12197,1092,827,1638,187,1011,1804,6875,2146,16150,60506
,,,,,,,,2289,13225,1146,868,1720,196,1062,1892,7228,2249,16461,61871
,,,,,,,,2290,13438,1176,890,1764,201,1090,1939,7425,2302,16492,62537
,,,,,,,,2291,13572,1194,904,1791,204,1107,1969,7537,2338,16550,62836
,,,,,,,,2292,13651,1200,908,1800,205,1112,1978,7578,2347,16444,62812
,,,,,,,,2293,13628,1194,904,1791,204,1107,1968,7544,2335,16268,62240
,,,,,,,,2294,13477,1188,899,1782,203,1102,1958,7505,2323,16185,61934
,,,,,,,,2295,13418,1176,890,1764,201,1091,1938,7431,2300,16078,61315
,,,,,,,,2296,13269,1169,885,1754,200,1084,1927,7386,2287,16043,60964
,,,,,,,,2297,13173,1169,885,1754,200,1084,1928,7383,2288,16126,60783
,,,,,,,,2298,13210,1169,885,1753,200,1083,1928,7375,2290,16228,60799
,,,,,,,,2299,13153,1149,870,1724,197,1065,1895,7254,2250,16056,60020
,,,,,,,,2300,13054,1155,875,1733,198,1071,1905,7295,2261,16436,60474
,,,,,,,,2301,13643,1195,905,1793,205,1108,1971,7543,2340,17048,62896
,,,,,,,,2302,13785,1156,875,1734,198,1072,1906,7306,2261,16441,61566
,,,,,,,,2303,13035,1079,817,1619,185,1001,1779,6819,2111,15290,58055
,,,,,,,,2304,11846,994,752,1491,170,922,1638,6280,1944,14101,53896
,,,,,,,,2305,10755,925,700,1387,158,857,1525,5841,1809,13195,50916
,,,,,,,,2306,9993,885,670,1328,151,821,1459,5590,1732,12699,49212
,,,,,,,,2307,9609,859,651,1289,147,797,1417,5428,1683,12494,48455
,,,,,,,,2308,9438,850,644,1275,146,788,1403,5367,1666,12492,48549
,,,,,,,,2309,9430,854,647,1282,146,792,1410,5391,1675,12783,49591
,,,,,,,,2310,9676,896,678,1344,153,831,1479,5652,1758,13546,52564
,,,,,,,,2311,10482,971,735,1456,166,899,1605,6110,1911,14661,57086
,,,,,,,,2312,11710,1038,786,1557,178,961,1716,6530,2042,15365,59583
,,,,,,,,2313,12690,1097,831,1646,188,1017,1812,6914,2155,15755,60684
,,,,,,,,2314,13138,1134,858,1701,194,1051,1870,7156,2221,15867,60829
,,,,,,,,2315,13379,1148,869,1722,197,1064,1894,7246,2249,15869,60793
,,,,,,,,2316,13435,1150,870,1724,197,1066,1895,7260,2250,15653,60111
,,,,,,,,2317,13326,1138,862,1708,195,1056,1877,7192,2227,15575,58835
,,,,,,,,2318,13115,1128,854,1693,193,1046,1860,7130,2207,15157,58169
,,,,,,,,2319,12948,1119,847,1679,192,1038,1844,7071,2188,14947,57301
,,,,,,,,2320,12773,1104,836,1657,189,1024,1820,6978,2160,14940,56809
,,,,,,,,2321,12617,1105,836,1657,189,1024,1821,6976,2162,15077,56697
,,,,,,,,2322,12645,1110,840,1665,190,1029,1831,7004,2175,15328,56684
,,,,,,,,2323,12596,1091,826,1637,187,1012,1800,6891,2137,15214,55915
,,,,,,,,2324,12471,1097,830,1646,188,1017,1809,6928,2147,15538,55932
,,,,,,,,2325,12980,1135,859,1702,194,1052,1872,7165,2222,16167,58465
,,,,,,,,2326,13126,1102,835,1654,189,1022,1817,6967,2155,15720,57840
,,,,,,,,2327,12522,1047,792,1570,179,971,1725,6613,2047,14860,55356
,,,,,,,,2328,11590,975,738,1463,167,904,1608,6163,1908,13851,52276
,,,,,,,,2329,10648,912,691,1369,156,846,1505,5762,1786,13064,49893
,,,,,,,,2330,9886,873,661,1310,149,810,1440,5514,1710,12514,48388
,,,,,,,,2331,9476,848,642,1272,145,786,1399,5354,1661,12246,47715
,,,,,,,,2332,9259,835,632,1253,143,774,1378,5270,1636,12223,47795
,,,,,,,,2333,9190,836,633,1254,143,775,1379,5273,1638,12321,48363
,,,,,,,,2334,9292,852,645,1278,146,790,1406,5374,1671,12791,49844
,,,,,,,,2335,9662,886,670,1329,152,821,1463,5581,1739,13350,52331
,,,,,,,,2336,10121,926,701,1389,159,858,1530,5831,1820,13840,54207
,,,,,,,,2337,10953,988,748,1482,169,915,1632,6222,1942,14438,56031
,,,,,,,,2338,11831,1032,782,1549,177,957,1705,6507,2027,14768,56931
,,,,,,,,2339,12330,1058,801,1587,181,980,1746,6667,2076,14836,56864
,,,,,,,,2340,12465,1064,805,1596,182,986,1755,6712,2084,14701,56093
,,,,,,,,2341,12432,1060,802,1590,181,982,1748,6687,2076,14503,55272
,,,,,,,,2342,12247,1046,792,1569,179,970,1725,6603,2048,14180,54118
,,,,,,,,2343,12010,1033,782,1550,177,958,1704,6524,2022,13947,53095
,,,,,,,,2344,11804,1023,774,1535,175,948,1687,6459,2003,13863,52668
,,,,,,,,2345,11783,1025,776,1537,175,950,1690,6471,2007,13949,52702
,,,,,,,,2346,11964,1031,780,1547,177,956,1700,6508,2019,14135,52796
,,,,,,,,2347,12297,1039,786,1558,178,963,1713,6557,2034,14363,53142
,,,,,,,,2348,12543,1068,808,1602,183,990,1761,6741,2090,15046,54308
,,,,,,,,2349,12982,1111,841,1666,190,1030,1831,7016,2173,15778,56876
,,,,,,,,2350,12935,1082,819,1624,185,1003,1785,6832,2120,15368,56020
,,,,,,,,2351,12336,1026,777,1540,176,952,1693,6483,2009,14583,53445
,,,,,,,,2352,11420,957,724,1436,164,887,1578,6044,1873,13566,50141
,,,,,,,,2353,10439,893,676,1340,153,828,1472,5640,1748,12623,47314
,,,,,,,,2354,9625,848,642,1272,145,786,1399,5357,1660,12071,45487
,,,,,,,,2355,9157,823,623,1234,141,763,1357,5194,1611,11839,44801
,,,,,,,,2356,8891,806,610,1209,138,747,1330,5088,1579,11767,44645
,,,,,,,,2357,8793,804,608,1206,138,745,1326,5073,1575,11856,44981
,,,,,,,,2358,8838,818,619,1226,140,758,1349,5160,1602,12219,46299
,,,,,,,,2359,9117,840,636,1260,144,778,1386,5297,1647,12631,48028
,,,,,,,,2360,9471,868,657,1302,149,804,1434,5469,1705,13039,49770
,,,,,,,,2361,10264,920,696,1380,158,852,1520,5793,1807,13524,51815
,,,,,,,,2362,11217,959,726,1439,164,889,1584,6044,1883,13791,52822
,,,,,,,,2363,11848,980,742,1470,168,908,1618,6176,1923,13794,52536
,,,,,,,,2364,12053,987,747,1480,169,915,1628,6226,1934,13705,52254
,,,,,,,,2365,12210,989,748,1483,169,916,1631,6239,1937,13606,51997
,,,,,,,,2366,12113,979,741,1468,168,907,1615,6179,1917,13383,51106
,,,,,,,,2367,11686,965,731,1448,165,895,1592,6097,1890,13129,50173
,,,,,,,,2368,11253,948,717,1422,162,879,1563,5984,1855,12971,49608
,,,,,,,,2369,11039,947,717,1421,162,878,1562,5980,1854,12959,49546
,,,,,,,,2370,10949,949,719,1424,163,880,1566,5995,1859,13013,49492
,,,,,,,,2371,11076,959,726,1438,164,889,1582,6053,1878,13288,49975
,,,,,,,,2372,11385,995,753,1492,170,922,1640,6281,1947,14036,50575
,,,,,,,,2373,12215,1057,800,1586,181,980,1743,6679,2068,14983,55008
,,,,,,,,2374,12607,1036,784,1554,177,960,1708,6540,2028,14649,54526
,,,,,,,,2375,11915,982,743,1473,168,910,1619,6200,1922,13812,51879
,,,,,,,,2376,10855,919,695,1378,157,852,1515,5801,1798,12859,48849
,,,,,,,,2377,9809,858,650,1288,147,796,1414,5430,1677,12004,46127
,,,,,,,,2378,9193,826,625,1240,141,766,1361,5226,1614,11584,45017
,,,,,,,,2379,8880,807,611,1211,138,749,1330,5106,1577,11407,44674
,,,,,,,,2380,8776,800,606,1200,137,742,1318,5058,1564,11440,44996
,,,,,,,,2381,8780,809,612,1213,138,750,1333,5111,1582,11786,46572
,,,,,,,,2382,9091,857,649,1286,147,795,1414,5415,1678,12760,50310
,,,,,,,,2383,10120,945,716,1418,162,876,1561,5959,1857,14146,56128
,,,,,,,,2384,11771,1028,778,1542,176,952,1698,6476,2019,15181,59229
,,,,,,,,2385,12915,1101,833,1652,189,1020,1817,6946,2158,15758,60883
,,,,,,,,2386,13294,1145,867,1717,196,1062,1887,7234,2239,16063,61788
,,,,,,,,2387,13504,1172,887,1758,201,1087,1932,7404,2292,16365,62618
,,,,,,,,2388,13648,1185,897,1777,203,1099,1952,7488,2315,16431,62831
,,,,,,,,2389,13665,1183,895,1774,202,1097,1948,7478,2310,16380,62756
,,,,,,,,2390,13568,1179,892,1768,202,1093,1942,7454,2302,16326,62410
,,,,,,,,2391,13487,1171,886,1756,200,1086,1928,7404,2286,16164,62082
,,,,,,,,2392,13367,1163,880,1745,199,1079,1916,7353,2272,16140,61645
,,,,,,,,2393,13304,1165,882,1747,199,1080,1919,7361,2277,16235,61568
,,,,,,,,2394,13371,1169,885,1753,200,1084,1927,7382,2287,16375,61571
,,,,,,,,2395,13404,1153,873,1729,197,1069,1900,7283,2254,16208,60858
,,,,,,,,2396,13343,1156,875,1734,198,1072,1905,7307,2259,16618,61309
,,,,,,,,2397,13850,1185,897,1778,203,1099,1953,7489,2316,17148,63346
,,,,,,,,2398,13850,1136,860,1705,195,1054,1871,7188,2218,16335,61526
,,,,,,,,2399,12878,1056,800,1584,181,980,1739,6681,2062,15046,57234
,,,,,,,,2400,11528,967,732,1451,165,897,1592,6117,1887,13706,52802
,,,,,,,,2401,10316,893,676,1339,153,828,1470,5650,1743,12818,50039
,,,,,,,,2402,9569,853,646,1280,146,792,1405,5400,1666,12351,48527
,,,,,,,,2403,9187,830,628,1245,142,770,1367,5250,1620,12110,47754
,,,,,,,,2404,9030,820,621,1230,140,761,1351,5187,1602,12078,47968
,,,,,,,,2405,9025,829,628,1244,142,769,1366,5241,1621,12422,49424
,,,,,,,,2406,9338,876,663,1314,150,812,1444,5534,1714,13486,53246
,,,,,,,,2407,10360,965,731,1448,165,894,1594,6082,1895,15097,59497
,,,,,,,,2408,11993,1046,792,1570,179,969,1728,6593,2055,16100,62832
,,,,,,,,2409,13029,1109,840,1664,190,1028,1830,6997,2173,16352,63683
,,,,,,,,2410,13217,1143,865,1715,196,1060,1884,7224,2235,16389,63758
,,,,,,,,2411,13325,1163,881,1745,199,1079,1917,7350,2275,16482,64081
,,,,,,,,2412,13414,1173,888,1760,201,1088,1933,7417,2292,16615,64179
,,,,,,,,2413,13406,1175,890,1763,201,1090,1936,7433,2295,16611,63946
,,,,,,,,2414,13326,1174,889,1761,201,1089,1934,7425,2293,16531,63698
,,,,,,,,2415,13332,1168,884,1752,200,1083,1923,7386,2280,16420,63303
,,,,,,,,2416,13226,1167,884,1751,200,1083,1923,7381,2280,16441,62926
,,,,,,,,2417,13165,1172,887,1758,201,1087,1931,7409,2291,16586,63115
,,,,,,,,2418,13260,1180,893,1770,202,1094,1945,7453,2308,16700,63285
,,,,,,,,2419,13223,1163,881,1745,199,1079,1917,7352,2275,16610,63143
,,,,,,,,2420,13154,1169,885,1753,200,1084,1926,7389,2284,16980,63692
,,,,,,,,2421,13687,1189,900,1783,204,1102,1959,7513,2324,17587,65933
,,,,,,,,2422,13716,1143,865,1714,196,1060,1882,7227,2231,16808,64194
,,,,,,,,2423,12749,1062,804,1594,182,985,1750,6719,2074,15496,60201
,,,,,,,,2424,11422,976,739,1465,167,906,1608,6177,1906,14256,55977
,,,,,,,,2425,10212,907,686,1360,155,841,1493,5735,1771,13370,53288
,,,,,,,,2426,9473,866,656,1299,148,803,1427,5476,1692,12918,51648
,,,,,,,,2427,9106,842,638,1264,144,781,1388,5326,1646,12703,51191
,,,,,,,,2428,8955,834,631,1251,143,773,1374,5270,1630,12727,51455
,,,,,,,,2429,8972,842,638,1264,144,781,1389,5321,1648,13061,53053
,,,,,,,,2430,9265,889,673,1333,152,824,1466,5610,1740,14072,57041
,,,,,,,,2431,10260,979,741,1468,168,907,1617,6165,1923,15822,63264
,,,,,,,,2432,11900,1064,805,1596,182,985,1758,6699,2091,16802,66586
,,,,,,,,2433,13030,1130,856,1696,194,1048,1866,7128,2217,17075,67091
,,,,,,,,2434,13296,1164,881,1746,199,1079,1919,7350,2277,17043,66865
,,,,,,,,2435,13378,1184,896,1776,203,1098,1952,7475,2317,16981,66544
,,,,,,,,2436,13452,1186,898,1780,203,1100,1955,7495,2320,16970,66056
,,,,,,,,2437,13435,1183,896,1775,203,1098,1950,7480,2313,16894,65403
,,,,,,,,2438,13309,1176,890,1763,201,1090,1937,7430,2298,16890,65035
,,,,,,,,2439,13271,1169,885,1753,200,1084,1925,7387,2283,16714,64390
,,,,,,,,2440,13205,1160,878,1740,199,1075,1911,7330,2267,16697,64028
,,,,,,,,2441,13146,1164,882,1747,199,1080,1919,7358,2277,16840,64035
,,,,,,,,2442,13241,1169,885,1754,200,1084,1928,7383,2290,17041,64413
,,,,,,,,2443,13244,1155,875,1733,198,1071,1904,7297,2260,16986,64247
,,,,,,,,2444,13226,1159,877,1739,198,1075,1910,7323,2266,17479,64918
,,,,,,,,2445,13749,1188,900,1783,204,1102,1959,7508,2325,17997,67294
,,,,,,,,2446,13755,1146,868,1719,196,1063,1888,7247,2239,17207,65931
,,,,,,,,2447,12808,1069,809,1603,183,991,1761,6756,2088,15943,62152
,,,,,,,,2448,11505,981,742,1471,168,910,1616,6200,1916,14656,58111
,,,,,,,,2449,10360,911,689,1366,156,845,1500,5759,1779,13727,55482
,,,,,,,,2450,9601,870,658,1305,149,807,1433,5500,1700,13240,54041
,,,,,,,,2451,9222,846,640,1269,145,785,1394,5349,1653,13015,53518
,,,,,,,,2452,9048,840,636,1261,144,779,1385,5312,1643,13037,53884
,,,,,,,,2453,9045,850,643,1274,145,788,1401,5367,1662,13360,55373
,,,,,,,,2454,9326,896,678,1344,153,831,1478,5660,1754,14389,59412
,,,,,,,,2455,10322,984,745,1477,169,912,1626,6202,1933,15998,65443
,,,,,,,,2456,11909,1063,805,1595,182,985,1757,6697,2089,16879,68083
,,,,,,,,2457,12964,1120,848,1681,192,1038,1849,7067,2197,16988,67718
,,,,,,,,2458,13209,1149,870,1724,197,1065,1894,7259,2247,16867,66606
,,,,,,,,2459,13305,1165,882,1747,199,1080,1920,7357,2278,16882,65847
,,,,,,,,2460,13371,1170,886,1755,200,1085,1928,7396,2287,16831,64736
,,,,,,,,2461,13394,1167,883,1750,200,1082,1922,7376,2279,16775,63998
,,,,,,,,2462,13335,1164,881,1746,199,1080,1918,7361,2274,16750,63423
,,,,,,,,2463,13350,1159,877,1738,198,1075,1909,7328,2263,16606,62687
,,,,,,,,2464,13275,1153,873,1729,197,1069,1899,7288,2252,16484,62045
,,,,,,,,2465,13245,1153,873,1730,197,1069,1900,7288,2254,16528,61760
,,,,,,,,2466,13344,1156,875,1734,198,1072,1906,7302,2263,16639,61798
,,,,,,,,2467,13368,1137,861,1705,195,1054,1874,7183,2223,16491,61099
,,,,,,,,2468,13265,1140,863,1710,195,1057,1878,7204,2228,16820,61429
,,,,,,,,2469,13697,1175,890,1763,201,1090,1937,7428,2298,17543,64445
,,,,,,,,2470,13766,1135,859,1703,194,1053,1870,7181,2217,16914,63143
,,,,,,,,2471,12900,1061,803,1592,182,984,1748,6712,2072,15568,59332
,,,,,,,,2472,11650,978,741,1468,167,908,1611,6191,1910,14334,55376
,,,,,,,,2473,10481,908,687,1362,155,842,1495,5745,1773,13464,52664
,,,,,,,,2474,9719,868,657,1303,149,805,1430,5493,1696,12972,51212
,,,,,,,,2475,9339,844,639,1266,144,783,1390,5339,1648,12772,50759
,,,,,,,,2476,9178,836,633,1255,143,776,1378,5288,1634,12794,50916
,,,,,,,,2477,9179,844,639,1267,144,783,1392,5337,1651,13102,52488
,,,,,,,,2478,9471,892,676,1339,153,827,1471,5637,1746,14164,56223
,,,,,,,,2479,10440,974,737,1461,167,902,1608,6136,1912,15765,62277
,,,,,,,,2480,11948,1051,795,1576,180,974,1736,6621,2064,16669,65099
,,,,,,,,2481,12978,1110,840,1665,190,1029,1832,7005,2176,16754,65204
,,,,,,,,2482,13163,1138,861,1707,195,1055,1875,7190,2224,16642,64473
,,,,,,,,2483,13262,1156,876,1735,198,1072,1906,7308,2261,16611,63840
,,,,,,,,2484,13326,1159,877,1738,198,1075,1909,7327,2264,16545,63365
,,,,,,,,2485,13270,1152,872,1728,197,1068,1897,7286,2249,16345,62685
,,,,,,,,2486,13115,1147,869,1721,196,1064,1890,7258,2240,16195,61993
,,,,,,,,2487,13049,1138,862,1708,195,1056,1875,7201,2222,16077,61419
,,,,,,,,2488,12925,1130,856,1696,193,1048,1862,7149,2207,15972,60857
,,,,,,,,2489,12786,1130,855,1695,193,1048,1862,7144,2208,15996,60689
,,,,,,,,2490,12742,1126,853,1689,193,1044,1856,7115,2203,16001,60250
,,,,,,,,2491,12548,1098,832,1648,188,1019,1810,6942,2147,15755,59132
,,,,,,,,2492,12300,1094,828,1641,187,1014,1802,6914,2137,15896,58734
,,,,,,,,2493,12676,1131,856,1696,194,1049,1863,7147,2210,16536,60699
,,,,,,,,2494,12899,1099,832,1648,188,1019,1809,6950,2144,15994,59761
,,,,,,,,2495,12202,1037,785,1555,177,962,1707,6559,2024,14961,56369
,,,,,,,,2496,11189,963,729,1444,165,893,1585,6092,1878,13837,52611
,,,,,,,,2497,10151,897,679,1345,153,832,1477,5675,1750,12918,49694
,,,,,,,,2498,9347,853,646,1280,146,791,1404,5397,1665,12352,47781
,,,,,,,,2499,8922,828,627,1242,142,768,1364,5239,1616,12093,47021
,,,,,,,,2500,8682,813,616,1220,139,754,1340,5143,1589,11981,46719
,,,,,,,,2501,8611,813,615,1219,139,754,1338,5139,1587,12066,47097
,,,,,,,,2502,8716,830,628,1245,142,770,1368,5245,1622,12516,48621
,,,,,,,,2503,9109,854,646,1281,146,791,1408,5390,1672,13005,50943
,,,,,,,,2504,9541,897,679,1345,153,831,1480,5658,1758,13549,52964
,,,,,,,,2505,10402,953,722,1430,163,884,1573,6016,1869,14130,55190
,,,,,,,,2506,11220,998,756,1497,171,925,1646,6302,1954,14442,56627
,,,,,,,,2507,11730,1027,778,1541,176,952,1694,6486,2010,14580,57362
,,,,,,,,2508,11945,1038,785,1556,178,962,1710,6557,2029,14545,57519
,,,,,,,,2509,11937,1039,786,1558,178,963,1712,6565,2030,14458,57291
,,,,,,,,2510,11771,1032,781,1548,177,957,1701,6525,2017,14330,56610
,,,,,,,,2511,11568,1024,775,1537,175,950,1687,6478,2001,14216,56104
,,,,,,,,2512,11382,1018,771,1527,174,944,1677,6438,1989,14228,55861
,,,,,,,,2513,11341,1022,773,1533,175,948,1683,6460,1996,14383,56014
,,,,,,,,2514,11371,1026,777,1539,176,952,1690,6488,2004,14502,56136
,,,,,,,,2515,11529,1037,785,1555,177,961,1708,6551,2026,14658,56257
,,,,,,,,2516,11599,1063,804,1594,182,986,1751,6717,2077,15233,56860
,,,,,,,,2517,12011,1094,828,1642,187,1015,1803,6920,2138,15726,58544
,,,,,,,,2518,12182,1063,805,1594,182,986,1751,6717,2078,15192,57081
,,,,,,,,2519,11546,1008,763,1513,173,935,1661,6377,1969,14266,54009
,,,,,,,,2520,10609,941,712,1412,161,873,1549,5954,1836,13218,50431
,,,,,,,,2521,9679,877,664,1316,150,814,1443,5554,1709,12239,47275
,,,,,,,,2522,8931,832,630,1249,142,772,1369,5272,1622,11619,45181
,,,,,,,,2523,8499,803,608,1205,137,745,1321,5086,1564,11268,43870
,,,,,,,,2524,8255,786,595,1179,134,729,1293,4976,1532,11044,43170
,,,,,,,,2525,8152,779,589,1168,133,722,1282,4930,1518,11030,43067
,,,,,,,,2526,8180,786,595,1180,134,729,1294,4977,1534,11212,43593
,,,,,,,,2527,8393,801,606,1201,137,743,1319,5064,1564,11473,44809
,,,,,,,,2528,8594,823,623,1235,141,763,1357,5199,1610,11892,46287
,,,,,,,,2529,9265,882,668,1324,151,818,1455,5573,1728,12725,49118
,,,,,,,,2530,10200,945,715,1417,162,876,1558,5967,1849,13438,51719
,,,,,,,,2531,10915,991,750,1487,170,919,1634,6261,1939,13928,53522
,,,,,,,,2532,11302,1025,776,1537,175,950,1689,6477,2004,14222,54756
,,,,,,,,2533,11537,1045,791,1567,179,969,1722,6602,2043,14302,55723
,,,,,,,,2534,11586,1050,795,1575,180,974,1731,6637,2053,14408,56255
,,,,,,,,2535,11502,1051,796,1576,180,975,1731,6644,2053,14489,56722
,,,,,,,,2536,11438,1052,796,1577,180,975,1733,6647,2055,14695,57308
,,,,,,,,2537,11490,1063,805,1595,182,986,1752,6722,2078,14969,58326
,,,,,,,,2538,11652,1076,815,1615,184,998,1773,6806,2103,15275,59035
,,,,,,,,2539,11957,1087,823,1631,186,1008,1792,6870,2126,15520,59513
,,,,,,,,2540,12072,1107,838,1661,190,1027,1825,7000,2164,16042,60373
,,,,,,,,2541,12476,1147,868,1721,196,1064,1889,7254,2240,16929,62858
,,,,,,,,2542,12616,1110,840,1665,190,1030,1829,7017,2170,16329,61451
,,,,,,,,2543,11856,1039,787,1559,178,964,1712,6572,2029,15123,57516
,,,,,,,,2544,10815,951,720,1427,163,882,1566,6020,1856,13840,53239
,,,,,,,,2545,9747,875,662,1313,150,812,1440,5540,1707,12739,49522
,,,,,,,,2546,9048,838,634,1257,143,777,1377,5309,1631,12167,47399
,,,,,,,,2547,8650,814,616,1221,139,755,1338,5161,1583,11826,46282
,,,,,,,,2548,8441,804,609,1206,137,746,1322,5098,1564,11722,46060
,,,,,,,,2549,8400,814,616,1221,139,756,1339,5162,1585,11935,47043
,,,,,,,,2550,8638,867,656,1301,148,805,1426,5495,1689,12889,50271
,,,,,,,,2551,9430,970,734,1455,166,899,1598,6129,1896,14481,56005
,,,,,,,,2552,10552,1073,812,1610,184,995,1770,6773,2102,15712,59835
,,,,,,,,2553,11816,1143,865,1714,196,1059,1884,7216,2236,16509,62492
,,,,,,,,2554,12708,1196,905,1794,205,1109,1971,7557,2338,17114,64421
,,,,,,,,2555,13338,1237,937,1856,212,1147,2041,7813,2423,17790,66288
,,,,,,,,2556,13849,1262,955,1893,216,1170,2082,7961,2473,18424,67609
,,,,,,,,2557,14199,1277,967,1916,219,1184,2109,8054,2506,18966,68579
,,,,,,,,2558,14366,1295,981,1943,222,1200,2140,8157,2545,19487,69314
,,,,,,,,2559,14520,1304,987,1956,224,1208,2156,8206,2566,19851,69746
,,,,,,,,2560,14594,1309,991,1963,224,1212,2165,8227,2578,20159,69992
,,,,,,,,2561,14641,1307,990,1961,224,1210,2164,8208,2580,20392,70311
,,,,,,,,2562,14672,1290,977,1935,221,1194,2138,8092,2551,20434,70037
,,,,,,,,2563,14477,1250,946,1874,214,1156,2070,7840,2470,20021,68619
,,,,,,,,2564,14113,1232,933,1848,211,1140,2039,7738,2430,19840,67407
,,,,,,,,2565,14219,1266,958,1899,217,1172,2093,7965,2491,20382,68724
,,,,,,,,2566,14361,1219,923,1829,209,1130,2012,7687,2391,19428,66863
,,,,,,,,2567,13334,1123,850,1685,192,1041,1853,7091,2200,17607,61494
,,,,,,,,2568,11940,1023,774,1535,175,949,1686,6466,2000,15889,56210
,,,,,,,,2569,10640,947,717,1420,162,878,1558,5995,1846,14603,52279
,,,,,,,,2570,9762,899,680,1348,154,834,1478,5694,1750,13722,49802
,,,,,,,,2571,9238,866,655,1299,148,804,1424,5488,1685,13182,48301
,,,,,,,,2572,8949,851,644,1277,145,790,1399,5394,1656,12909,47665
,,,,,,,,2573,8827,855,647,1283,146,794,1407,5419,1665,12993,48567
,,,,,,,,2574,9047,902,683,1353,154,837,1484,5711,1757,13821,51660
,,,,,,,,2575,9830,1000,757,1500,171,927,1648,6319,1956,15272,57357
,,,,,,,,2576,11053,1100,833,1650,188,1019,1814,6940,2154,16445,60640
,,,,,,,,2577,12356,1158,877,1737,198,1074,1909,7314,2266,17035,62485
,,,,,,,,2578,13107,1195,904,1792,205,1108,1968,7552,2335,17399,63305
,,,,,,,,2579,13573,1218,922,1828,209,1130,2008,7698,2383,17762,64287
,,,,,,,,2580,13933,1233,934,1850,211,1143,2033,7789,2413,17938,64786
,,,,,,,,2581,14116,1236,935,1854,212,1146,2038,7802,2419,18102,65087
,,,,,,,,2582,14178,1241,939,1861,213,1150,2047,7828,2431,18342,65314
,,,,,,,,2583,14322,1242,940,1863,213,1151,2050,7833,2436,18467,65416
,,,,,,,,2584,14399,1246,944,1869,214,1155,2058,7854,2447,18659,65271
,,,,,,,,2585,14428,1250,947,1876,214,1158,2067,7872,2459,18883,65118
,,,,,,,,2586,14455,1242,941,1864,213,1150,2055,7814,2447,18767,64655
,,,,,,,,2587,14224,1213,918,1819,208,1123,2005,7629,2387,18157,63356
,,,,,,,,2588,13758,1200,908,1800,206,1112,1983,7556,2359,17920,62763
,,,,,,,,2589,13802,1229,931,1844,211,1139,2030,7748,2413,18356,64448
,,,,,,,,2590,13913,1179,893,1769,202,1093,1945,7446,2309,17341,62658
,,,,,,,,2591,12867,1088,824,1632,186,1009,1794,6876,2128,15643,57900
,,,,,,,,2592,11507,990,749,1485,169,918,1631,6262,1933,14140,53142
,,,,,,,,2593,10297,907,686,1360,155,841,1492,5744,1767,13060,50052
,,,,,,,,2594,9416,861,652,1292,147,799,1417,5457,1678,12435,48087
,,,,,,,,2595,8922,833,631,1250,143,773,1371,5281,1623,12080,47096
,,,,,,,,2596,8667,821,622,1232,140,762,1351,5201,1600,11920,46939
,,,,,,,,2597,8569,826,626,1240,141,767,1360,5232,1612,12091,48075
,,,,,,,,2598,8764,876,663,1314,150,812,1442,5541,1710,12964,51399
,,,,,,,,2599,9544,973,737,1460,167,902,1606,6144,1907,14537,57384
,,,,,,,,2600,10674,1072,811,1608,184,993,1768,6760,2101,15682,60635
,,,,,,,,2601,11821,1120,848,1681,192,1039,1847,7075,2193,16074,61796
,,,,,,,,2602,12390,1146,868,1719,196,1063,1888,7246,2238,16289,62298
,,,,,,,,2603,12729,1163,880,1745,199,1079,1916,7352,2273,16421,62533
,,,,,,,,2604,12994,1168,884,1752,200,1084,1924,7388,2281,16599,62967
,,,,,,,,2605,13121,1166,883,1749,200,1082,1920,7376,2276,16636,62927
,,,,,,,,2606,13083,1166,882,1749,200,1081,1919,7374,2275,16628,62937
,,,,,,,,2607,13117,1165,882,1747,199,1080,1917,7369,2273,16539,62742
,,,,,,,,2608,13068,1166,883,1749,200,1082,1920,7377,2276,16556,62589
,,,,,,,,2609,12973,1169,885,1754,200,1085,1926,7395,2284,16682,62774
,,,,,,,,2610,12983,1173,888,1759,201,1087,1933,7410,2293,16832,62973
,,,,,,,,2611,12934,1152,872,1728,197,1068,1898,7282,2251,16699,62475
,,,,,,,,2612,12790,1151,872,1727,197,1068,1896,7280,2249,16955,62320
,,,,,,,,2613,13105,1181,894,1771,202,1095,1945,7464,2307,17347,63752
,,,,,,,,2614,13154,1138,862,1707,195,1056,1874,7202,2221,16572,62130
,,,,,,,,2615,12268,1053,797,1579,180,977,1734,6661,2055,15123,57731
,,,,,,,,2616,11072,960,727,1441,164,891,1581,6078,1874,13748,52964
,,,,,,,,2617,9960,887,672,1331,152,823,1460,5619,1729,12744,49682
,,,,,,,,2618,9214,847,641,1270,145,786,1393,5362,1650,12222,47697
,,,,,,,,2619,8789,824,624,1237,141,765,1357,5221,1607,11955,46753
,,,,,,,,2620,8579,816,618,1224,140,757,1343,5166,1592,11877,46693
,,,,,,,,2621,8547,825,625,1238,141,765,1359,5221,1610,12158,47788
,,,,,,,,2622,8805,874,662,1312,150,811,1440,5529,1708,13148,51341
,,,,,,,,2623,9618,979,741,1469,168,908,1616,6179,1919,14862,57183
,,,,,,,,2624,10832,1076,815,1614,184,997,1775,6789,2109,15968,60440
,,,,,,,,2625,11977,1125,852,1688,193,1043,1854,7108,2201,16332,61759
,,,,,,,,2626,12500,1150,871,1725,197,1067,1894,7277,2245,16419,62150
,,,,,,,,2627,12855,1168,884,1752,200,1083,1923,7386,2280,16552,62777
,,,,,,,,2628,13110,1177,891,1766,201,1092,1938,7447,2297,16634,63084
,,,,,,,,2629,13242,1180,893,1770,202,1095,1943,7468,2302,16656,63276
,,,,,,,,2630,13212,1184,896,1776,203,1099,1950,7493,2311,16804,63600
,,,,,,,,2631,13246,1186,898,1779,203,1100,1952,7504,2313,16877,63480
,,,,,,,,2632,13222,1190,901,1784,204,1104,1959,7527,2321,17013,63381
,,,,,,,,2633,13183,1195,905,1793,205,1109,1968,7560,2334,17141,63455
,,,,,,,,2634,13223,1196,906,1795,205,1109,1971,7562,2338,17200,63381
,,,,,,,,2635,13064,1162,880,1743,199,1078,1914,7348,2270,16823,62396
,,,,,,,,2636,12762,1144,866,1717,196,1062,1884,7239,2234,16817,61899
,,,,,,,,2637,12979,1184,896,1776,203,1098,1950,7490,2312,17535,64094
,,,,,,,,2638,13251,1143,865,1715,196,1060,1881,7234,2229,16751,62484
,,,,,,,,2639,12415,1054,798,1581,180,978,1735,6670,2055,15228,57792
,,,,,,,,2640,11183,956,723,1434,163,887,1572,6053,1862,13782,52834
,,,,,,,,2641,10033,882,667,1322,151,818,1450,5587,1716,12783,49375
,,,,,,,,2642,9254,837,634,1256,143,777,1377,5308,1630,12143,47164
,,,,,,,,2643,8830,810,613,1215,138,752,1332,5136,1576,11842,46262
,,,,,,,,2644,8635,796,603,1195,136,739,1310,5047,1550,11747,46089
,,,,,,,,2645,8551,804,608,1206,137,746,1322,5091,1566,11955,47103
,,,,,,,,2646,8775,851,644,1276,146,789,1400,5387,1659,12870,50475
,,,,,,,,2647,9511,946,716,1419,162,877,1560,5975,1852,14419,56228
,,,,,,,,2648,10629,1045,791,1568,179,969,1724,6600,2047,15521,59725
,,,,,,,,2649,11773,1105,837,1658,189,1025,1821,6985,2160,15969,61308
,,,,,,,,2650,12426,1148,869,1723,197,1065,1891,7268,2241,16386,62222
,,,,,,,,2651,12907,1180,894,1771,202,1095,1944,7466,2304,16699,63095
,,,,,,,,2652,13264,1197,906,1796,205,1111,1971,7575,2337,16891,63646
,,,,,,,,2653,13437,1203,910,1804,206,1116,1980,7609,2347,16956,63850
,,,,,,,,2654,13435,1205,912,1808,206,1118,1984,7625,2352,17091,63993
,,,,,,,,2655,13479,1200,909,1801,205,1114,1976,7595,2342,17064,64011
,,,,,,,,2656,13434,1200,909,1800,205,1113,1976,7592,2342,17060,63880
,,,,,,,,2657,13353,1195,904,1792,205,1108,1968,7556,2333,17088,64055
,,,,,,,,2658,13291,1182,895,1774,202,1097,1948,7474,2311,17018,63663
,,,,,,,,2659,12983,1149,870,1724,197,1066,1893,7267,2245,16543,62044
,,,,,,,,2660,12547,1128,854,1693,193,1047,1858,7138,2203,16351,60832
,,,,,,,,2661,12658,1152,872,1728,197,1068,1897,7284,2249,16883,62005
,,,,,,,,2662,12839,1114,843,1671,191,1033,1834,7050,2173,16221,60583
,,,,,,,,2663,12093,1042,789,1564,178,967,1716,6598,2033,15049,56685
,,,,,,,,2664,11048,959,726,1439,164,890,1578,6074,1869,13756,52374
,,,,,,,,2665,10027,892,675,1338,153,828,1468,5651,1738,12751,48922
,,,,,,,,2666,9211,842,638,1264,144,782,1386,5339,1641,12039,46363
,,,,,,,,2667,8734,811,614,1217,139,753,1334,5143,1580,11656,45212
,,,,,,,,2668,8469,794,601,1192,136,737,1307,5034,1547,11430,44640
,,,,,,,,2669,8342,791,599,1187,135,735,1302,5016,1541,11398,44793
,,,,,,,,2670,8413,806,610,1208,138,748,1325,5103,1570,11702,45949
,,,,,,,,2671,8718,830,628,1245,142,770,1366,5250,1620,12047,47661
,,,,,,,,2672,9120,876,663,1315,150,813,1445,5536,1715,12723,50019
,,,,,,,,2673,9967,954,722,1430,163,884,1573,6021,1867,13683,53338
,,,,,,,,2674,10940,1017,770,1526,174,943,1678,6425,1991,14442,55952
,,,,,,,,2675,11650,1057,800,1585,181,980,1743,6675,2069,14998,57630
,,,,,,,,2676,12044,1079,817,1619,185,1001,1779,6820,2111,15345,58419
,,,,,,,,2677,12216,1087,823,1631,186,1008,1792,6869,2127,15535,58794
,,,,,,,,2678,12220,1084,821,1627,186,1006,1787,6853,2121,15514,58569
,,,,,,,,2679,12151,1085,821,1627,186,1006,1787,6857,2120,15605,58223
,,,,,,,,2680,12100,1087,823,1631,186,1008,1792,6873,2125,15768,58222
,,,,,,,,2681,12135,1094,828,1642,187,1015,1803,6917,2139,15991,58490
,,,,,,,,2682,12191,1096,830,1645,188,1017,1807,6932,2143,16063,58335
,,,,,,,,2683,12345,1097,830,1646,188,1017,1808,6931,2145,16058,58067
,,,,,,,,2684,12297,1102,835,1654,189,1022,1817,6968,2155,16255,58196
,,,,,,,,2685,12483,1129,855,1693,193,1047,1860,7137,2206,16627,59367
,,,,,,,,2686,12682,1095,829,1642,187,1015,1804,6917,2140,16024,58043
,,,,,,,,2687,12006,1036,784,1554,177,961,1706,6548,2023,14905,54911
,,,,,,,,2688,11021,965,730,1447,165,895,1589,6104,1884,13604,51328
,,,,,,,,2689,10031,899,680,1348,154,834,1479,5686,1753,12523,48327
,,,,,,,,2690,9262,851,644,1277,146,790,1401,5386,1661,11801,46374
,,,,,,,,2691,8783,819,620,1229,140,760,1349,5184,1599,11376,45341
,,,,,,,,2692,8489,801,606,1202,137,743,1319,5067,1564,11139,44663
,,,,,,,,2693,8322,794,601,1191,136,736,1308,5022,1551,11071,44622
,,,,,,,,2694,8318,799,605,1199,137,741,1317,5055,1562,11259,45277
,,,,,,,,2695,8497,812,614,1218,139,753,1338,5129,1588,11432,46684
,,,,,,,,2696,8666,846,640,1269,145,784,1396,5336,1658,11898,48253
,,,,,,,,2697,9307,912,691,1368,156,845,1506,5752,1790,12819,51087
,,,,,,,,2698,10225,973,736,1459,167,901,1605,6135,1907,13697,53547
,,,,,,,,2699,11028,1017,770,1525,174,942,1678,6415,1993,14310,54961
,,,,,,,,2700,11527,1045,791,1568,179,969,1723,6600,2046,14688,55824
,,,,,,,,2701,11884,1062,804,1593,182,984,1751,6704,2078,14943,56379
,,,,,,,,2702,12045,1068,808,1602,183,990,1761,6745,2089,15002,56451
,,,,,,,,2703,12038,1072,812,1608,184,994,1767,6774,2096,15033,56250
,,,,,,,,2704,12011,1078,816,1616,184,999,1776,6809,2107,15094,56326
,,,,,,,,2705,12083,1089,825,1634,186,1010,1795,6882,2130,15358,57195
,,,,,,,,2706,12312,1105,837,1658,189,1025,1822,6985,2162,15686,58079
,,,,,,,,2707,12643,1121,849,1682,192,1040,1848,7082,2194,16012,58969
,,,,,,,,2708,12884,1142,865,1713,196,1059,1882,7214,2234,16532,60148
,,,,,,,,2709,13006,1152,872,1728,197,1068,1898,7277,2252,16642,61659
,,,,,,,,2710,12773,1107,838,1661,190,1026,1825,6990,2167,15901,60379
,,,,,,,,2711,11871,1034,783,1551,177,959,1705,6532,2023,14786,56952
,,,,,,,,2712,10790,958,726,1438,164,889,1580,6055,1875,13706,53610
,,,,,,,,2713,9747,895,677,1342,153,830,1474,5657,1748,12782,50860
,,,,,,,,2714,9134,860,651,1291,147,798,1417,5440,1681,12380,49631
,,,,,,,,2715,8811,838,634,1257,143,777,1381,5299,1638,12163,49160
,,,,,,,,2716,8671,831,629,1246,142,770,1369,5250,1624,12170,49596
,,,,,,,,2717,8652,839,635,1259,144,778,1383,5302,1642,12489,51287
,,,,,,,,2718,8923,892,676,1339,153,827,1472,5636,1747,13555,55497
,,,,,,,,2719,9907,1002,759,1503,172,929,1655,6315,1968,15420,61972
,,,,,,,,2720,11538,1102,835,1654,189,1021,1821,6945,2166,16671,65421
,,,,,,,,2721,12811,1162,880,1743,199,1077,1918,7332,2278,17144,66587
,,,,,,,,2722,13317,1198,907,1797,205,1111,1975,7570,2343,17376,66648
,,,,,,,,2723,13607,1213,918,1819,208,1124,1999,7660,2372,17569,66787
,,,,,,,,2724,13835,1219,923,1829,209,1131,2009,7706,2383,17599,66570
,,,,,,,,2725,13919,1219,923,1828,209,1130,2007,7705,2381,17538,66118
,,,,,,,,2726,13849,1215,920,1823,208,1127,2002,7683,2374,17439,65500
,,,,,,,,2727,13813,1205,912,1808,206,1118,1985,7622,2354,17339,64787
,,,,,,,,2728,13705,1206,913,1810,207,1119,1987,7627,2357,17389,64433
,,,,,,,,2729,13652,1221,924,1831,209,1132,2012,7717,2386,17672,64822
,,,,,,,,2730,13788,1237,936,1855,212,1147,2039,7811,2420,18004,65420
,,,,,,,,2731,13827,1224,927,1837,210,1135,2018,7736,2394,17932,65164
,,,,,,,,2732,13616,1214,919,1821,208,1126,2001,7673,2373,18024,65075
,,,,,,,,2733,13707,1226,928,1839,210,1137,2020,7744,2397,18357,66768
,,,,,,,,2734,13632,1172,888,1759,201,1088,1931,7414,2290,17541,65538
,,,,,,,,2735,12638,1081,818,1622,185,1003,1781,6837,2112,16125,61427
,,,,,,,,2736,11314,985,745,1477,168,913,1622,6227,1923,14743,56982
,,,,,,,,2737,10134,912,691,1369,156,846,1503,5770,1782,13723,53677
,,,,,,,,2738,9370,874,662,1311,150,811,1440,5527,1707,13230,52237
,,,,,,,,2739,8997,849,643,1274,145,788,1399,5372,1659,13012,51661
,,,,,,,,2740,8813,841,637,1262,144,780,1386,5317,1644,13014,51834
,,,,,,,,2741,8779,851,644,1276,146,789,1402,5375,1664,13323,53537
,,,,,,,,2742,9054,906,686,1359,155,840,1494,5722,1774,14441,57623
,,,,,,,,2743,9979,1008,763,1512,173,934,1665,6351,1980,16059,63631
,,,,,,,,2744,11458,1104,836,1656,189,1023,1824,6954,2169,17038,66144
,,,,,,,,2745,12587,1153,873,1730,197,1069,1903,7273,2261,17207,65933
,,,,,,,,2746,12960,1179,892,1768,202,1093,1943,7446,2305,17115,64981
,,,,,,,,2747,13194,1190,901,1785,204,1103,1962,7516,2328,17112,64598
,,,,,,,,2748,13363,1193,903,1789,204,1106,1965,7538,2331,17020,64086
,,,,,,,,2749,13375,1188,900,1782,203,1102,1957,7513,2321,16956,63756
,,,,,,,,2750,13280,1186,898,1779,203,1100,1953,7496,2316,16871,63213
,,,,,,,,2751,13271,1180,893,1770,202,1094,1943,7461,2304,16746,62728
,,,,,,,,2752,13200,1180,893,1770,202,1094,1944,7460,2305,16749,62187
,,,,,,,,2753,13138,1192,902,1788,204,1105,1964,7533,2330,16884,61994
,,,,,,,,2754,13215,1201,909,1801,206,1113,1979,7582,2349,17037,62134
,,,,,,,,2755,13170,1187,899,1781,203,1101,1957,7503,2322,16865,61418
,,,,,,,,2756,13017,1184,896,1776,203,1098,1951,7485,2315,17023,61408
,,,,,,,,2757,13344,1213,918,1819,208,1125,1999,7663,2372,17801,63884
,,,,,,,,2758,13666,1171,887,1757,201,1086,1929,7408,2287,17094,62841
,,,,,,,,2759,12779,1082,819,1623,185,1004,1782,6842,2113,15704,58739
,,,,,,,,2760,11465,987,747,1481,169,916,1626,6242,1928,14404,54533
,,,,,,,,2761,10249,912,691,1369,156,846,1503,5771,1781,13505,51499
,,,,,,,,2762,9487,870,659,1306,149,807,1434,5506,1700,13001,50087
,,,,,,,,2763,9089,847,641,1270,145,785,1394,5355,1653,12832,49369
,,,,,,,,2764,8918,839,635,1258,143,778,1382,5302,1639,12874,49563
,,,,,,,,2765,8875,848,642,1272,145,786,1398,5359,1658,13215,51134
,,,,,,,,2766,9176,903,684,1355,155,837,1489,5703,1767,14315,55227
,,,,,,,,2767,10108,1002,759,1504,172,929,1655,6317,1968,16043,61317
,,,,,,,,2768,11576,1098,831,1648,188,1018,1814,6920,2157,16994,63963
,,,,,,,,2769,12611,1143,865,1714,196,1059,1885,7209,2240,17092,64087
,,,,,,,,2770,12885,1163,880,1744,199,1078,1916,7348,2273,16991,63537
,,,,,,,,2771,13071,1174,889,1762,201,1089,1936,7420,2297,16897,63495
,,,,,,,,2772,13193,1179,893,1769,202,1093,1942,7454,2303,16815,63467
,,,,,,,,2773,13248,1176,891,1765,201,1091,1937,7440,2297,16765,63221
,,,,,,,,2774,13181,1173,888,1759,201,1088,1931,7416,2289,16762,63008
,,,,,,,,2775,13189,1167,883,1751,200,1083,1922,7382,2278,16687,62808
,,,,,,,,2776,13099,1167,884,1751,200,1083,1923,7383,2280,16581,62637
,,,,,,,,2777,13066,1176,890,1764,201,1091,1938,7436,2298,16678,62766
,,,,,,,,2778,13151,1182,895,1773,202,1096,1949,7467,2312,16732,62758
,,,,,,,,2779,13117,1156,875,1734,198,1072,1905,7305,2260,16459,62017
,,,,,,,,2780,13004,1147,869,1721,196,1064,1890,7253,2242,16521,61957
,,,,,,,,2781,13267,1186,898,1779,203,1100,1955,7497,2319,17379,63929
,,,,,,,,2782,13485,1153,873,1730,197,1070,1899,7295,2251,16751,62304
,,,,,,,,2783,12659,1070,810,1605,183,993,1762,6768,2089,15349,57822
,,,,,,,,2784,11416,973,737,1460,167,903,1602,6156,1900,14044,53228
,,,,,,,,2785,10256,902,683,1353,154,837,1486,5707,1761,13117,50003
,,,,,,,,2786,9483,864,654,1297,148,802,1424,5469,1688,12606,48103
,,,,,,,,2787,9079,840,636,1261,144,779,1384,5315,1641,12399,47313
,,,,,,,,2788,8924,833,631,1250,143,773,1373,5268,1628,12374,47222
,,,,,,,,2789,8927,845,640,1268,145,784,1393,5341,1652,12702,48096
,,,,,,,,2790,9223,899,680,1348,154,833,1482,5677,1758,13744,51573
,,,,,,,,2791,10179,999,757,1499,171,926,1650,6299,1962,15418,57463
,,,,,,,,2792,11651,1099,832,1649,188,1019,1816,6927,2159,16635,61066
,,,,,,,,2793,12708,1148,869,1722,197,1064,1894,7241,2249,17071,62506
,,,,,,,,2794,12982,1173,888,1760,201,1088,1933,7413,2293,17263,63515
,,,,,,,,2795,13126,1186,898,1779,203,1099,1954,7491,2319,17423,64052
,,,,,,,,2796,13237,1191,902,1787,204,1105,1962,7531,2327,17344,64444
,,,,,,,,2797,13289,1186,898,1780,203,1100,1954,7502,2317,17266,64423
,,,,,,,,2798,13228,1186,898,1779,203,1100,1953,7500,2316,17253,64379
,,,,,,,,2799,13271,1187,899,1781,203,1102,1956,7511,2318,17194,63882
,,,,,,,,2800,13218,1194,904,1792,204,1108,1967,7552,2333,17211,63473
,,,,,,,,2801,13202,1212,917,1818,207,1124,1997,7659,2368,17337,63650
,,,,,,,,2802,13394,1229,931,1844,211,1140,2027,7765,2405,17465,63452
,,,,,,,,2803,13526,1217,921,1826,208,1129,2006,7691,2380,17308,62589
,,,,,,,,2804,13442,1206,913,1809,206,1118,1987,7622,2357,17313,61866
,,,,,,,,2805,13606,1210,916,1815,207,1122,1994,7647,2366,17646,63384
,,,,,,,,2806,13576,1161,879,1742,199,1077,1913,7346,2268,16871,62234
,,,,,,,,2807,12670,1071,811,1607,183,993,1764,6773,2091,15456,57976
,,,,,,,,2808,11383,976,739,1464,167,906,1608,6175,1906,14094,53399
,,,,,,,,2809,10234,904,684,1356,155,839,1490,5718,1766,13159,50090
,,,,,,,,2810,9459,864,654,1296,148,801,1423,5461,1688,12597,48176
,,,,,,,,2811,9033,840,636,1260,144,779,1383,5309,1641,12311,47297
,,,,,,,,2812,8826,830,629,1246,142,770,1369,5248,1624,12277,47189
,,,,,,,,2813,8776,838,635,1258,143,777,1382,5296,1640,12567,48498
,,,,,,,,2814,8987,892,675,1338,153,827,1471,5630,1746,13559,52469
,,,,,,,,2815,9866,990,750,1485,170,917,1635,6237,1945,15085,58193
,,,,,,,,2816,11334,1092,826,1637,187,1011,1804,6875,2145,16211,61649
,,,,,,,,2817,12508,1146,868,1720,196,1062,1892,7229,2249,16611,62915
,,,,,,,,2818,12930,1176,890,1764,201,1090,1939,7426,2301,16732,63220
,,,,,,,,2819,13158,1196,905,1794,205,1109,1972,7552,2341,16900,63371
,,,,,,,,2820,13322,1199,907,1798,205,1111,1976,7572,2344,16834,62994
,,,,,,,,2821,13334,1196,906,1795,205,1109,1972,7559,2339,16632,62502
,,,,,,,,2822,13170,1191,901,1786,204,1104,1963,7524,2329,16463,62174
,,,,,,,,2823,13120,1180,893,1770,202,1094,1945,7457,2307,16244,61578
,,,,,,,,2824,13002,1176,891,1765,201,1091,1939,7433,2301,16165,60982
,,,,,,,,2825,12893,1177,891,1766,202,1092,1941,7435,2304,16150,60795
,,,,,,,,2826,12893,1174,889,1761,201,1088,1937,7409,2300,16132,60397
,,,,,,,,2827,12742,1150,870,1724,197,1066,1896,7259,2250,15973,59226
,,,,,,,,2828,12550,1140,863,1710,195,1057,1880,7201,2231,16037,58522
,,,,,,,,2829,12833,1176,890,1764,201,1090,1940,7426,2302,16824,60469
,,,,,,,,2830,13218,1154,874,1731,198,1070,1901,7293,2256,16524,60179
,,,,,,,,2831,12616,1086,822,1629,186,1007,1790,6864,2124,15522,57045
,,,,,,,,2832,11600,1005,761,1507,172,932,1656,6351,1964,14489,53297
,,,,,,,,2833,10627,936,709,1404,160,868,1543,5911,1832,13676,50359
,,,,,,,,2834,9817,892,675,1338,153,827,1471,5631,1746,13118,48579
,,,,,,,,2835,9402,866,656,1300,148,803,1429,5469,1697,12936,47584
,,,,,,,,2836,9176,851,644,1276,146,788,1403,5367,1667,12878,47291
,,,,,,,,2837,9086,853,645,1279,146,790,1407,5380,1671,12969,47713
,,,,,,,,2838,9192,872,660,1308,149,808,1440,5500,1711,13429,49108
,,,,,,,,2839,9526,893,676,1340,153,827,1475,5627,1754,13814,51125
,,,,,,,,2840,9986,944,715,1416,162,874,1560,5944,1856,14398,53500
,,,,,,,,2841,10896,1001,758,1502,171,927,1654,6304,1968,14983,56441
,,,,,,,,2842,11716,1044,790,1566,179,967,1724,6580,2050,15381,58737
,,,,,,,,2843,12159,1065,806,1597,182,986,1758,6711,2089,15517,59760
,,,,,,,,2844,12271,1070,810,1605,183,992,1765,6750,2096,15443,59770
,,,,,,,,2845,12217,1062,804,1593,182,984,1752,6701,2080,15268,59603
,,,,,,,,2846,12018,1047,793,1570,179,971,1727,6609,2050,15007,58889
,,,,,,,,2847,11769,1031,781,1547,177,956,1701,6514,2018,14712,57929
,,,,,,,,2848,11550,1020,772,1530,175,945,1681,6440,1996,14572,57413
,,,,,,,,2849,11441,1020,772,1530,175,946,1681,6441,1996,14693,57349
,,,,,,,,2850,11478,1025,776,1537,175,950,1690,6471,2006,14934,57711
,,,,,,,,2851,11667,1037,785,1555,177,961,1710,6545,2030,15244,57844
,,,,,,,,2852,11766,1056,799,1584,181,979,1741,6668,2067,15718,58323
,,,,,,,,2853,12059,1096,830,1644,188,1016,1807,6923,2144,16154,59572
,,,,,,,,2854,12480,1081,818,1622,185,1002,1783,6823,2117,15726,58689
,,,,,,,,2855,11956,1028,778,1542,176,953,1695,6492,2013,14868,56234
,,,,,,,,2856,11078,962,728,1443,165,892,1586,6076,1883,13883,52663
,,,,,,,,2857,10164,902,683,1353,154,836,1487,5695,1764,12945,49417
,,,,,,,,2858,9402,860,651,1290,147,797,1418,5430,1683,12397,47690
,,,,,,,,2859,8995,835,632,1253,143,774,1377,5274,1635,12173,46572
,,,,,,,,2860,8775,822,622,1233,141,762,1356,5188,1610,12073,46123
,,,,,,,,2861,8703,820,621,1231,140,760,1353,5179,1607,12167,46253
,,,,,,,,2862,8774,833,630,1249,143,772,1374,5257,1631,12449,47117
,,,,,,,,2863,8969,843,638,1264,144,781,1390,5316,1652,12644,48202
,,,,,,,,2864,9200,877,664,1316,150,813,1449,5529,1723,13093,49720
,,,,,,,,2865,9885,928,703,1393,159,860,1533,5849,1824,13609,52108
,,,,,,,,2866,10682,979,741,1468,168,907,1616,6171,1922,13945,53620
,,,,,,,,2867,11293,1009,764,1513,173,935,1665,6360,1979,14072,54171
,,,,,,,,2868,11550,1023,774,1534,175,948,1687,6454,2004,14116,54400
,,,,,,,,2869,11686,1028,778,1542,176,953,1696,6489,2013,14119,54518
,,,,,,,,2870,11634,1023,774,1535,175,948,1687,6459,2003,13992,54301
,,,,,,,,2871,11481,1014,767,1521,174,940,1671,6403,1983,13902,53862
,,,,,,,,2872,11339,1009,764,1514,173,936,1664,6374,1975,13927,53846
,,,,,,,,2873,11329,1016,769,1524,174,942,1675,6415,1987,14136,54375
,,,,,,,,2874,11474,1029,779,1544,176,954,1697,6502,2014,14366,54922
,,,,,,,,2875,11812,1038,786,1558,178,963,1712,6557,2033,14706,55607
,,,,,,,,2876,12016,1054,798,1581,180,977,1738,6658,2062,15127,56489
,,,,,,,,2877,12366,1109,839,1663,190,1028,1828,7007,2168,16095,58866
,,,,,,,,2878,12861,1092,826,1638,187,1012,1800,6894,2137,15687,58173
,,,,,,,,2879,12103,1021,773,1531,175,946,1683,6447,1997,14606,54372
,,,,,,,,2880,10948,941,713,1412,161,873,1552,5948,1842,13408,50570
,,,,,,,,2881,9856,875,663,1313,150,812,1442,5535,1710,12457,47433
,,,,,,,,2882,9227,843,638,1265,144,782,1389,5332,1647,12078,45986
,,,,,,,,2883,8911,826,626,1240,141,766,1361,5225,1615,11958,45246
,,,,,,,,2884,8797,822,623,1234,141,763,1355,5198,1608,12064,45600
,,,,,,,,2885,8846,836,633,1255,143,776,1379,5284,1636,12474,47080
,,,,,,,,2886,9180,892,675,1338,153,827,1471,5634,1747,13614,50927
,,,,,,,,2887,10150,990,749,1485,170,917,1635,6236,1944,15332,56868
,,,,,,,,2888,11764,1092,827,1639,187,1012,1805,6881,2146,16428,60486
,,,,,,,,2889,12825,1135,859,1702,194,1052,1873,7157,2225,16588,62096
,,,,,,,,2890,13061,1157,876,1736,198,1073,1908,7312,2264,16596,62944
,,,,,,,,2891,13182,1170,886,1755,200,1085,1928,7390,2289,16711,64010
,,,,,,,,2892,13291,1173,888,1760,201,1088,1933,7415,2292,16722,64681
,,,,,,,,2893,13301,1170,885,1755,200,1085,1927,7397,2285,16703,65200
,,,,,,,,2894,13210,1166,883,1749,200,1081,1920,7373,2277,16749,65276
,,,,,,,,2895,13201,1160,878,1740,199,1076,1910,7337,2265,16686,65435
,,,,,,,,2896,13137,1157,876,1735,198,1073,1905,7314,2259,16663,65204
,,,,,,,,2897,13093,1166,883,1749,200,1081,1921,7370,2278,16814,65344
,,,,,,,,2898,13140,1173,888,1760,201,1088,1934,7412,2295,16947,65427
,,,,,,,,2899,13104,1160,878,1739,199,1075,1911,7328,2267,16807,64784
,,,,,,,,2900,13045,1156,875,1734,198,1072,1905,7309,2259,16980,64352
,,,,,,,,2901,13373,1189,901,1784,204,1103,1960,7518,2325,17554,65695
,,,,,,,,2902,13616,1145,867,1718,196,1062,1886,7243,2235,16803,63595
,,,,,,,,2903,12644,1051,796,1577,180,975,1731,6650,2053,15329,58837
,,,,,,,,2904,11300,953,721,1430,163,884,1569,6029,1860,13907,53909
,,,,,,,,2905,10129,883,669,1325,151,819,1454,5591,1723,12906,50198
,,,,,,,,2906,9372,842,637,1263,144,781,1386,5329,1642,12364,48159
,,,,,,,,2907,9005,817,618,1226,140,758,1345,5171,1594,12074,46989
,,,,,,,,2908,8809,806,610,1209,138,747,1327,5097,1573,11987,46634
,,,,,,,,2909,8778,814,616,1221,139,755,1341,5148,1590,12210,47694
,,,,,,,,2910,9005,867,656,1300,148,804,1428,5479,1694,13196,51009
,,,,,,,,2911,9934,982,744,1474,168,910,1622,6195,1927,14957,56739
,,,,,,,,2912,11554,1083,820,1624,185,1003,1787,6827,2124,16263,60317
,,,,,,,,2913,12860,1146,868,1720,196,1063,1890,7240,2244,16735,62219
,,,,,,,,2914,13348,1180,894,1771,202,1095,1944,7466,2305,17023,63529
,,,,,,,,2915,13695,1202,910,1803,206,1115,1980,7601,2347,17216,65098
,,,,,,,,2916,13897,1207,914,1811,207,1120,1988,7636,2356,17319,66188
,,,,,,,,2917,14100,1203,911,1805,206,1116,1981,7612,2348,17343,67001
,,,,,,,,2918,14060,1202,910,1804,206,1115,1979,7608,2346,17395,67867
,,,,,,,,2919,13982,1200,908,1800,205,1113,1976,7593,2341,17443,68267
,,,,,,,,2920,13903,1200,908,1800,205,1113,1976,7590,2342,17589,68493
,,,,,,,,2921,13888,1210,916,1815,207,1122,1993,7650,2363,17766,68992
,,,,,,,,2922,14053,1220,923,1830,209,1131,2010,7710,2384,17870,69075
,,,,,,,,2923,14100,1193,903,1790,204,1107,1966,7544,2332,17540,68080
,,,,,,,,2924,13922,1172,887,1759,201,1087,1931,7415,2289,17414,67169
,,,,,,,,2925,13986,1198,907,1797,205,1111,1973,7576,2339,18073,68372
,,,,,,,,2926,13942,1155,874,1732,198,1071,1901,7305,2253,17328,66489
,,,,,,,,2927,12980,1064,806,1597,182,988,1752,6738,2076,15818,61340
,,,,,,,,2928,11609,963,729,1445,165,894,1585,6100,1878,14239,55861
,,,,,,,,2929,10400,886,671,1329,152,822,1458,5615,1726,13138,51919
,,,,,,,,2930,9627,842,638,1264,144,782,1386,5337,1641,12493,49455
,,,,,,,,2931,9211,818,619,1228,140,759,1346,5185,1594,12121,48142
,,,,,,,,2932,9011,807,611,1211,138,749,1328,5112,1573,12029,47673
,,,,,,,,2933,8957,814,617,1222,139,756,1341,5156,1589,12191,48475
,,,,,,,,2934,9205,863,654,1295,148,801,1422,5462,1686,13093,51878
,,,,,,,,2935,10109,961,728,1442,165,891,1586,6067,1884,14751,57475
,,,,,,,,2936,11698,1064,806,1597,182,987,1756,6718,2085,16043,61367
,,,,,,,,2937,12917,1127,853,1691,193,1045,1858,7125,2204,16617,64031
,,,,,,,,2938,13262,1157,876,1736,198,1074,1905,7323,2257,16950,65919
,,,,,,,,2939,13496,1178,892,1768,202,1093,1940,7455,2300,17345,68111
,,,,,,,,2940,13665,1187,898,1780,203,1101,1953,7509,2315,17516,69640
,,,,,,,,2941,13688,1187,899,1781,203,1102,1954,7515,2316,17530,71227
,,,,,,,,2942,13584,1189,900,1784,204,1103,1957,7526,2319,17480,72310
,,,,,,,,2943,13561,1185,897,1777,203,1099,1950,7499,2311,17331,73236
,,,,,,,,2944,13486,1188,900,1783,203,1102,1956,7519,2318,17346,73929
,,,,,,,,2945,13433,1196,905,1794,205,1109,1970,7565,2335,17540,74504
,,,,,,,,2946,13551,1200,909,1800,205,1113,1977,7588,2344,17667,74223
,,,,,,,,2947,13586,1178,892,1768,202,1093,1941,7451,2302,17443,72856
,,,,,,,,2948,13537,1168,884,1751,200,1083,1923,7387,2279,17425,71195
,,,,,,,,2949,13760,1188,900,1782,203,1102,1957,7517,2319,17798,71525
,,,,,,,,2950,13819,1154,873,1731,197,1070,1900,7301,2251,17103,69926
,,,,,,,,2951,12899,1063,805,1595,182,986,1749,6730,2073,15657,64565
,,,,,,,,2952,11544,963,729,1444,165,894,1584,6099,1876,14242,58900
,,,,,,,,2953,10352,885,670,1328,151,822,1456,5610,1723,13198,54429
,,,,,,,,2954,9542,841,636,1261,144,780,1382,5330,1636,12594,51469
,,,,,,,,2955,9137,812,615,1218,139,754,1335,5147,1580,12306,49720
,,,,,,,,2956,8924,803,608,1204,137,745,1320,5089,1563,12207,48916
,,,,,,,,2957,8867,810,613,1216,139,752,1333,5133,1579,12421,49622
,,,,,,,,2958,9126,857,649,1286,147,795,1411,5427,1672,13312,52714
,,,,,,,,2959,10027,956,724,1435,164,887,1577,6040,1872,14991,58367
,,,,,,,,2960,11646,1068,809,1602,183,990,1761,6744,2091,16271,62246
,,,,,,,,2961,12890,1129,855,1693,193,1047,1860,7137,2206,16745,65101
,,,,,,,,2962,13289,1163,880,1745,199,1079,1914,7361,2268,17029,67269
,,,,,,,,2963,13536,1187,899,1781,203,1102,1955,7514,2317,17286,69654
,,,,,,,,2964,13703,1198,907,1797,205,1111,1972,7579,2337,17399,71854
,,,,,,,,2965,13744,1197,906,1795,205,1110,1970,7573,2334,17452,73819
,,,,,,,,2966,13630,1197,906,1796,205,1111,1971,7577,2336,17632,75528
,,,,,,,,2967,13601,1194,904,1791,204,1107,1965,7554,2329,17637,76913
,,,,,,,,2968,13515,1197,906,1796,205,1111,1971,7573,2337,17726,78076
,,,,,,,,2969,13472,1205,912,1808,206,1118,1985,7621,2354,17860,78945
,,,,,,,,2970,13598,1208,915,1813,207,1121,1991,7638,2361,17961,79016
,,,,,,,,2971,13613,1186,898,1779,203,1100,1953,7495,2317,17672,77285
,,,,,,,,2972,13495,1173,888,1760,201,1088,1932,7420,2291,17707,75345
,,,,,,,,2973,13676,1195,905,1793,205,1109,1969,7561,2334,18148,75550
,,,,,,,,2974,13744,1162,880,1743,199,1078,1913,7351,2268,17441,73652
,,,,,,,,2975,12858,1072,812,1609,184,995,1765,6790,2091,15969,67940
,,,,,,,,2976,11515,969,733,1453,166,899,1594,6135,1888,14528,61682
,,,,,,,,2977,10274,891,674,1337,152,827,1465,5647,1734,13382,56549
,,,,,,,,2978,9486,846,640,1269,145,785,1391,5365,1646,12747,53660
,,,,,,,,2979,9051,820,621,1230,140,761,1348,5199,1594,12355,51651
,,,,,,,,2980,8833,809,612,1213,138,751,1329,5128,1573,12206,50719
,,,,,,,,2981,8772,813,615,1219,139,754,1337,5151,1582,12352,50997
,,,,,,,,2982,9001,856,648,1284,146,794,1408,5420,1667,13231,53815
,,,,,,,,2983,9869,952,721,1428,163,883,1569,6017,1862,14793,58788
,,,,,,,,2984,11453,1059,802,1588,181,982,1746,6687,2072,16063,62914
,,,,,,,,2985,12698,1126,852,1689,193,1044,1855,7119,2200,16727,65602
,,,,,,,,2986,13179,1163,881,1745,199,1079,1915,7362,2269,17126,67603
,,,,,,,,2987,13454,1189,900,1784,204,1103,1958,7522,2321,17478,70063
,,,,,,,,2988,13700,1203,911,1805,206,1116,1981,7612,2349,17649,71813
,,,,,,,,2989,13753,1208,914,1812,207,1120,1989,7640,2357,17651,72946
,,,,,,,,2990,13675,1212,917,1818,207,1124,1995,7665,2365,17818,74219
,,,,,,,,2991,13651,1215,920,1822,208,1127,2000,7683,2371,17962,74969
,,,,,,,,2992,13538,1219,923,1829,209,1131,2008,7709,2381,18209,75254
,,,,,,,,2993,13450,1224,927,1837,210,1135,2017,7739,2393,18461,75612
,,,,,,,,2994,13495,1221,924,1831,209,1132,2012,7715,2386,18536,74451
,,,,,,,,2995,13325,1182,895,1774,202,1097,1948,7472,2312,18149,71642
,,,,,,,,2996,13041,1153,873,1730,197,1069,1899,7291,2252,17858,69184
,,,,,,,,2997,13035,1173,888,1759,201,1088,1931,7416,2290,18284,69018
,,,,,,,,2998,13156,1148,869,1721,196,1065,1890,7260,2240,17704,67497
,,,,,,,,2999,12481,1075,813,1612,184,997,1769,6803,2095,16389,62810
,,,,,,,,3000,11408,984,745,1476,168,913,1618,6230,1917,14934,57540
,,,,,,,,3001,10334,907,686,1360,155,841,1492,5743,1768,13795,53223
,,,,,,,,3002,9443,848,642,1272,145,787,1394,5377,1650,12910,50215
,,,,,,,,3003,8944,816,618,1224,139,757,1341,5173,1587,12425,48370
,,,,,,,,3004,8655,797,603,1195,136,740,1310,5052,1550,12106,47119
,,,,,,,,3005,8522,790,598,1185,135,733,1299,5010,1537,11996,46795
,,,,,,,,3006,8570,800,605,1200,137,742,1315,5070,1557,12177,47378
,,,,,,,,3007,8868,818,619,1227,140,759,1346,5177,1595,12447,48484
,,,,,,,,3008,9346,868,657,1303,149,805,1431,5487,1698,13376,51198
,,,,,,,,3009,10286,948,718,1423,162,879,1563,5994,1854,14434,55151
,,,,,,,,3010,11294,1010,765,1515,173,937,1665,6382,1975,15241,58891
,,,,,,,,3011,11965,1049,794,1574,180,973,1729,6632,2051,15708,61564
,,,,,,,,3012,12264,1069,809,1603,183,991,1761,6756,2088,15884,63088
,,,,,,,,3013,12367,1074,813,1611,184,996,1769,6790,2098,15901,64171
,,,,,,,,3014,12244,1064,806,1597,182,987,1754,6729,2080,15679,64540
,,,,,,,,3015,12068,1052,797,1579,180,976,1733,6658,2055,15612,64551
,,,,,,,,3016,11884,1042,788,1562,178,966,1716,6587,2034,15519,64669
,,,,,,,,3017,11780,1041,788,1561,178,965,1714,6581,2032,15606,64523
,,,,,,,,3018,11743,1043,790,1565,179,968,1719,6596,2038,15569,64041
,,,,,,,,3019,11861,1043,789,1564,179,967,1718,6591,2038,15538,62945
,,,,,,,,3020,11836,1046,792,1570,179,971,1724,6617,2044,15677,61894
,,,,,,,,3021,11928,1071,811,1606,183,993,1764,6774,2091,16129,61993
,,,,,,,,3022,12324,1059,802,1588,181,982,1744,6694,2069,15762,61174
,,,,,,,,3023,11826,1001,758,1502,171,929,1649,6334,1955,14765,57606
,,,,,,,,3024,10900,931,705,1396,159,864,1532,5893,1815,13617,53336
,,,,,,,,3025,9930,868,657,1301,148,805,1428,5494,1691,12599,49448
,,,,,,,,3026,9164,825,625,1238,141,766,1357,5232,1606,11904,46803
,,,,,,,,3027,8718,797,603,1196,136,740,1311,5053,1552,11491,45199
,,,,,,,,3028,8447,779,589,1168,133,723,1281,4937,1516,11244,44159
,,,,,,,,3029,8314,773,585,1159,132,717,1271,4897,1505,11142,43736
,,,,,,,,3030,8324,779,589,1168,133,723,1281,4934,1517,11248,44043
,,,,,,,,3031,8470,782,592,1174,134,726,1288,4951,1527,11328,44475
,,,,,,,,3032,8685,816,618,1224,140,757,1345,5158,1596,11846,46295
,,,,,,,,3033,9416,875,662,1312,150,811,1442,5527,1711,12709,49739
,,,,,,,,3034,10325,930,704,1396,159,863,1534,5878,1820,13473,53210
,,,,,,,,3035,11033,969,733,1453,166,898,1597,6124,1894,13998,55570
,,,,,,,,3036,11391,994,753,1491,170,922,1638,6285,1942,14314,57658
,,,,,,,,3037,11583,1009,764,1513,173,936,1662,6378,1970,14460,59427
,,,,,,,,3038,11592,1009,764,1514,173,936,1662,6380,1971,14472,60574
,,,,,,,,3039,11484,1008,763,1513,173,935,1661,6380,1969,14480,61262
,,,,,,,,3040,11341,1006,761,1509,172,933,1656,6361,1964,14586,61955
,,,,,,,,3041,11328,1015,768,1523,174,942,1672,6420,1982,14848,62744
,,,,,,,,3042,11476,1023,774,1535,175,949,1685,6469,1999,15045,63219
,,,,,,,,3043,11811,1029,779,1544,176,955,1696,6507,2012,15265,63053
,,,,,,,,3044,11993,1035,784,1553,177,960,1705,6546,2022,15442,62730
,,,,,,,,3045,12214,1080,817,1620,185,1002,1778,6830,2108,16164,63576
,,,,,,,,3046,12748,1069,809,1603,183,991,1761,6757,2088,15794,62657
,,,,,,,,3047,12013,994,752,1491,170,922,1637,6286,1940,14603,58343
,,,,,,,,3048,10828,909,688,1363,155,843,1496,5752,1773,13317,53422
,,,,,,,,3049,9669,840,636,1261,144,780,1382,5327,1636,12270,49647
,,,,,,,,3050,8944,800,606,1200,137,743,1315,5072,1557,11771,47640
,,,,,,,,3051,8562,780,590,1170,133,724,1282,4944,1517,11477,46337
,,,,,,,,3052,8405,771,584,1156,132,715,1268,4887,1500,11437,46158
,,,,,,,,3053,8386,782,592,1173,134,726,1286,4954,1523,11699,47072
,,,,,,,,3054,8687,830,628,1245,142,770,1366,5255,1618,12643,50495
,,,,,,,,3055,9538,930,704,1396,159,863,1534,5877,1821,14241,56053
,,,,,,,,3056,11121,1034,782,1550,177,958,1704,6526,2024,15589,60293
,,,,,,,,3057,12352,1096,830,1644,188,1016,1806,6928,2142,16122,62738
,,,,,,,,3058,12778,1134,858,1701,194,1052,1866,7176,2211,16496,64635
,,,,,,,,3059,13064,1160,878,1741,199,1077,1911,7343,2264,16864,66485
,,,,,,,,3060,13334,1172,888,1759,201,1088,1930,7420,2287,17036,67741
,,,,,,,,3061,13478,1179,892,1768,202,1094,1940,7460,2299,17124,68725
,,,,,,,,3062,13478,1183,896,1775,203,1098,1948,7489,2308,17253,69809
,,,,,,,,3063,13531,1179,892,1768,202,1094,1940,7460,2299,17273,70333
,,,,,,,,3064,13497,1178,892,1767,202,1093,1940,7455,2299,17235,70565
,,,,,,,,3065,13431,1185,897,1777,203,1099,1951,7494,2313,17431,70901
,,,,,,,,3066,13449,1192,903,1788,204,1106,1964,7539,2329,17516,70397
,,,,,,,,3067,13281,1173,888,1760,201,1088,1933,7421,2292,17237,68811
,,,,,,,,3068,13012,1163,880,1745,199,1079,1915,7358,2270,17097,67261
,,,,,,,,3069,13185,1180,893,1770,202,1094,1943,7463,2303,17573,67422
,,,,,,,,3070,13538,1135,859,1702,194,1053,1868,7181,2214,16755,65554
,,,,,,,,3071,12630,1042,789,1563,178,967,1715,6599,2032,15304,60606
,,,,,,,,3072,11247,944,715,1416,161,876,1553,5981,1840,13870,55436
,,,,,,,,3073,9989,870,659,1305,149,808,1431,5515,1694,12838,51502
,,,,,,,,3074,9199,826,626,1240,141,767,1359,5240,1608,12292,49176
,,,,,,,,3075,8771,803,608,1205,137,746,1321,5092,1563,11955,47797
,,,,,,,,3076,8557,793,600,1189,136,736,1304,5026,1543,11864,47263
,,,,,,,,3077,8496,799,605,1199,137,742,1315,5064,1557,12132,48080
,,,,,,,,3078,8762,846,640,1269,145,785,1392,5355,1649,13011,51241
,,,,,,,,3079,9620,947,717,1420,162,878,1561,5980,1853,14576,56618
,,,,,,,,3080,11221,1059,802,1589,181,982,1747,6689,2074,15820,60547
,,,,,,,,3081,12523,1123,851,1685,192,1042,1851,7102,2195,16321,62711
,,,,,,,,3082,12990,1158,876,1737,198,1074,1906,7328,2258,16694,64175
,,,,,,,,3083,13287,1183,896,1775,202,1097,1948,7485,2308,17012,65617
,,,,,,,,3084,13540,1196,906,1795,205,1110,1970,7570,2334,17251,66613
,,,,,,,,3085,13638,1197,906,1795,205,1110,1970,7574,2334,17393,67200
,,,,,,,,3086,13555,1201,910,1802,206,1115,1978,7604,2343,17464,67708
,,,,,,,,3087,13599,1201,909,1802,206,1115,1978,7603,2344,17519,67901
,,,,,,,,3088,13545,1199,908,1799,205,1113,1975,7590,2341,17569,68036
,,,,,,,,3089,13553,1212,917,1818,207,1124,1996,7663,2366,17695,68466
,,,,,,,,3090,13772,1220,924,1830,209,1132,2010,7715,2384,17829,68268
,,,,,,,,3091,13877,1200,908,1800,205,1113,1977,7588,2344,17588,66915
,,,,,,,,3092,13706,1184,897,1777,203,1099,1951,7493,2312,17538,65606
,,,,,,,,3093,13740,1189,900,1784,204,1103,1959,7525,2322,17815,66202
,,,,,,,,3094,13667,1148,869,1722,196,1065,1890,7264,2240,17033,64828
,,,,,,,,3095,12705,1056,800,1585,181,980,1739,6689,2060,15572,59987
,,,,,,,,3096,11374,956,724,1434,164,887,1573,6055,1863,14152,54963
,,,,,,,,3097,10157,877,664,1316,150,814,1442,5559,1707,13072,51235
,,,,,,,,3098,9358,834,632,1252,143,774,1372,5290,1624,12500,48817
,,,,,,,,3099,8935,808,612,1212,138,750,1328,5123,1572,12176,47490
,,,,,,,,3100,8735,799,605,1199,137,742,1314,5066,1555,12091,47137
,,,,,,,,3101,8670,807,611,1210,138,749,1327,5111,1571,12282,47906
,,,,,,,,3102,8917,853,646,1279,146,791,1403,5401,1662,13198,51014
,,,,,,,,3103,9818,959,726,1438,164,889,1580,6056,1875,14874,56208
,,,,,,,,3104,11438,1074,813,1611,184,996,1771,6782,2102,16233,60124
,,,,,,,,3105,12783,1143,865,1714,196,1060,1882,7224,2233,16870,62013
,,,,,,,,3106,13284,1185,897,1777,203,1099,1950,7497,2311,17328,63421
,,,,,,,,3107,13603,1212,918,1818,207,1124,1996,7668,2366,17681,64861
,,,,,,,,3108,13869,1225,927,1837,210,1136,2016,7748,2390,17821,65573
,,,,,,,,3109,13982,1226,928,1840,210,1138,2019,7761,2393,17809,65829
,,,,,,,,3110,13942,1229,930,1844,210,1140,2023,7777,2398,17831,66019
,,,,,,,,3111,13964,1229,930,1843,210,1140,2023,7773,2398,17706,65793
,,,,,,,,3112,13892,1230,931,1845,211,1141,2025,7780,2401,17731,65660
,,,,,,,,3113,13884,1235,935,1853,211,1145,2034,7809,2412,17832,65613
,,,,,,,,3114,14061,1241,939,1861,212,1151,2044,7844,2424,17877,65255
,,,,,,,,3115,14048,1213,918,1820,208,1125,1998,7668,2370,17593,63890
,,,,,,,,3116,13823,1193,903,1789,204,1107,1965,7546,2329,17468,62847
,,,,,,,,3117,13828,1204,912,1807,206,1117,1983,7619,2351,17887,63346
,,,,,,,,3118,13774,1165,882,1748,199,1081,1918,7373,2274,17237,62353
,,,,,,,,3119,12852,1071,811,1607,183,994,1763,6782,2088,15672,58026
,,,,,,,,3120,11501,963,729,1445,165,894,1584,6099,1876,14112,53205
,,,,,,,,3121,10276,883,669,1325,151,820,1453,5600,1720,13047,49821
,,,,,,,,3122,9461,839,635,1259,143,779,1380,5320,1633,12425,47749
,,,,,,,,3123,9024,809,613,1214,138,751,1331,5133,1575,12060,46574
,,,,,,,,3124,8801,799,605,1198,137,741,1313,5065,1554,11927,46296
,,,,,,,,3125,8735,804,608,1206,137,746,1322,5093,1565,12091,47029
,,,,,,,,3126,8955,847,641,1270,145,786,1393,5364,1650,12946,50157
,,,,,,,,3127,9796,943,714,1414,161,874,1554,5957,1844,14393,55090
,,,,,,,,3128,11386,1054,798,1581,180,977,1738,6653,2063,15622,58782
,,,,,,,,3129,12679,1117,846,1675,191,1036,1840,7060,2183,16060,60846
,,,,,,,,3130,13139,1152,872,1729,197,1069,1897,7294,2248,16392,61729
,,,,,,,,3131,13397,1177,891,1766,201,1092,1938,7448,2297,16695,62707
,,,,,,,,3132,13606,1188,899,1782,203,1102,1956,7518,2318,16813,63234
,,,,,,,,3133,13699,1188,899,1782,203,1102,1956,7518,2317,16757,63345
,,,,,,,,3134,13642,1188,899,1782,203,1102,1955,7518,2317,16762,63537
,,,,,,,,3135,13631,1180,893,1771,202,1095,1943,7469,2302,16718,63495
,,,,,,,,3136,13553,1177,891,1766,202,1092,1939,7451,2298,16706,63420
,,,,,,,,3137,13486,1180,894,1771,202,1095,1944,7466,2305,16731,63663
,,,,,,,,3138,13512,1181,894,1771,202,1095,1945,7466,2307,16753,63545
,,,,,,,,3139,13361,1153,873,1730,197,1070,1900,7292,2253,16423,62304
,,,,,,,,3140,13074,1131,856,1697,194,1050,1863,7157,2209,16301,61167
,,,,,,,,3141,13092,1156,875,1734,198,1072,1904,7313,2257,16944,62203
,,,,,,,,3142,13434,1138,861,1707,195,1056,1873,7200,2220,16555,62029
,,,,,,,,3143,12721,1050,795,1575,180,974,1728,6647,2047,15222,57839
,,,,,,,,3144,11433,954,722,1431,163,885,1570,6043,1859,13871,53108
,,,,,,,,3145,10208,876,663,1315,150,813,1441,5554,1707,12757,49652
,,,,,,,,3146,9376,834,631,1251,143,774,1372,5287,1624,12224,47680
,,,,,,,,3147,8953,807,611,1211,138,749,1327,5116,1571,11913,46702
,,,,,,,,3148,8733,799,605,1199,137,742,1315,5065,1556,11899,46552
,,,,,,,,3149,8669,801,606,1201,137,743,1318,5073,1561,12155,47529
,,,,,,,,3150,8917,846,640,1269,145,785,1392,5355,1650,13025,50907
,,,,,,,,3151,9696,934,707,1401,160,866,1541,5899,1829,14482,55794
,,,,,,,,3152,11252,1042,789,1563,178,966,1718,6576,2040,15646,59561
,,,,,,,,3153,12425,1102,834,1652,189,1022,1815,6963,2153,16000,61149
,,,,,,,,3154,12808,1137,861,1706,195,1055,1872,7198,2219,16171,62064
,,,,,,,,3155,13054,1156,875,1734,198,1073,1904,7315,2256,16332,62899
,,,,,,,,3156,13241,1170,885,1755,200,1085,1926,7402,2282,16406,63365
,,,,,,,,3157,13313,1168,885,1753,200,1084,1924,7396,2279,16494,63658
,,,,,,,,3158,13218,1169,885,1753,200,1084,1924,7396,2280,16487,63871
,,,,,,,,3159,13198,1165,882,1748,199,1081,1919,7376,2274,16463,63938
,,,,,,,,3160,13100,1164,881,1747,199,1080,1917,7367,2272,16441,63994
,,,,,,,,3161,13000,1163,881,1745,199,1079,1916,7358,2272,16544,64278
,,,,,,,,3162,12978,1159,877,1738,198,1075,1909,7325,2264,16546,64049
,,,,,,,,3163,12761,1124,851,1686,192,1043,1852,7108,2196,16196,62403
,,,,,,,,3164,12431,1096,830,1644,188,1017,1805,6934,2140,15863,60576
,,,,,,,,3165,12383,1112,842,1669,190,1032,1832,7038,2172,16362,60774
,,,,,,,,3166,12777,1104,836,1656,189,1024,1818,6987,2155,16107,60810
,,,,,,,,3167,12291,1037,785,1556,177,962,1707,6566,2022,14907,57097
,,,,,,,,3168,11262,946,716,1420,162,878,1557,5994,1844,13635,52645
,,,,,,,,3169,10165,873,661,1310,149,810,1437,5528,1702,12572,49081
,,,,,,,,3170,9304,826,625,1239,141,767,1359,5237,1608,11937,46541
,,,,,,,,3171,8831,799,605,1199,137,742,1314,5066,1556,11555,45210
,,,,,,,,3172,8570,784,594,1177,134,728,1290,4971,1527,11375,44660
,,,,,,,,3173,8477,780,591,1171,133,724,1283,4944,1520,11410,44663
,,,,,,,,3174,8543,790,598,1185,135,733,1300,5003,1539,11626,45682
,,,,,,,,3175,8738,808,611,1212,138,749,1331,5109,1578,11930,46722
,,,,,,,,3176,9266,865,655,1297,148,802,1425,5463,1692,12699,49334
,,,,,,,,3177,10211,936,709,1404,160,868,1543,5915,1831,13570,52530
,,,,,,,,3178,11166,997,755,1496,171,925,1644,6299,1951,14255,54972
,,,,,,,,3179,11768,1032,781,1548,177,957,1701,6520,2018,14595,56436
,,,,,,,,3180,11980,1048,794,1573,179,972,1728,6627,2050,14777,57114
,,,,,,,,3181,12044,1057,800,1585,181,980,1741,6680,2066,14892,57495
,,,,,,,,3182,11953,1057,800,1585,181,980,1741,6680,2066,14886,57491
,,,,,,,,3183,11850,1057,800,1586,181,981,1741,6685,2065,15033,57493
,,,,,,,,3184,11748,1057,800,1585,181,980,1741,6681,2064,15177,57706
,,,,,,,,3185,11798,1063,805,1595,182,986,1752,6723,2077,15521,58158
,,,,,,,,3186,11885,1065,807,1598,182,988,1756,6736,2082,15678,57968
,,,,,,,,3187,12063,1065,806,1597,182,988,1755,6730,2082,15738,57659
,,,,,,,,3188,12082,1067,807,1600,183,989,1757,6744,2084,15684,57023
,,,,,,,,3189,12084,1098,831,1647,188,1018,1808,6945,2143,16232,58074
,,,,,,,,3190,12497,1087,823,1631,186,1009,1792,6876,2125,15959,57870
,,,,,,,,3191,12069,1028,778,1542,176,954,1693,6504,2007,14985,54839
,,,,,,,,3192,11106,954,723,1432,163,886,1571,6042,1861,13741,50961
,,,,,,,,3193,10022,886,671,1329,151,822,1458,5610,1727,12600,47334
,,,,,,,,3194,9195,835,632,1253,143,775,1373,5294,1625,11886,45013
,,,,,,,,3195,8677,801,607,1202,137,744,1318,5082,1559,11422,43449
,,,,,,,,3196,8357,781,592,1172,134,725,1285,4956,1520,11179,42796
,,,,,,,,3197,8193,771,584,1157,132,716,1268,4888,1500,11052,42443
,,,,,,,,3198,8181,772,584,1158,132,717,1270,4895,1503,11153,42905
,,,,,,,,3199,8214,776,588,1164,133,720,1278,4915,1514,11215,43438
,,,,,,,,3200,8511,818,619,1228,140,759,1349,5172,1600,11819,45487
,,,,,,,,3201,9340,887,672,1331,152,823,1462,5606,1735,12781,48977
,,,,,,,,3202,10376,954,722,1431,163,884,1572,6024,1866,13630,51967
,,,,,,,,3203,11171,1004,760,1506,172,931,1654,6343,1963,14216,53931
,,,,,,,,3204,11607,1041,788,1561,178,965,1715,6578,2035,14678,55168
,,,,,,,,3205,11870,1062,804,1594,182,985,1751,6715,2077,15015,56106
,,,,,,,,3206,11962,1071,810,1606,183,993,1764,6766,2093,15208,56556
,,,,,,,,3207,11948,1074,813,1611,184,996,1769,6790,2098,15401,56691
,,,,,,,,3208,11938,1077,816,1616,184,999,1775,6812,2105,15638,57005
,,,,,,,,3209,12015,1086,822,1629,186,1007,1789,6867,2122,15884,57253
,,,,,,,,3210,12129,1088,824,1632,186,1009,1793,6877,2126,15996,57263
,,,,,,,,3211,12338,1084,821,1626,186,1005,1787,6850,2120,16009,57185
,,,,,,,,3212,12386,1087,823,1630,186,1008,1790,6871,2124,16186,57652
,,,,,,,,3213,12547,1127,854,1691,193,1046,1857,7131,2201,16987,59271
,,,,,,,,3214,13083,1125,852,1688,193,1044,1854,7115,2199,16801,59295
,,,,,,,,3215,12506,1056,799,1584,181,979,1739,6679,2061,15705,55954
,,,,,,,,3216,11321,969,734,1454,166,899,1595,6135,1890,14415,51929
,,,,,,,,3217,10079,895,678,1343,153,831,1472,5674,1743,13291,48472
,,,,,,,,3218,9281,855,648,1283,146,794,1406,5424,1664,12654,46634
,,,,,,,,3219,8838,832,630,1248,142,772,1367,5274,1618,12291,45578
,,,,,,,,3220,8615,820,621,1231,140,762,1349,5202,1596,12193,45503
,,,,,,,,3221,8550,828,627,1242,142,768,1361,5247,1611,12392,46571
,,,,,,,,3222,8826,875,662,1312,150,812,1439,5541,1704,13258,49983
,,,,,,,,3223,9645,969,734,1454,166,899,1598,6126,1895,14767,55343
,,,,,,,,3224,11228,1088,824,1633,186,1009,1795,6874,2130,16196,59509
,,,,,,,,3225,12562,1163,880,1744,199,1078,1916,7351,2272,16938,61997
,,,,,,,,3226,13139,1211,917,1817,207,1124,1994,7665,2363,17445,63573
,,,,,,,,3227,13563,1244,942,1866,213,1154,2049,7869,2428,17889,65169
,,,,,,,,3228,13945,1262,956,1894,216,1171,2079,7984,2464,18089,66357
,,,,,,,,3229,14181,1273,964,1910,218,1181,2097,8055,2485,18159,67179
,,,,,,,,3230,14234,1278,967,1917,219,1185,2104,8083,2494,18104,67648
,,,,,,,,3231,14276,1271,962,1907,218,1179,2093,8041,2481,17965,67930
,,,,,,,,3232,14235,1266,959,1899,217,1175,2085,8008,2472,17885,68087
,,,,,,,,3233,14187,1267,960,1901,217,1176,2088,8013,2477,17984,68310
,,,,,,,,3234,14247,1265,958,1898,217,1174,2085,7998,2473,18033,68363
,,,,,,,,3235,14175,1233,933,1849,211,1143,2031,7791,2409,17821,67344
,,,,,,,,3236,13913,1215,920,1822,208,1127,2001,7681,2372,17721,66120
,,,,,,,,3237,13878,1222,925,1833,209,1134,2013,7730,2386,18017,66373
,,,,,,,,3238,13947,1185,897,1777,203,1099,1951,7495,2312,17357,65296
,,,,,,,,3239,13016,1092,827,1638,187,1013,1797,6912,2129,15881,60498
,,,,,,,,3240,11644,990,750,1485,169,919,1629,6272,1929,14397,55289
,,,,,,,,3241,10363,909,688,1364,155,844,1495,5764,1770,13317,51147
,,,,,,,,3242,9517,861,652,1291,147,799,1415,5459,1675,12687,48843
,,,,,,,,3243,9055,832,630,1248,142,772,1368,5278,1618,12336,47534
,,,,,,,,3244,8827,819,620,1229,140,760,1346,5194,1593,12236,47194
,,,,,,,,3245,8763,824,624,1236,141,765,1355,5224,1604,12447,48016
,,,,,,,,3246,9008,869,658,1304,149,807,1430,5508,1693,13342,51208
,,,,,,,,3247,9814,968,733,1453,166,898,1596,6121,1893,14952,56471
,,,,,,,,3248,11400,1087,823,1631,186,1008,1793,6869,2128,16354,60548
,,,,,,,,3249,12720,1158,877,1738,198,1074,1909,7325,2263,17048,63057
,,,,,,,,3250,13292,1203,911,1805,206,1117,1981,7616,2348,17590,65189
,,,,,,,,3251,13665,1232,933,1849,211,1143,2029,7797,2406,18094,67308
,,,,,,,,3252,14033,1250,946,1875,214,1159,2058,7906,2440,18294,68948
,,,,,,,,3253,14205,1255,950,1883,215,1164,2067,7940,2450,18322,70088
,,,,,,,,3254,14210,1258,952,1887,215,1167,2072,7959,2456,18396,71292
,,,,,,,,3255,14237,1256,951,1883,215,1165,2068,7942,2451,18388,71904
,,,,,,,,3256,14146,1259,953,1889,216,1168,2073,7962,2458,18481,72698
,,,,,,,,3257,14096,1266,959,1899,217,1174,2086,8005,2474,18674,73486
,,,,,,,,3258,14222,1270,961,1905,217,1178,2092,8026,2482,18715,73606
,,,,,,,,3259,14213,1238,937,1857,212,1148,2040,7824,2419,18362,71958
,,,,,,,,3260,14020,1210,916,1815,207,1122,1993,7652,2363,18172,70235
,,,,,,,,3261,14000,1214,919,1821,208,1126,1999,7679,2370,18680,70025
,,,,,,,,3262,13939,1182,895,1774,202,1097,1947,7481,2307,18121,68526
,,,,,,,,3263,13030,1088,823,1632,186,1009,1790,6886,2121,16465,63226
,,,,,,,,3264,11670,986,747,1480,169,915,1623,6248,1922,14980,57489
,,,,,,,,3265,10401,900,681,1350,154,835,1481,5699,1754,13678,53225
,,,,,,,,3266,9593,856,648,1284,146,794,1408,5426,1666,12990,50351
,,,,,,,,3267,9138,828,627,1243,142,769,1362,5253,1612,12623,48529
,,,,,,,,3268,8910,815,617,1223,139,757,1340,5168,1585,12441,47643
,,,,,,,,3269,8835,821,622,1232,140,762,1351,5206,1599,12572,48235
,,,,,,,,3270,9075,867,657,1301,148,805,1427,5496,1690,13448,51427
,,,,,,,,3271,9956,965,731,1448,165,895,1590,6100,1887,14959,56289
,,,,,,,,3272,11596,1083,820,1625,185,1004,1786,6838,2121,16360,60220
,,,,,,,,3273,12956,1162,880,1743,199,1078,1916,7342,2273,17231,63233
,,,,,,,,3274,13534,1208,914,1811,207,1120,1990,7633,2360,17876,65035
,,,,,,,,3275,13895,1242,940,1862,213,1151,2047,7843,2429,18514,66964
,,,,,,,,3276,14196,1262,955,1893,216,1170,2081,7966,2470,18930,68543
,,,,,,,,3277,14348,1272,963,1908,218,1179,2098,8025,2492,19316,69824
,,,,,,,,3278,14337,1281,970,1921,219,1187,2114,8076,2512,19647,71201
,,,,,,,,3279,14396,1290,977,1935,221,1195,2131,8127,2535,19888,71872
,,,,,,,,3280,14448,1283,971,1924,220,1188,2120,8073,2523,20168,72302
,,,,,,,,3281,14528,1282,970,1922,220,1186,2121,8054,2526,20386,72660
,,,,,,,,3282,14670,1267,959,1900,217,1173,2098,7956,2500,20311,72287
,,,,,,,,3283,14527,1225,928,1838,210,1134,2029,7692,2419,19754,70356
,,,,,,,,3284,14179,1193,903,1789,204,1104,1973,7496,2351,19197,67942
,,,,,,,,3285,14078,1208,915,1813,207,1119,1997,7608,2376,19471,67739
,,,,,,,,3286,14368,1201,909,1801,206,1113,1981,7573,2354,18914,66592
,,,,,,,,3287,13534,1110,840,1665,190,1029,1830,7011,2171,17197,61691
,,,,,,,,3288,12110,1003,760,1505,172,931,1653,6346,1959,15493,56190
,,,,,,,,3289,10735,923,699,1384,158,857,1518,5849,1797,14226,51988
,,,,,,,,3290,9818,870,659,1306,149,808,1431,5518,1694,13454,49541
,,,,,,,,3291,9299,837,634,1256,143,777,1377,5309,1629,12915,47892
,,,,,,,,3292,9018,820,621,1230,140,761,1348,5199,1596,12629,47285
,,,,,,,,3293,8887,819,620,1229,140,761,1348,5193,1596,12642,48106
,,,,,,,,3294,9053,856,648,1284,146,794,1408,5422,1668,13312,50910
,,,,,,,,3295,9730,942,713,1413,161,874,1553,5953,1843,14591,55630
,,,,,,,,3296,11255,1049,794,1574,180,973,1730,6625,2054,15743,59682
,,,,,,,,3297,12476,1112,842,1669,190,1032,1833,7033,2174,16282,61795
,,,,,,,,3298,12963,1150,871,1726,197,1067,1894,7280,2244,16570,63334
,,,,,,,,3299,13291,1175,890,1763,201,1090,1935,7436,2294,16917,64925
,,,,,,,,3300,13566,1192,902,1788,204,1106,1962,7542,2326,17200,65843
,,,,,,,,3301,13719,1197,906,1795,205,1110,1970,7574,2335,17448,66650
,,,,,,,,3302,13721,1207,914,1811,207,1120,1988,7642,2355,17661,67245
,,,,,,,,3303,13820,1213,919,1820,208,1126,1997,7678,2367,17837,67744
,,,,,,,,3304,13836,1221,924,1831,209,1132,2010,7723,2382,18184,68265
,,,,,,,,3305,13871,1233,934,1850,211,1144,2031,7800,2409,18504,68746
,,,,,,,,3306,13931,1231,932,1847,211,1142,2029,7786,2406,18540,68398
,,,,,,,,3307,13735,1193,903,1789,204,1106,1965,7541,2330,18008,66774
,,,,,,,,3308,13356,1156,875,1734,198,1072,1904,7313,2257,17477,64871
,,,,,,,,3309,13240,1168,884,1752,200,1083,1923,7388,2280,17810,64715
,,,,,,,,3310,13618,1157,876,1735,198,1073,1905,7319,2257,17414,64129
,,,,,,,,3311,12978,1068,809,1603,183,991,1758,6763,2083,15835,59509
,,,,,,,,3312,11596,969,733,1453,166,899,1594,6135,1887,14247,54250
,,,,,,,,3313,10312,891,674,1337,152,827,1465,5646,1735,13066,50265
,,,,,,,,3314,9450,843,638,1265,144,782,1386,5344,1641,12432,47773
,,,,,,,,3315,8971,814,616,1222,139,756,1339,5162,1585,12023,46535
,,,,,,,,3316,8730,802,607,1203,137,744,1318,5081,1561,11872,46068
,,,,,,,,3317,8647,808,611,1212,138,749,1329,5116,1574,12059,46724
,,,,,,,,3318,8857,845,640,1267,144,784,1390,5349,1647,12802,49536
,,,,,,,,3319,9545,934,707,1401,160,866,1540,5899,1828,14167,54147
,,,,,,,,3320,11054,1044,790,1565,179,967,1721,6589,2043,15493,58188
,,,,,,,,3321,12341,1114,844,1672,191,1034,1836,7045,2178,16120,60807
,,,,,,,,3322,12876,1156,875,1735,198,1073,1904,7319,2256,16590,62641
,,,,,,,,3323,13264,1189,900,1783,203,1103,1957,7522,2320,17009,64425
,,,,,,,,3324,13560,1208,915,1813,207,1121,1989,7647,2358,17287,65847
,,,,,,,,3325,13698,1217,921,1826,208,1129,2004,7703,2374,17449,66851
,,,,,,,,3326,13689,1220,923,1830,209,1132,2008,7720,2380,17589,67820
,,,,,,,,3327,13739,1220,924,1831,209,1132,2009,7723,2381,17677,68500
,,,,,,,,3328,13717,1222,925,1833,209,1134,2012,7732,2385,17853,69353
,,,,,,,,3329,13692,1223,926,1835,209,1135,2015,7736,2389,17978,70251
,,,,,,,,3330,13666,1213,919,1820,208,1125,1999,7672,2371,17917,70002
,,,,,,,,3331,13351,1170,886,1755,200,1085,1927,7396,2285,17337,68067
,,,,,,,,3332,12885,1129,855,1693,193,1047,1859,7141,2204,16669,65288
,,,,,,,,3333,12681,1133,858,1699,194,1051,1865,7166,2211,16838,64432
,,,,,,,,3334,12976,1124,851,1686,192,1043,1851,7113,2193,16556,63828
,,,,,,,,3335,12509,1051,795,1576,180,975,1729,6653,2049,15269,59679
,,,,,,,,3336,11420,964,730,1446,165,895,1586,6106,1878,13919,54742
,,,,,,,,3337,10276,889,673,1333,152,825,1462,5627,1732,12847,50621
,,,,,,,,3338,9382,838,634,1257,143,777,1377,5310,1630,12100,47762
,,,,,,,,3339,8880,806,610,1209,138,748,1326,5111,1569,11647,45966
,,,,,,,,3340,8589,788,597,1182,135,732,1296,4997,1534,11443,44934
,,,,,,,,3341,8441,784,593,1176,134,728,1289,4969,1526,11410,44714
,,,,,,,,3342,8494,789,597,1183,135,732,1297,4998,1536,11564,45474
,,,,,,,,3343,8618,807,611,1211,138,749,1330,5108,1576,11847,46451
,,,,,,,,3344,9160,871,659,1306,149,807,1435,5502,1703,12636,49312
,,,,,,,,3345,10142,949,718,1424,162,880,1564,5997,1856,13644,53357
,,,,,,,,3346,11179,1013,767,1520,173,939,1670,6399,1982,14424,57015
,,,,,,,,3347,11863,1060,803,1590,181,983,1747,6698,2073,14982,59910
,,,,,,,,3348,12206,1090,825,1634,187,1010,1796,6886,2130,15392,62131
,,,,,,,,3349,12395,1107,838,1661,190,1027,1825,6999,2165,15641,63949
,,,,,,,,3350,12394,1115,844,1673,191,1034,1838,7050,2181,15820,65161
,,,,,,,,3351,12321,1120,848,1680,192,1039,1845,7082,2188,16072,66475
,,,,,,,,3352,12306,1124,851,1686,192,1043,1852,7108,2197,16375,67819
,,,,,,,,3353,12380,1135,859,1702,194,1053,1870,7175,2217,16806,69245
,,,,,,,,3354,12495,1137,861,1706,195,1055,1874,7187,2222,17038,69596
,,,,,,,,3355,12653,1130,856,1696,194,1048,1863,7144,2210,17028,68873
,,,,,,,,3356,12585,1113,843,1670,191,1032,1834,7036,2175,16761,67235
,,,,,,,,3357,12397,1115,844,1673,191,1034,1836,7053,2177,16802,66141
,,,,,,,,3358,12670,1112,842,1668,190,1032,1832,7031,2173,16538,65173
,,,,,,,,3359,12298,1048,793,1572,179,972,1726,6628,2046,15400,61279
,,,,,,,,3360,11277,973,736,1459,166,903,1601,6158,1897,14065,56223
,,,,,,,,3361,10194,898,680,1347,154,833,1478,5684,1751,12924,51828
,,,,,,,,3362,9339,846,640,1269,145,785,1391,5362,1646,12117,48770
,,,,,,,,3363,8805,811,614,1217,139,753,1334,5146,1579,11665,46685
,,,,,,,,3364,8467,792,599,1188,135,735,1301,5021,1540,11377,45443
,,,,,,,,3365,8303,784,593,1176,134,727,1288,4970,1524,11262,44743
,,,,,,,,3366,8289,780,590,1170,133,724,1282,4946,1518,11261,44849
,,,,,,,,3367,8274,785,594,1177,134,728,1291,4971,1530,11294,44792
,,,,,,,,3368,8606,840,636,1259,144,779,1384,5305,1642,12056,47352
,,,,,,,,3369,9469,911,690,1367,156,845,1503,5757,1783,12998,51712
,,,,,,,,3370,10541,981,743,1471,168,909,1618,6193,1921,13929,56246
,,,,,,,,3371,11382,1035,784,1553,177,960,1707,6535,2026,14659,59812
,,,,,,,,3372,11919,1076,814,1614,184,997,1774,6790,2107,15186,62964
,,,,,,,,3373,12294,1103,835,1654,189,1022,1820,6960,2161,15626,65613
,,,,,,,,3374,12460,1115,844,1672,191,1033,1840,7031,2186,15884,67442
,,,,,,,,3375,12495,1122,849,1683,192,1040,1852,7077,2200,16128,69002
,,,,,,,,3376,12527,1131,856,1696,194,1048,1867,7130,2219,16416,70274
,,,,,,,,3377,12639,1147,868,1720,196,1062,1893,7227,2251,16732,71197
,,,,,,,,3378,12780,1156,875,1734,198,1071,1909,7281,2270,16980,71563
,,,,,,,,3379,12996,1154,873,1731,198,1069,1906,7267,2267,17035,70822
,,,,,,,,3380,12992,1144,866,1716,196,1060,1889,7212,2245,16992,69481
,,,,,,,,3381,12902,1164,882,1747,199,1079,1921,7348,2282,17421,69046
,,,,,,,,3382,13274,1163,880,1744,199,1078,1918,7336,2279,17101,68237
,,,,,,,,3383,12670,1088,824,1633,186,1009,1795,6874,2130,15824,63657
,,,,,,,,3384,11334,996,754,1495,171,924,1642,6301,1947,14439,58204
,,,,,,,,3385,10080,920,696,1380,157,854,1513,5829,1791,13317,53599
,,,,,,,,3386,9277,874,661,1311,149,811,1437,5540,1700,12670,50869
,,,,,,,,3387,8847,843,638,1264,144,782,1386,5345,1640,12259,49081
,,,,,,,,3388,8619,828,627,1243,142,769,1362,5255,1612,12156,48518
,,,,,,,,3389,8560,832,630,1248,142,772,1368,5274,1619,12350,49327
,,,,,,,,3390,8806,872,660,1309,149,810,1435,5528,1699,13256,52334
,,,,,,,,3391,9547,975,738,1463,167,905,1607,6166,1906,14839,57281
,,,,,,,,3392,11118,1086,822,1629,186,1007,1790,6858,2125,16347,61765
,,,,,,,,3393,12513,1169,885,1754,200,1085,1927,7392,2285,17061,64606
,,,,,,,,3394,13157,1223,926,1835,209,1135,2014,7739,2387,17591,66839
,,,,,,,,3395,13627,1258,952,1887,215,1167,2071,7954,2456,18010,68998
,,,,,,,,3396,14024,1274,965,1912,218,1182,2099,8059,2489,18269,70811
,,,,,,,,3397,14250,1282,971,1923,220,1189,2112,8108,2504,18393,72078
,,,,,,,,3398,14336,1293,979,1940,221,1199,2130,8175,2526,18462,73117
,,,,,,,,3399,14438,1296,981,1945,222,1202,2136,8195,2534,18462,73672
,,,,,,,,3400,14435,1299,984,1949,222,1205,2141,8210,2540,18505,74194
,,,,,,,,3401,14404,1306,989,1959,224,1211,2153,8250,2555,18630,74426
,,,,,,,,3402,14508,1303,987,1955,223,1208,2149,8230,2550,18678,73877
,,,,,,,,3403,14425,1268,960,1902,217,1176,2091,8009,2482,18252,71948
,,,,,,,,3404,14169,1239,938,1859,212,1149,2042,7829,2422,17906,69751
,,,,,,,,3405,14076,1236,935,1853,212,1146,2036,7810,2415,18079,69083
,,,,,,,,3406,14100,1205,912,1807,206,1118,1985,7619,2354,17517,67840
,,,,,,,,3407,13203,1112,842,1669,190,1032,1831,7038,2171,16055,62804
,,,,,,,,3408,11777,1010,764,1515,173,937,1662,6392,1968,14677,57161
,,,,,,,,3409,10498,930,704,1396,159,863,1530,5896,1812,13407,52699
,,,,,,,,3410,9690,883,668,1324,151,819,1451,5596,1717,12807,50224
,,,,,,,,3411,9242,852,645,1278,146,791,1400,5401,1656,12430,48707
,,,,,,,,3412,9021,837,634,1256,143,777,1376,5311,1629,12276,48003
,,,,,,,,3413,8948,843,638,1265,144,783,1387,5346,1641,12473,48593
,,,,,,,,3414,9196,887,671,1331,152,823,1459,5620,1727,13307,51554
,,,,,,,,3415,9999,981,743,1472,168,910,1617,6205,1918,14854,56450
,,,,,,,,3416,11588,1100,832,1649,188,1019,1813,6944,2152,16330,60826
,,,,,,,,3417,12907,1178,892,1767,202,1093,1941,7447,2303,17047,63253
,,,,,,,,3418,13445,1227,929,1840,210,1138,2020,7760,2394,17538,64972
,,,,,,,,3419,13852,1263,956,1894,216,1171,2080,7986,2466,18015,66918
,,,,,,,,3420,14231,1280,969,1920,219,1187,2108,8092,2500,18274,68308
,,,,,,,,3421,14415,1289,976,1933,221,1195,2123,8149,2518,18459,69442
,,,,,,,,3422,14416,1297,982,1946,222,1203,2138,8201,2535,18590,70504
,,,,,,,,3423,14452,1302,985,1953,223,1207,2145,8226,2544,18650,70876
,,,,,,,,3424,14420,1307,989,1960,224,1212,2154,8256,2555,18855,71455
,,,,,,,,3425,14405,1314,995,1971,225,1218,2166,8298,2571,18996,71956
,,,,,,,,3426,14488,1314,995,1972,225,1219,2168,8299,2573,19034,71831
,,,,,,,,3427,14419,1280,969,1921,219,1187,2111,8083,2507,18639,70326
,,,,,,,,3428,14106,1246,943,1869,213,1156,2054,7873,2438,18361,68264
,,,,,,,,3429,13971,1244,942,1867,213,1154,2051,7864,2433,18715,68006
,,,,,,,,3430,14019,1225,927,1837,210,1136,2018,7742,2393,18295,67216
,,,,,,,,3431,13220,1135,859,1703,194,1053,1869,7180,2215,16707,62370
,,,,,,,,3432,11890,1033,782,1549,177,958,1700,6538,2014,15129,56914
,,,,,,,,3433,10558,943,714,1414,161,875,1552,5967,1838,13867,52664
,,,,,,,,3434,9684,893,676,1340,153,829,1469,5661,1739,13237,50016
,,,,,,,,3435,9222,865,654,1297,148,803,1421,5482,1682,12834,48466
,,,,,,,,3436,9000,851,644,1276,145,790,1399,5396,1655,12647,47819
,,,,,,,,3437,8906,858,649,1287,147,796,1411,5438,1670,12785,48658
,,,,,,,,3438,9164,901,682,1352,154,836,1482,5709,1755,13592,51456
,,,,,,,,3439,9925,1001,757,1501,171,928,1649,6325,1955,15156,56100
,,,,,,,,3440,11570,1123,850,1685,192,1041,1853,7093,2200,16639,60524
,,,,,,,,3441,12955,1205,913,1808,206,1118,1987,7614,2358,17560,63590
,,,,,,,,3442,13569,1262,956,1894,216,1171,2080,7979,2468,18353,66039
,,,,,,,,3443,14004,1298,983,1947,222,1204,2140,8198,2540,19039,68542
,,,,,,,,3444,14400,1321,1000,1981,226,1224,2179,8336,2587,19609,70472
,,,,,,,,3445,14654,1325,1003,1988,227,1228,2187,8359,2599,20018,72033
,,,,,,,,3446,14753,1334,1010,2000,229,1236,2202,8403,2619,20461,73442
,,,,,,,,3447,14925,1329,1006,1994,228,1231,2197,8366,2614,20508,74449
,,,,,,,,3448,14959,1331,1008,1997,228,1233,2202,8372,2622,20614,75410
,,,,,,,,3449,14927,1335,1011,2003,229,1236,2211,8386,2635,20730,76219
,,,,,,,,3450,15020,1326,1004,1989,227,1227,2196,8319,2620,20524,76143
,,,,,,,,3451,14899,1286,973,1928,221,1190,2130,8065,2541,19880,74304
,,,,,,,,3452,14558,1251,947,1876,214,1157,2070,7853,2468,19378,72135
,,,,,,,,3453,14362,1251,947,1876,214,1158,2068,7867,2463,19509,71294
,,,,,,,,3454,14598,1242,940,1863,213,1151,2051,7828,2438,18943,70110
,,,,,,,,3455,13959,1153,873,1730,197,1069,1902,7279,2258,17312,65146
,,,,,,,,3456,12516,1048,793,1572,179,972,1726,6622,2048,15669,59381
,,,,,,,,3457,11097,964,730,1447,165,895,1587,6108,1879,14380,54778
,,,,,,,,3458,10107,909,688,1364,156,844,1495,5764,1770,13625,51835
,,,,,,,,3459,9530,877,664,1316,150,814,1442,5563,1707,13172,50211
,,,,,,,,3460,9210,861,652,1292,147,799,1416,5461,1675,13004,49493
,,,,,,,,3461,9077,866,655,1299,148,804,1424,5489,1685,13142,49966
,,,,,,,,3462,9277,905,685,1358,155,840,1489,5736,1763,14014,52942
,,,,,,,,3463,10029,1003,759,1505,172,930,1653,6341,1960,15606,57828
,,,,,,,,3464,11707,1129,855,1694,193,1047,1862,7130,2211,17106,62762
,,,,,,,,3465,13123,1215,920,1823,208,1127,2003,7679,2377,17968,66311
,,,,,,,,3466,13809,1270,961,1905,217,1178,2092,8030,2481,18531,69524
,,,,,,,,3467,14351,1307,990,1961,224,1212,2154,8261,2556,19128,72693
,,,,,,,,3468,14816,1333,1009,1999,228,1236,2197,8420,2607,19601,75272
,,,,,,,,3469,15086,1337,1012,2005,229,1240,2204,8444,2616,19933,77601
,,,,,,,,3470,15158,1346,1019,2019,231,1248,2219,8497,2635,20224,79606
,,,,,,,,3471,15246,1341,1015,2011,230,1243,2212,8462,2626,20153,81037
,,,,,,,,3472,15265,1338,1013,2007,229,1240,2208,8442,2623,20118,82028
,,,,,,,,3473,15213,1345,1018,2017,230,1246,2220,8476,2638,20162,83044
,,,,,,,,3474,15212,1335,1011,2003,229,1237,2205,8414,2622,20065,82857
,,,,,,,,3475,14899,1298,982,1947,222,1202,2143,8177,2548,19487,80645
,,,,,,,,3476,14449,1266,959,1899,217,1173,2090,7985,2483,18981,78129
,,,,,,,,3477,14267,1261,955,1892,216,1169,2080,7958,2471,19190,76936
,,,,,,,,3478,14491,1243,941,1864,213,1152,2049,7847,2432,18713,75821
,,,,,,,,3479,13851,1153,873,1730,197,1069,1900,7287,2254,17184,70852
,,,,,,,,3480,12399,1055,799,1582,181,978,1737,6672,2060,15619,64648
,,,,,,,,3481,10984,964,730,1446,165,895,1587,6102,1881,14407,59344
,,,,,,,,3482,10039,912,690,1368,156,846,1500,5779,1777,13622,55934
,,,,,,,,3483,9528,877,664,1316,150,814,1442,5559,1707,13193,53803
,,,,,,,,3484,9238,861,651,1291,147,799,1415,5456,1675,12923,52867
,,,,,,,,3485,9140,864,654,1296,148,802,1421,5475,1682,13076,53109
,,,,,,,,3486,9344,897,679,1346,153,832,1476,5683,1747,13861,55695
,,,,,,,,3487,10052,978,740,1467,167,907,1611,6180,1911,15268,60090
,,,,,,,,3488,11581,1092,826,1638,187,1012,1801,6890,2138,16747,64863
,,,,,,,,3489,12926,1185,897,1777,203,1098,1953,7480,2318,17741,68791
,,,,,,,,3490,13559,1249,945,1873,214,1158,2058,7889,2442,18432,72151
,,,,,,,,3491,13955,1291,978,1937,221,1197,2130,8153,2529,19074,75755
,,,,,,,,3492,14299,1314,995,1972,225,1218,2169,8292,2576,19598,78915
,,,,,,,,3493,14502,1324,1003,1986,227,1227,2186,8348,2598,20083,81657
,,,,,,,,3494,14509,1336,1011,2004,229,1237,2207,8412,2625,20401,84057
,,,,,,,,3495,14582,1348,1020,2021,231,1248,2228,8480,2651,20821,85131
,,,,,,,,3496,14559,1352,1024,2028,232,1252,2237,8499,2664,21223,86242
,,,,,,,,3497,14560,1356,1026,2033,233,1255,2245,8510,2677,21567,86817
,,,,,,,,3498,14605,1343,1017,2014,230,1242,2226,8419,2656,21561,86140
,,,,,,,,3499,14400,1299,983,1948,223,1202,2153,8142,2570,20936,83306
,,,,,,,,3500,14026,1264,957,1896,217,1170,2094,7931,2497,20186,79386
,,,,,,,,3501,13802,1259,953,1888,216,1165,2083,7912,2481,20034,76976
,,,,,,,,3502,13964,1258,952,1887,216,1165,2079,7920,2474,19625,75381
,,,,,,,,3503,13535,1185,897,1778,203,1098,1956,7469,2326,18171,70035
,,,,,,,,3504,12434,1091,826,1636,187,1011,1799,6884,2136,16531,63910
,,,,,,,,3505,11208,1010,765,1516,173,937,1666,6381,1978,15138,58666
,,,,,,,,3506,10258,952,720,1428,163,883,1567,6022,1857,14237,54637
,,,,,,,,3507,9681,912,691,1369,156,846,1501,5777,1778,13540,52118
,,,,,,,,3508,9347,890,673,1335,152,826,1463,5637,1733,13113,50579
,,,,,,,,3509,9169,877,664,1316,150,814,1442,5559,1707,12956,49782
,,,,,,,,3510,9206,874,662,1312,150,812,1438,5542,1703,12950,49867
,,,,,,,,3511,9352,888,672,1333,152,824,1462,5623,1733,13225,50549
,,,,,,,,3512,9875,950,719,1425,163,880,1567,5993,1861,14186,53774
,,,,,,,,3513,10894,1042,789,1564,179,966,1721,6571,2045,15573,58960
,,,,,,,,3514,12082,1129,855,1694,193,1046,1866,7112,2219,17043,64149
,,,,,,,,3515,13057,1198,907,1798,205,1110,1981,7540,2359,18350,68875
,,,,,,,,3516,13753,1250,946,1875,214,1157,2068,7858,2463,19543,72731
,,,,,,,,3517,14216,1285,973,1927,220,1189,2126,8071,2534,20586,75690
,,,,,,,,3518,14441,1301,985,1952,223,1204,2155,8168,2570,21266,77621
,,,,,,,,3519,14505,1303,987,1954,224,1206,2159,8173,2576,21722,79109
,,,,,,,,3520,14530,1289,976,1934,221,1193,2138,8079,2552,21596,80340
,,,,,,,,3521,14539,1272,963,1908,218,1176,2110,7966,2521,21332,80948
,,,,,,,,3522,14595,1254,949,1881,215,1159,2081,7845,2488,21007,80281
,,,,,,,,3523,14641,1230,931,1845,211,1137,2042,7696,2441,20517,78398
,,,,,,,,3524,14490,1214,919,1821,208,1123,2014,7604,2405,20079,75654
,,,,,,,,3525,14240,1218,922,1827,209,1127,2019,7642,2408,19980,73503
,,,,,,,,3526,14390,1223,926,1835,210,1132,2026,7680,2415,19625,72320
,,,,,,,,3527,13954,1165,882,1747,200,1079,1927,7325,2294,18331,68080
,,,,,,,,3528,12788,1084,821,1627,186,1005,1791,6832,2130,16783,62576
,,,,,,,,3529,11552,1010,765,1515,173,936,1666,6377,1979,15389,57705
,,,,,,,,3530,10490,956,724,1434,164,887,1574,6051,1866,14438,54026
,,,,,,,,3531,9836,919,696,1379,157,853,1513,5822,1793,13801,51439
,,,,,,,,3532,9405,894,677,1342,153,830,1471,5667,1742,13368,49804
,,,,,,,,3533,9140,881,667,1322,151,818,1450,5585,1716,13169,48928
,,,,,,,,3534,9030,873,661,1309,149,810,1435,5530,1699,13138,48737
,,,,,,,,3535,8905,873,661,1309,149,810,1436,5523,1702,13212,48836
,,,,,,,,3536,9226,908,687,1362,155,842,1498,5729,1779,13837,51827
,,,,,,,,3537,10035,967,732,1451,166,896,1597,6101,1897,15058,57428
,,,,,,,,3538,11082,1031,781,1547,177,956,1703,6500,2025,16361,63511
,,,,,,,,3539,11972,1093,827,1639,187,1012,1805,6882,2147,17555,68981
,,,,,,,,3540,12576,1145,867,1717,196,1060,1892,7204,2252,18666,73764
,,,,,,,,3541,12991,1179,893,1768,202,1092,1950,7414,2322,19465,77620
,,,,,,,,3542,13202,1198,907,1797,205,1109,1982,7525,2362,20092,80119
,,,,,,,,3543,13226,1211,917,1816,208,1121,2005,7603,2390,20534,81615
,,,,,,,,3544,13244,1221,924,1831,209,1130,2023,7659,2413,20843,82832
,,,,,,,,3545,13329,1227,929,1841,210,1135,2034,7692,2428,21146,83628
,,,,,,,,3546,13417,1216,921,1824,209,1124,2017,7614,2410,21023,83063
,,,,,,,,3547,13519,1199,908,1798,206,1109,1990,7505,2378,20637,81634
,,,,,,,,3548,13335,1181,894,1772,203,1092,1959,7401,2339,19964,78730
,,,,,,,,3549,13080,1192,902,1788,204,1103,1974,7479,2354,19861,76422
,,,,,,,,3550,13299,1206,913,1809,207,1116,1996,7576,2379,19526,74518
,,,,,,,,3551,12997,1164,882,1747,200,1078,1925,7326,2292,18369,70363
,,,,,,,,3552,12056,1091,826,1637,187,1011,1802,6877,2142,16911,64899
,,,,,,,,3553,10942,1015,768,1523,174,941,1674,6409,1988,15529,59702
,,,,,,,,3554,10107,964,730,1446,165,894,1588,6093,1884,14593,56064
,,,,,,,,3555,9555,929,703,1393,159,862,1529,5877,1813,13952,53403
,,,,,,,,3556,9245,908,687,1362,155,842,1494,5746,1770,13566,51949
,,,,,,,,3557,9081,902,683,1354,154,837,1485,5712,1759,13431,51244
,,,,,,,,3558,9122,902,682,1353,154,836,1484,5707,1759,13469,51486
,,,,,,,,3559,9252,917,694,1375,157,850,1512,5788,1795,13738,52221
,,,,,,,,3560,9696,978,741,1468,168,906,1616,6165,1921,14676,55357
,,,,,,,,3561,10522,1067,808,1600,183,989,1762,6725,2094,16157,60813
,,,,,,,,3562,11641,1154,874,1732,198,1070,1906,7277,2266,17796,67193
,,,,,,,,3563,12655,1233,933,1849,211,1142,2037,7760,2424,19369,73326
,,,,,,,,3564,13394,1298,983,1947,223,1202,2146,8166,2555,20773,78466
,,,,,,,,3565,13940,1350,1022,2025,231,1250,2233,8487,2659,21941,82104
,,,,,,,,3566,14315,1389,1052,2084,238,1286,2299,8727,2740,22840,84534
,,,,,,,,3567,14465,1418,1074,2127,243,1312,2348,8901,2800,23610,86292
,,,,,,,,3568,14616,1447,1095,2170,248,1339,2397,9076,2860,24418,87992
,,,,,,,,3569,14786,1470,1113,2205,252,1360,2438,9212,2911,25050,89280
,,,,,,,,3570,15034,1481,1121,2221,254,1369,2457,9271,2936,25381,89545
,,,,,,,,3571,15105,1462,1107,2193,251,1352,2426,9152,2898,25031,87933
,,,,,,,,3572,14823,1433,1085,2149,246,1325,2376,8979,2836,24317,85452
,,,,,,,,3573,14629,1436,1087,2154,246,1329,2379,9007,2838,24108,83753
,,,,,,,,3574,14813,1438,1089,2158,247,1331,2382,9031,2840,23540,82199
,,,,,,,,3575,14115,1350,1022,2025,231,1250,2233,8485,2660,21611,76595
,,,,,,,,3576,12672,1241,940,1862,213,1150,2051,7814,2441,19493,70088
,,,,,,,,3577,11304,1150,871,1725,197,1066,1899,7246,2259,17830,64553
,,,,,,,,3578,10369,1097,830,1645,188,1017,1810,6922,2149,16744,61007
,,,,,,,,3579,9840,1062,804,1593,182,985,1751,6709,2078,16073,58712
,,,,,,,,3580,9557,1042,789,1563,178,966,1717,6587,2036,15634,57234
,,,,,,,,3581,9453,1045,791,1568,179,970,1722,6610,2042,15642,57375
,,,,,,,,3582,9669,1084,821,1626,186,1005,1786,6853,2119,16310,59806
,,,,,,,,3583,10482,1184,897,1777,203,1098,1954,7472,2322,17955,64556
,,,,,,,,3584,12164,1330,1007,1995,228,1232,2198,8370,2615,20140,70475
,,,,,,,,3585,13653,1456,1103,2185,250,1349,2408,9165,2865,21910,74896
,,,,,,,,3586,14507,1565,1185,2347,268,1449,2587,9848,3078,23493,78339
,,,,,,,,3587,15230,1647,1247,2470,282,1525,2725,10350,3246,25024,81484
,,,,,,,,3588,15950,1704,1290,2556,292,1577,2820,10705,3361,26276,84221
,,,,,,,,3589,16536,1736,1314,2604,298,1607,2874,10898,3426,27155,86519
,,,,,,,,3590,16931,1718,1301,2578,295,1590,2847,10780,3396,27755,88223
,,,,,,,,3591,17302,1701,1288,2552,292,1574,2821,10664,3368,28125,89616
,,,,,,,,3592,17528,1694,1283,2542,291,1567,2810,10616,3356,28575,90773
,,,,,,,,3593,17741,1697,1285,2546,291,1570,2816,10625,3365,28841,91233
,,,,,,,,3594,17908,1658,1256,2487,285,1533,2753,10375,3291,28606,90091
,,,,,,,,3595,17684,1610,1219,2415,276,1488,2672,10073,3194,27556,86865
,,,,,,,,3596,17095,1560,1181,2340,268,1443,2588,9769,3091,26366,83013
,,,,,,,,3597,16734,1531,1159,2296,263,1416,2538,9595,3029,25250,80097
,,,,,,,,3598,16503,1474,1116,2211,253,1364,2442,9249,2913,23517,76969
,,,,,,,,3599,15298,1365,1034,2048,234,1264,2260,8576,2693,21119,70797
,,,,,,,,3600,13671,1243,941,1865,213,1152,2056,7824,2447,18886,64101
,,,,,,,,3601,12205,1148,869,1722,197,1064,1894,7241,2249,17221,59338
,,,,,,,,3602,11157,1086,822,1629,186,1007,1789,6866,2122,16157,55888
,,,,,,,,3603,10563,1044,791,1567,179,969,1720,6607,2039,15471,53813
,,,,,,,,3604,10230,1023,775,1535,175,949,1684,6477,1996,15091,52757
,,,,,,,,3605,10098,1024,775,1536,175,950,1686,6484,1997,15165,53094
,,,,,,,,3606,10314,1060,803,1591,181,984,1746,6711,2068,15890,55683
,,,,,,,,3607,11073,1152,872,1727,197,1068,1899,7273,2254,17434,60150
,,,,,,,,3608,12767,1265,958,1898,217,1173,2089,7977,2482,18900,64661
,,,,,,,,3609,14189,1345,1018,2017,230,1246,2220,8481,2637,19738,67838
,,,,,,,,3610,14827,1397,1058,2096,239,1295,2305,8815,2738,20274,70162
,,,,,,,,3611,15261,1433,1085,2150,246,1328,2366,9034,2812,20891,72688
,,,,,,,,3612,15642,1455,1102,2183,249,1348,2404,9168,2859,21286,74584
,,,,,,,,3613,15869,1465,1109,2197,251,1357,2420,9224,2879,21475,76015
,,,,,,,,3614,15920,1472,1115,2208,252,1363,2433,9263,2896,21804,77315
,,,,,,,,3615,16043,1468,1111,2202,252,1359,2428,9233,2890,21997,78180
,,,,,,,,3616,16049,1467,1111,2201,252,1358,2427,9221,2891,22379,79040
,,,,,,,,3617,16069,1475,1117,2213,253,1365,2442,9263,2911,22876,79775
,,,,,,,,3618,16165,1467,1110,2200,252,1357,2430,9203,2898,22879,79469
,,,,,,,,3619,15963,1416,1072,2123,243,1310,2346,8880,2798,22231,77149
,,,,,,,,3620,15518,1366,1034,2049,234,1264,2262,8575,2697,21512,73860
,,,,,,,,3621,15279,1358,1028,2037,233,1258,2247,8538,2677,21297,71807
,,,,,,,,3622,15463,1353,1024,2030,232,1253,2236,8515,2661,20822,70489
,,,,,,,,3623,14794,1257,952,1886,215,1165,2076,7924,2468,18967,65489
,,,,,,,,3624,13289,1145,867,1718,196,1062,1890,7227,2244,17005,59376
,,,,,,,,3625,11826,1056,800,1585,181,980,1740,6682,2063,15460,54724
,,,,,,,,3626,10762,999,756,1499,171,927,1644,6328,1947,14527,51724
,,,,,,,,3627,10134,961,728,1442,164,892,1581,6090,1872,13941,49903
,,,,,,,,3628,9784,940,712,1410,161,873,1546,5959,1831,13646,49319
,,,,,,,,3629,9632,936,708,1404,160,868,1539,5928,1822,13734,49750
,,,,,,,,3630,9809,965,730,1447,165,895,1587,6111,1880,14330,52286
,,,,,,,,3631,10476,1056,800,1585,181,980,1741,6676,2066,15789,56452
,,,,,,,,3632,12098,1182,895,1773,202,1095,1950,7456,2316,17404,61200
,,,,,,,,3633,13576,1261,955,1892,216,1169,2080,7963,2469,18445,64519
,,,,,,,,3634,14279,1320,1000,1981,226,1224,2176,8343,2582,19356,67445
,,,,,,,,3635,14870,1361,1030,2041,233,1262,2244,8591,2664,20110,70028
,,,,,,,,3636,15417,1383,1047,2075,237,1282,2282,8729,2711,20646,72127
,,,,,,,,3637,15772,1397,1058,2096,239,1295,2305,8811,2739,21126,73753
,,,,,,,,3638,15950,1408,1066,2112,241,1305,2325,8878,2763,21542,75148
,,,,,,,,3639,16202,1414,1071,2122,242,1310,2336,8911,2778,21937,76225
,,,,,,,,3640,16355,1428,1081,2142,245,1323,2360,8992,2807,22406,77088
,,,,,,,,3641,16470,1443,1093,2165,247,1336,2386,9077,2841,22818,77612
,,,,,,,,3642,16533,1427,1081,2141,245,1321,2361,8971,2813,22762,77233
,,,,,,,,3643,16200,1371,1038,2056,235,1269,2268,8615,2702,22010,75124
,,,,,,,,3644,15593,1316,996,1974,226,1218,2176,8277,2590,20957,72344
,,,,,,,,3645,15106,1296,981,1944,222,1201,2142,8160,2548,20486,71055
,,,,,,,,3646,15130,1294,979,1941,222,1199,2136,8153,2540,19927,69829
,,,,,,,,3647,14555,1205,912,1807,206,1117,1988,7601,2361,18033,64642
,,,,,,,,3648,12999,1089,825,1634,186,1010,1796,6881,2131,16184,58828
,,,,,,,,3649,11524,1004,760,1506,172,932,1651,6365,1955,14730,54380
,,,,,,,,3650,10461,942,713,1413,161,874,1549,5972,1833,13837,51596
,,,,,,,,3651,9831,905,685,1358,155,840,1488,5738,1761,13307,49911
,,,,,,,,3652,9473,882,667,1323,151,818,1450,5589,1716,13049,49156
,,,,,,,,3653,9317,881,667,1322,151,818,1449,5586,1716,13138,49668
,,,,,,,,3654,9464,911,690,1367,156,846,1499,5772,1775,13760,52509
,,,,,,,,3655,10035,1001,758,1501,171,928,1649,6327,1956,15153,57043
,,,,,,,,3656,11598,1124,851,1686,192,1042,1852,7104,2198,16622,61315
,,,,,,,,3657,12964,1206,913,1809,206,1119,1987,7626,2356,17575,64227
,,,,,,,,3658,13629,1263,956,1895,216,1172,2079,7992,2464,18232,66232
,,,,,,,,3659,14083,1303,986,1955,223,1209,2145,8243,2543,18846,67981
,,,,,,,,3660,14475,1330,1007,1995,228,1234,2190,8413,2595,19346,69434
,,,,,,,,3661,14673,1341,1015,2012,230,1244,2209,8485,2618,19570,70038
,,,,,,,,3662,14712,1344,1017,2016,230,1247,2213,8502,2623,19665,70391
,,,,,,,,3663,14822,1324,1003,1987,227,1229,2181,8380,2584,19516,70175
,,,,,,,,3664,14849,1306,989,1959,224,1212,2151,8261,2550,19480,69403
,,,,,,,,3665,14803,1298,983,1947,222,1204,2138,8206,2535,19392,68855
,,,,,,,,3666,14667,1280,969,1920,219,1187,2109,8090,2502,19061,67645
,,,,,,,,3667,14160,1236,936,1854,212,1146,2037,7814,2416,18452,65487
,,,,,,,,3668,13548,1202,910,1803,206,1115,1979,7603,2345,18109,63543
,,,,,,,,3669,13300,1203,911,1805,206,1117,1981,7616,2348,18226,62945
,,,,,,,,3670,13452,1183,896,1775,202,1098,1947,7489,2307,17803,62292
,,,,,,,,3671,12975,1110,840,1665,190,1030,1827,7028,2164,16706,58944
,,,,,,,,3672,11876,1029,779,1544,176,955,1694,6522,2005,15454,54509
,,,,,,,,3673,10747,953,722,1430,163,885,1569,6037,1858,14309,50912
,,,,,,,,3674,9795,906,686,1360,155,841,1490,5744,1764,13495,48126
,,,,,,,,3675,9253,879,665,1318,150,816,1445,5570,1710,12977,46590
,,,,,,,,3676,8943,861,652,1291,147,799,1416,5457,1676,12685,45526
,,,,,,,,3677,8796,853,646,1279,146,792,1402,5406,1660,12560,45123
,,,,,,,,3678,8830,859,650,1289,147,797,1413,5445,1673,12603,45779
,,,,,,,,3679,9050,882,668,1324,151,819,1453,5585,1721,12811,46459
,,,,,,,,3680,9501,940,712,1410,161,872,1549,5940,1838,13601,49098
,,,,,,,,3681,10383,1016,769,1524,174,942,1675,6415,1988,14624,52674
,,,,,,,,3682,11461,1082,819,1624,185,1003,1785,6831,2120,15558,55753
,,,,,,,,3683,12368,1138,862,1708,195,1055,1878,7182,2231,16265,57775
,,,,,,,,3684,12966,1165,882,1747,200,1079,1922,7347,2284,16633,58883
,,,,,,,,3685,13238,1174,889,1761,201,1088,1939,7401,2305,16851,59261
,,,,,,,,3686,13228,1174,889,1762,201,1088,1940,7398,2307,16936,59243
,,,,,,,,3687,13082,1165,882,1748,200,1080,1926,7338,2291,16904,59130
,,,,,,,,3688,12951,1154,874,1732,198,1069,1908,7263,2272,16762,59214
,,,,,,,,3689,12902,1145,867,1718,196,1060,1895,7200,2257,16750,59467
,,,,,,,,3690,12966,1136,860,1704,195,1052,1880,7138,2240,16622,59305
,,,,,,,,3691,13125,1119,847,1679,192,1036,1853,7034,2208,16413,58800
,,,,,,,,3692,13082,1099,832,1649,188,1018,1818,6914,2165,16121,57964
,,,,,,,,3693,12942,1101,834,1652,189,1020,1819,6938,2163,16204,57646
,,,,,,,,3694,12951,1114,843,1671,191,1032,1839,7023,2186,16189,57990
,,,,,,,,3695,12476,1063,805,1595,182,986,1754,6711,2084,15263,55427
,,,,,,,,3696,11535,995,754,1493,170,923,1640,6293,1946,14017,51591
,,,,,,,,3697,10508,928,702,1392,159,861,1526,5879,1807,12926,47993
,,,,,,,,3698,9666,872,660,1309,149,810,1435,5531,1698,12122,45362
,,,,,,,,3699,9140,837,634,1256,143,777,1377,5308,1629,11666,43954
,,,,,,,,3700,8805,817,619,1226,140,758,1344,5180,1590,11427,43172
,,,,,,,,3701,8611,809,612,1213,138,751,1330,5128,1574,11324,42753
,,,,,,,,3702,8574,810,613,1215,138,751,1332,5131,1576,11230,42831
,,,,,,,,3703,8580,812,615,1219,139,754,1337,5144,1584,11363,42909
,,,,,,,,3704,8880,854,646,1281,146,792,1406,5398,1668,12108,45314
,,,,,,,,3705,9649,927,702,1390,159,859,1527,5857,1812,13061,48960
,,,,,,,,3706,10697,998,756,1497,171,925,1646,6305,1953,13953,52307
,,,,,,,,3707,11548,1055,799,1582,181,978,1739,6665,2063,14650,55000
,,,,,,,,3708,12076,1097,830,1645,188,1017,1807,6932,2144,15257,57042
,,,,,,,,3709,12464,1121,849,1681,192,1040,1847,7086,2191,15680,58756
,,,,,,,,3710,12592,1132,857,1699,194,1050,1866,7158,2213,16024,59772
,,,,,,,,3711,12544,1137,861,1706,195,1055,1874,7192,2223,16160,60625
,,,,,,,,3712,12505,1127,853,1691,193,1045,1857,7126,2202,16124,61589
,,,,,,,,3713,12525,1133,858,1699,194,1051,1866,7162,2213,16475,62873
,,,,,,,,3714,12607,1136,860,1705,195,1054,1872,7186,2220,16784,63541
,,,,,,,,3715,12812,1136,860,1704,194,1054,1872,7181,2220,16774,63370
,,,,,,,,3716,12911,1126,853,1690,193,1045,1856,7122,2201,16641,62577
,,,,,,,,3717,12907,1135,860,1703,194,1053,1869,7184,2216,16718,62174
,,,,,,,,3718,13003,1132,857,1698,194,1050,1864,7158,2210,16472,62437
,,,,,,,,3719,12406,1061,804,1592,182,985,1748,6714,2072,15318,59058
,,,,,,,,3720,11283,976,739,1465,167,906,1607,6183,1903,14019,54616
,,,,,,,,3721,10115,901,682,1352,154,836,1482,5712,1754,12915,50563
,,,,,,,,3722,9352,859,650,1289,147,798,1413,5448,1672,12325,48370
,,,,,,,,3723,8898,833,631,1250,142,773,1370,5283,1621,11989,47056
,,,,,,,,3724,8674,820,621,1231,140,761,1349,5201,1596,11892,46560
,,,,,,,,3725,8639,827,626,1241,141,768,1360,5243,1610,12122,47407
,,,,,,,,3726,8890,869,658,1303,149,806,1429,5503,1693,12895,50189
,,,,,,,,3727,9673,963,729,1445,165,893,1587,6087,1883,14311,54470
,,,,,,,,3728,11244,1080,817,1620,185,1001,1780,6824,2111,15855,59297
,,,,,,,,3729,12584,1148,869,1723,197,1065,1892,7261,2243,16678,62862
,,,,,,,,3730,13147,1191,902,1787,204,1105,1961,7539,2324,17231,65435
,,,,,,,,3731,13537,1215,920,1823,208,1127,2000,7689,2370,17622,67843
,,,,,,,,3732,13857,1228,929,1842,210,1139,2021,7770,2395,17809,69597
,,,,,,,,3733,13987,1232,933,1848,211,1143,2028,7796,2403,17784,70788
,,,,,,,,3734,13956,1228,930,1843,210,1140,2022,7774,2396,17787,71512
,,,,,,,,3735,13939,1222,925,1834,209,1134,2012,7737,2384,17781,72090
,,,,,,,,3736,13866,1221,925,1832,209,1133,2011,7727,2383,17813,72273
,,,,,,,,3737,13873,1228,930,1842,210,1139,2022,7767,2397,17917,72540
,,,,,,,,3738,14031,1228,930,1843,210,1139,2023,7766,2400,17914,72077
,,,,,,,,3739,14045,1197,906,1796,205,1110,1972,7569,2338,17513,70140
,,,,,,,,3740,13767,1163,881,1745,199,1079,1915,7361,2269,17111,67564
,,,,,,,,3741,13574,1164,881,1746,199,1080,1916,7367,2270,17261,66462
,,,,,,,,3742,13573,1144,866,1716,196,1062,1883,7243,2231,16843,65769
,,,,,,,,3743,12846,1057,801,1586,181,981,1740,6696,2061,15394,61511
,,,,,,,,3744,11526,960,727,1440,164,891,1579,6080,1870,13961,56069
,,,,,,,,3745,10285,883,668,1324,151,819,1452,5596,1718,12940,51891
,,,,,,,,3746,9487,839,635,1259,143,779,1379,5319,1632,12322,49248
,,,,,,,,3747,9074,814,616,1222,139,756,1339,5164,1584,11991,47741
,,,,,,,,3748,8868,800,606,1200,137,743,1316,5073,1557,11882,47199
,,,,,,,,3749,8813,806,610,1209,138,748,1326,5109,1570,12059,47637
,,,,,,,,3750,9031,841,637,1262,144,780,1384,5326,1639,12727,50132
,,,,,,,,3751,9762,933,706,1399,160,865,1537,5893,1824,14129,54187
,,,,,,,,3752,11326,1045,791,1568,179,969,1722,6603,2043,15416,58539
,,,,,,,,3753,12646,1113,842,1669,190,1032,1833,7035,2174,16070,61489
,,,,,,,,3754,13159,1153,873,1730,197,1070,1898,7298,2250,16495,63463
,,,,,,,,3755,13468,1183,896,1775,203,1098,1948,7486,2308,16972,65161
,,,,,,,,3756,13713,1199,908,1799,205,1113,1974,7589,2340,17282,66316
,,,,,,,,3757,13860,1205,912,1807,206,1118,1983,7623,2351,17396,66970
,,,,,,,,3758,13841,1211,916,1816,207,1123,1993,7661,2362,17446,67340
,,,,,,,,3759,13867,1208,914,1812,207,1121,1988,7644,2356,17397,67507
,,,,,,,,3760,13792,1208,915,1813,207,1121,1990,7644,2359,17470,67335
,,,,,,,,3761,13793,1219,923,1828,209,1130,2007,7708,2379,17562,67386
,,,,,,,,3762,13902,1219,923,1829,209,1131,2009,7709,2383,17617,67014
,,,,,,,,3763,13822,1185,897,1778,203,1099,1953,7495,2316,17131,65419
,,,,,,,,3764,13517,1156,875,1735,198,1073,1904,7317,2256,16855,63746
,,,,,,,,3765,13434,1158,877,1738,198,1075,1907,7331,2259,17106,63403
,,,,,,,,3766,13553,1150,870,1725,197,1067,1892,7278,2241,16896,63252
,,,,,,,,3767,12992,1066,807,1600,182,989,1755,6752,2078,15458,59433
,,,,,,,,3768,11665,968,733,1453,166,899,1593,6134,1886,14047,54569
,,,,,,,,3769,10428,885,670,1327,151,821,1455,5609,1722,12965,50721
,,,,,,,,3770,9557,839,635,1259,143,779,1380,5322,1633,12364,48277
,,,,,,,,3771,9089,813,616,1220,139,755,1337,5159,1583,12004,46875
,,,,,,,,3772,8862,803,608,1204,137,745,1320,5089,1562,11901,46434
,,,,,,,,3773,8781,810,614,1216,139,752,1333,5137,1578,12094,47095
,,,,,,,,3774,9025,846,640,1269,145,785,1392,5358,1648,12715,49601
,,,,,,,,3775,9703,938,710,1407,161,870,1546,5928,1834,14123,53639
,,,,,,,,3776,11272,1060,803,1590,181,983,1747,6700,2072,15534,58087
,,,,,,,,3777,12588,1132,857,1698,194,1050,1864,7157,2211,16293,61170
,,,,,,,,3778,13110,1180,893,1770,202,1094,1942,7465,2302,16858,63280
,,,,,,,,3779,13446,1214,919,1821,208,1126,1999,7682,2369,17403,65114
,,,,,,,,3780,13760,1236,936,1854,212,1147,2035,7820,2412,17775,66494
,,,,,,,,3781,13932,1246,943,1869,213,1156,2051,7883,2431,17946,67614
,,,,,,,,3782,13961,1254,950,1882,215,1164,2065,7938,2448,18091,68322
,,,,,,,,3783,14033,1260,954,1891,216,1169,2075,7977,2459,18145,68797
,,,,,,,,3784,13999,1267,959,1900,217,1175,2086,8012,2472,18289,69178
,,,,,,,,3785,14003,1277,967,1916,219,1185,2104,8079,2495,18535,69800
,,,,,,,,3786,14070,1273,964,1910,218,1181,2097,8048,2488,18646,69877
,,,,,,,,3787,13913,1234,934,1851,211,1144,2032,7800,2410,18185,68424
,,,,,,,,3788,13516,1198,907,1797,205,1111,1972,7579,2337,17696,66410
,,,,,,,,3789,13372,1192,902,1788,204,1106,1962,7545,2325,17759,65413
,,,,,,,,3790,13594,1186,898,1778,203,1100,1951,7506,2312,17550,65184
,,,,,,,,3791,13075,1101,834,1652,188,1022,1812,6974,2147,16092,61130
,,,,,,,,3792,11717,1000,757,1500,171,928,1645,6333,1947,14563,55826
,,,,,,,,3793,10439,917,694,1376,157,851,1508,5813,1785,13360,51712
,,,,,,,,3794,9590,868,657,1303,148,806,1427,5506,1689,12679,49111
,,,,,,,,3795,9115,841,636,1261,144,781,1382,5332,1635,12286,47521
,,,,,,,,3796,8874,826,625,1239,141,766,1357,5235,1606,12124,47020
,,,,,,,,3797,8800,831,629,1246,142,771,1366,5267,1617,12305,47696
,,,,,,,,3798,9024,865,655,1298,148,803,1424,5483,1686,12939,50153
,,,,,,,,3799,9726,952,721,1428,163,883,1569,6020,1861,14305,54012
,,,,,,,,3800,11260,1080,818,1620,185,1002,1780,6826,2111,15849,58714
,,,,,,,,3801,12508,1163,880,1744,199,1079,1915,7353,2271,16749,62111
,,,,,,,,3802,13060,1218,922,1827,208,1130,2005,7705,2376,17478,64940
,,,,,,,,3803,13563,1264,957,1896,216,1172,2081,7995,2467,18152,67674
,,,,,,,,3804,13993,1288,975,1932,220,1195,2121,8145,2514,18691,69587
,,,,,,,,3805,14300,1308,990,1962,224,1213,2154,8273,2554,19084,71060
,,,,,,,,3806,14331,1326,1004,1990,227,1230,2184,8389,2589,19334,72508
,,,,,,,,3807,14446,1336,1012,2005,229,1240,2201,8454,2608,19563,73622
,,,,,,,,3808,14431,1347,1020,2021,231,1250,2219,8520,2632,19714,74457
,,,,,,,,3809,14454,1358,1028,2037,233,1260,2237,8587,2653,19808,75281
,,,,,,,,3810,14482,1347,1020,2021,231,1249,2220,8514,2634,19661,75210
,,,,,,,,3811,14250,1296,981,1944,222,1202,2135,8190,2533,18960,73268
,,,,,,,,3812,13829,1248,945,1872,214,1158,2055,7895,2436,18359,70819
,,,,,,,,3813,13633,1231,932,1847,211,1142,2027,7791,2403,18303,69172
,,,,,,,,3814,13830,1231,932,1846,211,1142,2026,7789,2400,18095,68311
,,,,,,,,3815,13331,1142,865,1714,196,1060,1880,7233,2227,16642,63829
,,,,,,,,3816,12011,1036,784,1554,177,961,1704,6561,2018,15006,58213
,,,,,,,,3817,10664,945,715,1418,162,877,1555,5989,1841,13734,53604
,,,,,,,,3818,9737,894,676,1341,153,830,1469,5666,1739,13010,50588
,,,,,,,,3819,9235,860,651,1290,147,798,1413,5453,1672,12543,48784
,,,,,,,,3820,8965,843,638,1264,144,782,1385,5343,1639,12310,47942
,,,,,,,,3821,8843,844,639,1266,144,783,1387,5350,1642,12427,48380
,,,,,,,,3822,9051,872,660,1309,149,810,1435,5529,1699,12997,50693
,,,,,,,,3823,9685,967,732,1451,166,897,1594,6116,1890,14354,54365
,,,,,,,,3824,11239,1094,828,1642,187,1015,1803,6916,2139,15896,59327
,,,,,,,,3825,12603,1185,897,1778,203,1099,1953,7491,2316,16910,63328
,,,,,,,,3826,13281,1247,944,1871,214,1157,2055,7888,2436,17718,66721
,,,,,,,,3827,13840,1293,979,1940,221,1199,2130,8175,2527,18488,69901
,,,,,,,,3828,14365,1329,1006,1994,228,1232,2190,8398,2598,19133,72347
,,,,,,,,3829,14672,1350,1022,2025,231,1252,2226,8527,2642,19501,74097
,,,,,,,,3830,14794,1368,1036,2052,234,1268,2257,8636,2680,20045,75919
,,,,,,,,3831,15000,1375,1041,2063,236,1275,2269,8679,2695,20417,77568
,,,,,,,,3832,15085,1376,1042,2064,236,1275,2271,8672,2700,20796,78816
,,,,,,,,3833,15064,1374,1040,2061,236,1273,2271,8653,2701,21103,80053
,,,,,,,,3834,15033,1353,1024,2030,232,1253,2238,8511,2664,21065,79990
,,,,,,,,3835,14655,1303,987,1955,223,1207,2155,8194,2567,20382,78008
,,,,,,,,3836,14082,1259,953,1889,216,1166,2081,7926,2476,19527,74871
,,,,,,,,3837,13785,1244,942,1866,213,1153,2054,7844,2441,19174,72148
,,,,,,,,3838,13889,1250,946,1875,214,1159,2061,7894,2446,18963,70744
,,,,,,,,3839,13440,1181,894,1771,202,1095,1946,7463,2308,17545,66328
,,,,,,,,3840,12294,1089,825,1634,186,1010,1793,6890,2126,15919,60520
,,,,,,,,3841,11100,1004,760,1507,172,932,1653,6361,1958,14557,55641
,,,,,,,,3842,10116,944,714,1416,161,876,1552,5984,1837,13588,51974
,,,,,,,,3843,9514,904,684,1356,155,839,1486,5731,1759,13002,49624
,,,,,,,,3844,9170,879,666,1319,150,816,1446,5576,1711,12643,48168
,,,,,,,,3845,8942,869,658,1303,149,806,1428,5509,1690,12469,47702
,,,,,,,,3846,8915,869,658,1303,149,806,1429,5508,1691,12443,47834
,,,,,,,,3847,8965,893,676,1339,153,828,1469,5652,1740,12761,48492
,,,,,,,,3848,9595,954,723,1432,163,885,1573,6034,1866,13787,52031
,,,,,,,,3849,10676,1033,782,1549,177,957,1703,6521,2021,15121,57287
,,,,,,,,3850,11807,1098,832,1648,188,1018,1812,6930,2153,16240,62328
,,,,,,,,3851,12553,1143,865,1715,196,1059,1887,7211,2241,17065,66980
,,,,,,,,3852,12986,1165,882,1748,200,1080,1923,7348,2285,17749,70709
,,,,,,,,3853,13191,1181,894,1771,202,1094,1949,7442,2317,18448,73342
,,,,,,,,3854,13194,1175,890,1763,201,1089,1941,7401,2309,18879,75459
,,,,,,,,3855,13100,1166,883,1749,200,1080,1927,7342,2293,19058,77252
,,,,,,,,3856,13018,1169,885,1754,200,1083,1933,7355,2302,19227,79062
,,,,,,,,3857,13069,1182,895,1773,203,1094,1955,7429,2329,19574,80475
,,,,,,,,3858,13178,1181,894,1772,202,1093,1955,7419,2330,19630,80695
,,,,,,,,3859,13314,1172,887,1758,201,1085,1940,7360,2312,19465,79603
,,,,,,,,3860,13231,1164,882,1747,200,1078,1926,7320,2295,19142,77362
,,,,,,,,3861,13061,1171,886,1756,201,1085,1935,7373,2302,18973,74376
,,,,,,,,3862,13225,1191,901,1786,204,1103,1966,7502,2338,18906,72600
,,,,,,,,3863,13051,1146,868,1720,196,1062,1892,7229,2248,17836,68361
,,,,,,,,3864,12092,1076,814,1614,184,998,1774,6797,2105,16382,62546
,,,,,,,,3865,10953,995,753,1493,170,923,1640,6290,1945,15046,57358
,,,,,,,,3866,9977,941,712,1412,161,873,1549,5959,1835,14085,53498
,,,,,,,,3867,9388,903,684,1355,154,838,1486,5723,1760,13456,50881
,,,,,,,,3868,9034,884,669,1327,151,821,1454,5604,1722,13032,49237
,,,,,,,,3869,8811,872,660,1308,149,809,1433,5527,1697,12786,48145
,,,,,,,,3870,8738,865,655,1297,148,803,1422,5481,1684,12664,47735
,,,,,,,,3871,8657,871,660,1307,149,809,1434,5518,1699,12710,47693
,,,,,,,,3872,9064,918,695,1377,157,851,1513,5795,1797,13627,50897
,,,,,,,,3873,9998,1000,757,1499,171,926,1650,6305,1960,15026,56380
,,,,,,,,3874,11159,1088,824,1632,186,1008,1797,6854,2137,16560,62409
,,,,,,,,3875,12143,1169,885,1754,200,1083,1933,7361,2300,18078,67938
,,,,,,,,3876,12811,1227,929,1840,210,1136,2028,7717,2415,19391,72768
,,,,,,,,3877,13277,1272,963,1908,218,1178,2104,7994,2507,20464,76765
,,,,,,,,3878,13521,1298,983,1948,223,1202,2149,8155,2562,21301,79478
,,,,,,,,3879,13583,1314,995,1970,225,1216,2176,8245,2595,22047,81318
,,,,,,,,3880,13618,1329,1006,1993,228,1230,2202,8335,2628,22662,82856
,,,,,,,,3881,13732,1346,1019,2019,231,1245,2232,8436,2665,23140,84217
,,,,,,,,3882,13884,1347,1020,2020,231,1246,2234,8437,2669,23315,84751
,,,,,,,,3883,14053,1332,1008,1997,229,1232,2209,8341,2638,22956,84013
,,,,,,,,3884,13981,1308,991,1962,224,1210,2169,8201,2589,22185,81654
,,,,,,,,3885,13772,1303,986,1954,223,1206,2158,8180,2573,21699,79219
,,,,,,,,3886,13865,1313,994,1970,225,1216,2173,8251,2590,21322,77882
,,,,,,,,3887,13507,1239,938,1859,212,1148,2049,7797,2439,19704,73360
,,,,,,,,3888,12190,1136,860,1704,195,1053,1876,7163,2230,17731,67081
,,,,,,,,3889,10842,1044,790,1566,179,968,1720,6596,2041,16111,61632
,,,,,,,,3890,9924,993,752,1490,170,921,1635,6285,1937,15142,58166
,,,,,,,,3891,9410,958,725,1437,164,889,1576,6067,1867,14478,55782
,,,,,,,,3892,9167,941,713,1412,161,874,1549,5964,1834,14147,54715
,,,,,,,,3893,9077,942,713,1414,161,875,1550,5972,1836,14243,55054
,,,,,,,,3894,9296,978,741,1468,167,908,1610,6197,1907,14904,57454
,,,,,,,,3895,9973,1074,813,1612,184,996,1771,6788,2101,16315,61564
,,,,,,,,3896,11612,1206,913,1808,206,1118,1989,7609,2362,18059,66977
,,,,,,,,3897,13044,1295,980,1942,222,1200,2136,8172,2536,19275,71526
,,,,,,,,3898,13800,1369,1036,2053,234,1269,2257,8643,2679,20288,75452
,,,,,,,,3899,14349,1417,1073,2126,243,1314,2338,8943,2777,21312,79503
,,,,,,,,3900,14795,1447,1096,2171,248,1341,2390,9125,2840,22165,82665
,,,,,,,,3901,15069,1469,1112,2204,252,1361,2427,9255,2886,22822,84788
,,,,,,,,3902,15212,1484,1124,2227,254,1375,2453,9344,2919,23396,86484
,,,,,,,,3903,15374,1493,1131,2240,256,1383,2469,9395,2940,23650,87433
,,,,,,,,3904,15442,1493,1131,2240,256,1383,2471,9387,2943,23696,87743
,,,,,,,,3905,15543,1481,1122,2222,254,1371,2452,9302,2923,23383,87739
,,,,,,,,3906,15634,1454,1101,2182,250,1346,2409,9128,2873,22916,87139
,,,,,,,,3907,15390,1400,1060,2100,240,1296,2318,8788,2764,21892,84612
,,,,,,,,3908,14827,1347,1020,2021,231,1248,2229,8471,2654,20991,81810
,,,,,,,,3909,14454,1333,1009,1999,228,1234,2202,8390,2620,20851,80106
,,,,,,,,3910,14499,1311,992,1966,225,1215,2164,8263,2573,20280,78440
,,,,,,,,3911,13919,1216,920,1824,208,1127,2006,7668,2383,18608,73565
,,,,,,,,3912,12439,1116,845,1675,191,1035,1840,7050,2185,16862,67213
,,,,,,,,3913,11047,1029,779,1544,176,955,1694,6511,2008,15445,61778
,,,,,,,,3914,10103,973,736,1459,166,903,1600,6162,1895,14679,58237
,,,,,,,,3915,9598,939,711,1409,161,872,1545,5955,1829,14141,56136
,,,,,,,,3916,9332,923,699,1385,158,857,1518,5853,1797,13970,54926
,,,,,,,,3917,9228,924,699,1386,158,857,1519,5855,1798,14126,55134
,,,,,,,,3918,9456,962,728,1443,165,893,1583,6095,1875,14883,57614
,,,,,,,,3919,10136,1058,801,1588,181,982,1744,6692,2068,16360,61743
,,,,,,,,3920,11760,1179,892,1768,202,1093,1943,7445,2306,17944,66462
,,,,,,,,3921,13191,1258,953,1888,215,1167,2074,7949,2461,18867,70021
,,,,,,,,3922,13916,1308,991,1963,224,1213,2156,8269,2558,19490,72997
,,,,,,,,3923,14401,1344,1017,2016,230,1246,2215,8487,2629,20137,75780
,,,,,,,,3924,14831,1370,1038,2056,235,1270,2260,8651,2684,20470,77999
,,,,,,,,3925,15055,1380,1045,2070,236,1279,2277,8708,2705,20550,79482
,,,,,,,,3926,15150,1381,1046,2072,237,1280,2280,8709,2709,20558,80991
,,,,,,,,3927,15350,1369,1037,2054,235,1269,2261,8628,2688,20414,81820
,,,,,,,,3928,15382,1366,1034,2049,234,1265,2257,8601,2686,20358,82463
,,,,,,,,3929,15394,1367,1035,2050,234,1266,2260,8596,2691,20340,83033
,,,,,,,,3930,15430,1359,1029,2039,233,1258,2249,8541,2679,20219,82724
,,,,,,,,3931,15168,1320,1000,1981,226,1222,2185,8297,2604,19782,80609
,,,,,,,,3932,14716,1289,976,1934,221,1194,2132,8111,2537,19428,77692
,,,,,,,,3933,14498,1277,967,1915,219,1183,2109,8044,2508,19478,75208
,,,,,,,,3934,14561,1251,947,1876,214,1159,2064,7891,2452,18968,73318
,,,,,,,,3935,13871,1165,882,1748,200,1080,1921,7358,2281,17645,68569
,,,,,,,,3936,12488,1067,808,1601,183,990,1759,6748,2086,16109,62351
,,,,,,,,3937,11150,985,746,1477,168,914,1621,6236,1920,14888,57397
,,,,,,,,3938,10280,932,706,1399,159,865,1533,5908,1815,14113,54203
,,,,,,,,3939,9780,900,681,1350,154,835,1480,5706,1751,13678,52030
,,,,,,,,3940,9530,883,668,1324,151,819,1451,5596,1717,13486,50929
,,,,,,,,3941,9439,884,669,1326,151,821,1454,5605,1721,13605,51104
,,,,,,,,3942,9645,922,698,1384,158,856,1517,5843,1796,14302,53448
,,,,,,,,3943,10399,1010,764,1515,173,936,1663,6383,1973,15640,56962
,,,,,,,,3944,11972,1131,856,1696,194,1049,1864,7144,2212,17119,61419
,,,,,,,,3945,13404,1213,918,1819,208,1125,1999,7664,2371,17974,65163
,,,,,,,,3946,14085,1265,958,1898,217,1173,2084,7997,2472,18309,67707
,,,,,,,,3947,14498,1303,986,1954,223,1208,2147,8231,2547,18861,70367
,,,,,,,,3948,14845,1318,998,1977,226,1222,2173,8323,2580,19378,72496
,,,,,,,,3949,14995,1324,1003,1987,227,1228,2185,8357,2595,19614,73866
,,,,,,,,3950,14971,1329,1006,1993,228,1231,2193,8378,2606,19896,75209
,,,,,,,,3951,15003,1326,1004,1989,227,1228,2189,8354,2603,20066,76231
,,,,,,,,3952,14960,1318,998,1977,226,1221,2178,8296,2591,20263,77087
,,,,,,,,3953,14931,1323,1002,1985,227,1226,2189,8323,2606,20432,77827
,,,,,,,,3954,15041,1316,996,1974,226,1218,2178,8268,2596,20445,77645
,,,,,,,,3955,14941,1277,967,1915,219,1182,2114,8020,2520,19989,75434
,,,,,,,,3956,14575,1238,938,1858,212,1147,2048,7788,2439,19300,72134
,,,,,,,,3957,14329,1227,929,1840,210,1136,2026,7725,2410,19048,69753
,,,,,,,,3958,14327,1229,930,1844,211,1139,2028,7753,2409,18909,68875
,,,,,,,,3959,13829,1149,870,1723,197,1065,1894,7254,2248,17493,64502
,,,,,,,,3960,12484,1046,792,1568,179,970,1722,6611,2043,15845,58818
,,,,,,,,3961,11139,962,728,1443,165,893,1583,6094,1875,14521,54138
,,,,,,,,3962,10204,915,692,1372,156,849,1504,5798,1781,13736,51155
,,,,,,,,3963,9669,882,668,1324,151,819,1451,5595,1717,13236,49505
,,,,,,,,3964,9351,867,656,1300,148,804,1425,5495,1686,13056,48852
,,,,,,,,3965,9253,869,658,1303,149,806,1428,5506,1690,13207,49396
,,,,,,,,3966,9442,899,681,1349,154,834,1479,5696,1751,13817,51740
,,,,,,,,3967,10113,990,750,1486,169,919,1632,6261,1935,15062,55279
,,,,,,,,3968,11654,1120,848,1679,192,1038,1845,7074,2189,16508,59629
,,,,,,,,3969,13073,1197,906,1796,205,1110,1973,7565,2340,17571,63508
,,,,,,,,3970,13786,1256,951,1884,215,1165,2069,7939,2453,18386,66803
,,,,,,,,3971,14229,1295,980,1942,222,1201,2133,8182,2531,19162,69761
,,,,,,,,3972,14595,1317,997,1976,226,1221,2171,8320,2576,19747,71884
,,,,,,,,3973,14770,1329,1006,1994,228,1232,2192,8392,2602,20074,73970
,,,,,,,,3974,14805,1349,1021,2024,231,1251,2226,8515,2643,20462,75827
,,,,,,,,3975,14933,1360,1029,2040,233,1260,2244,8577,2665,20792,77364
,,,,,,,,3976,15048,1370,1037,2055,235,1269,2262,8632,2689,21094,78972
,,,,,,,,3977,15152,1379,1044,2069,236,1278,2279,8684,2711,21245,80093
,,,,,,,,3978,15229,1374,1040,2061,236,1272,2271,8642,2704,21146,80370
,,,,,,,,3979,15006,1328,1005,1992,228,1229,2196,8351,2614,20367,78625
,,,,,,,,3980,14522,1278,968,1917,219,1184,2112,8048,2512,19563,75667
,,,,,,,,3981,14167,1257,952,1886,215,1165,2076,7927,2467,19333,73448
,,,,,,,,3982,14181,1258,953,1888,216,1167,2075,7944,2464,19114,72460
,,,,,,,,3983,13866,1174,889,1762,201,1089,1936,7420,2297,17628,67872
,,,,,,,,3984,12493,1065,806,1597,182,988,1754,6735,2079,15919,61922
,,,,,,,,3985,11094,978,740,1467,167,907,1609,6193,1905,14549,57060
,,,,,,,,3986,10115,920,696,1380,157,854,1513,5831,1791,13644,53504
,,,,,,,,3987,9508,885,670,1328,151,822,1456,5613,1722,13106,51188
,,,,,,,,3988,9188,866,655,1299,148,804,1423,5489,1684,12889,50105
,,,,,,,,3989,9074,866,655,1299,148,804,1424,5489,1685,12965,50291
,,,,,,,,3990,9243,893,676,1340,153,829,1469,5659,1740,13447,52408
,,,,,,,,3991,9805,983,744,1475,168,912,1620,6218,1921,14628,55793
,,,,,,,,3992,11296,1111,841,1666,190,1030,1831,7018,2172,16205,60887
,,,,,,,,3993,12727,1206,913,1810,207,1119,1988,7623,2359,17388,65554
,,,,,,,,3994,13583,1274,965,1911,218,1182,2099,8053,2490,18269,69393
,,,,,,,,3995,14174,1322,1001,1983,226,1226,2179,8354,2586,19030,73155
,,,,,,,,3996,14615,1351,1023,2027,231,1253,2228,8534,2644,19593,76205
,,,,,,,,3997,14844,1369,1037,2054,235,1269,2259,8643,2682,19984,78695
,,,,,,,,3998,14917,1388,1051,2083,238,1287,2291,8759,2721,20460,81392
,,,,,,,,3999,15051,1404,1063,2107,241,1302,2318,8856,2754,20780,83320
,,,,,,,,4000,15123,1420,1075,2130,243,1316,2345,8947,2788,21087,84917
,,,,,,,,4001,15186,1430,1083,2145,245,1325,2363,9002,2811,21314,85925
,,,,,,,,4002,15207,1415,1071,2122,243,1310,2339,8902,2784,21216,85981
,,,,,,,,4003,14884,1356,1027,2034,232,1256,2242,8530,2669,20449,83469
,,,,,,,,4004,14272,1296,981,1944,222,1200,2141,8162,2546,19416,79955
,,,,,,,,4005,13805,1258,952,1887,216,1166,2076,7932,2467,18775,76627
,,,,,,,,4006,13720,1255,950,1883,215,1164,2070,7924,2457,18466,74958
,,,,,,,,4007,13429,1183,896,1775,203,1097,1951,7478,2314,17139,70372
,,,,,,,,4008,12262,1089,824,1634,186,1010,1793,6889,2126,15550,64261
,,,,,,,,4009,11028,1004,760,1506,172,932,1652,6361,1956,14274,58902
,,,,,,,,4010,10013,940,712,1411,161,873,1546,5962,1830,13392,54809
,,,,,,,,4011,9422,897,679,1346,153,833,1476,5691,1746,12791,52316
,,,,,,,,4012,9083,875,662,1312,150,812,1438,5547,1701,12422,50514
,,,,,,,,4013,8875,862,653,1294,147,801,1418,5470,1677,12266,49765
,,,,,,,,4014,8846,855,647,1283,146,794,1406,5422,1664,12201,49742
,,,,,,,,4015,8884,880,666,1321,151,817,1448,5576,1715,12530,50542
,,,,,,,,4016,9485,951,720,1426,163,882,1567,6012,1858,13480,53747
,,,,,,,,4017,10571,1044,790,1566,179,968,1721,6598,2042,14731,58817
,,,,,,,,4018,11752,1126,853,1689,193,1044,1857,7111,2205,15850,63852
,,,,,,,,4019,12579,1189,900,1784,204,1102,1961,7508,2328,16696,68394
,,,,,,,,4020,13040,1230,931,1845,211,1140,2028,7767,2408,17258,71959
,,,,,,,,4021,13247,1256,951,1885,215,1165,2072,7934,2460,17689,74823
,,,,,,,,4022,13247,1270,961,1905,217,1177,2094,8015,2487,17973,76875
,,,,,,,,4023,13134,1281,970,1922,219,1188,2113,8089,2509,18245,78161
,,,,,,,,4024,13040,1290,977,1935,221,1196,2128,8143,2527,18577,79214
,,,,,,,,4025,13040,1298,983,1948,222,1204,2142,8196,2543,18869,79907
,,,,,,,,4026,13060,1291,977,1937,221,1197,2130,8149,2529,18875,79492
,,,,,,,,4027,13136,1276,966,1914,219,1183,2105,8052,2500,18579,77817
,,,,,,,,4028,12985,1243,941,1864,213,1152,2049,7844,2433,17962,75110
,,,,,,,,4029,12695,1218,922,1828,209,1130,2008,7698,2382,17581,72658
,,,,,,,,4030,12750,1223,926,1834,209,1134,2015,7724,2391,17531,71521
,,,,,,,,4031,12564,1166,883,1749,200,1082,1922,7371,2280,16441,67578
,,,,,,,,4032,11617,1080,817,1620,185,1002,1778,6833,2107,15053,61990
,,,,,,,,4033,10495,1000,757,1501,171,928,1646,6335,1949,13841,56972
,,,,,,,,4034,9618,941,712,1411,161,873,1547,5964,1831,13017,53384
,,,,,,,,4035,9083,903,684,1355,154,838,1485,5725,1757,12492,50924
,,,,,,,,4036,8773,877,664,1315,150,814,1442,5560,1706,12153,49419
,,,,,,,,4037,8583,865,655,1297,148,803,1421,5484,1682,12009,48457
,,,,,,,,4038,8555,853,646,1280,146,792,1403,5409,1661,11961,48163
,,,,,,,,4039,8512,857,649,1286,147,795,1410,5429,1671,12038,48267
,,,,,,,,4040,8823,902,683,1354,154,837,1487,5705,1764,12713,50712
,,,,,,,,4041,9622,976,739,1464,167,905,1609,6165,1910,13664,54955
,,,,,,,,4042,10651,1045,791,1568,179,969,1724,6596,2047,14571,58930
,,,,,,,,4043,11463,1099,832,1648,188,1018,1813,6933,2153,15258,62491
,,,,,,,,4044,11986,1138,862,1708,195,1055,1878,7184,2231,15728,65465
,,,,,,,,4045,12307,1168,884,1753,200,1083,1928,7370,2290,16034,67742
,,,,,,,,4046,12418,1179,893,1769,202,1093,1946,7434,2313,16242,69293
,,,,,,,,4047,12363,1188,900,1783,204,1101,1962,7492,2332,16360,70507
,,,,,,,,4048,12333,1195,905,1792,205,1107,1973,7532,2345,16612,71573
,,,,,,,,4049,12407,1206,913,1808,207,1117,1991,7598,2367,16943,72602
,,,,,,,,4050,12532,1205,913,1808,207,1117,1991,7596,2367,17058,72735
,,,,,,,,4051,12726,1192,902,1788,204,1104,1968,7508,2341,16943,71985
,,,,,,,,4052,12694,1169,885,1753,200,1083,1930,7369,2294,16653,70505
,,,,,,,,4053,12557,1174,889,1761,201,1088,1936,7408,2300,16723,69356
,,,,,,,,4054,12769,1194,904,1792,205,1107,1970,7538,2340,16890,69008
,,,,,,,,4055,12560,1134,859,1701,194,1051,1870,7162,2220,15864,65581
,,,,,,,,4056,11429,1041,788,1562,178,966,1715,6585,2034,14503,60528
,,,,,,,,4057,10192,962,728,1443,165,893,1582,6094,1873,13420,56291
,,,,,,,,4058,9391,914,692,1371,156,848,1502,5792,1778,12739,53297
,,,,,,,,4059,8951,883,669,1325,151,820,1452,5600,1718,12351,51687
,,,,,,,,4060,8763,868,657,1303,148,806,1428,5507,1690,12246,50997
,,,,,,,,4061,8718,873,661,1310,149,811,1436,5538,1700,12436,51609
,,,,,,,,4062,8974,907,687,1361,155,842,1493,5750,1768,13099,54252
,,,,,,,,4063,9646,994,753,1492,170,922,1638,6288,1943,14324,58490
,,,,,,,,4064,11084,1115,844,1673,191,1034,1838,7046,2180,15819,63880
,,,,,,,,4065,12491,1202,910,1803,206,1115,1981,7599,2349,16811,68416
,,,,,,,,4066,13303,1262,955,1893,216,1171,2078,7982,2464,17490,72260
,,,,,,,,4067,13856,1304,987,1956,223,1209,2147,8243,2546,18073,76382
,,,,,,,,4068,14311,1335,1010,2002,229,1238,2199,8437,2608,18542,79900
,,,,,,,,4069,14570,1351,1023,2027,231,1253,2226,8539,2640,18915,82692
,,,,,,,,4070,14651,1367,1035,2051,234,1268,2253,8643,2673,19219,84942
,,,,,,,,4071,14804,1378,1043,2067,236,1278,2270,8708,2693,19402,86350
,,,,,,,,4072,14848,1388,1051,2082,238,1287,2287,8767,2714,19496,87110
,,,,,,,,4073,14916,1395,1056,2093,239,1294,2300,8811,2730,19557,87434
,,,,,,,,4074,15005,1386,1049,2079,237,1285,2285,8749,2713,19505,86884
,,,,,,,,4075,14813,1339,1014,2008,229,1241,2208,8452,2621,18948,84847
,,,,,,,,4076,14358,1286,973,1929,220,1192,2119,8126,2514,18401,82345
,,,,,,,,4077,14025,1269,961,1904,217,1177,2091,8024,2480,18508,80433
,,,,,,,,4078,14052,1266,958,1899,217,1174,2085,8006,2472,18307,78858
,,,,,,,,4079,13605,1184,896,1776,203,1098,1949,7489,2310,16902,74039
,,,,,,,,4080,12206,1078,816,1617,184,1000,1774,6825,2102,15381,67754
,,,,,,,,4081,10850,986,746,1479,169,915,1623,6241,1924,14128,61999
,,,,,,,,4082,9962,938,710,1407,160,870,1543,5943,1827,13441,58690
,,,,,,,,4083,9425,906,686,1359,155,841,1490,5744,1763,13023,56423
,,,,,,,,4084,9149,892,676,1339,153,828,1467,5658,1737,12906,55128
,,,,,,,,4085,9043,900,681,1350,154,835,1479,5702,1751,13055,55425
,,,,,,,,4086,9270,938,710,1407,160,871,1543,5943,1827,13812,57906
,,,,,,,,4087,9887,1036,784,1554,177,961,1706,6548,2024,15154,61919
,,,,,,,,4088,11359,1160,878,1740,199,1076,1913,7329,2270,16679,67396
,,,,,,,,4089,12814,1247,944,1870,214,1156,2056,7876,2439,17716,72480
,,,,,,,,4090,13634,1303,987,1955,223,1208,2148,8233,2549,18456,77476
,,,,,,,,4091,14170,1347,1020,2021,231,1249,2222,8508,2638,19252,82337
,,,,,,,,4092,14622,1385,1048,2077,237,1284,2285,8737,2713,19898,86810
,,,,,,,,4093,14938,1405,1064,2108,241,1302,2320,8859,2758,20419,90481
,,,,,,,,4094,15082,1434,1086,2151,246,1329,2369,9033,2818,21063,93629
,,,,,,,,4095,15296,1456,1103,2185,250,1349,2407,9167,2865,21687,96102
,,,,,,,,4096,15403,1483,1123,2224,254,1373,2452,9322,2921,22308,98018
,,,,,,,,4097,15439,1500,1135,2249,257,1388,2483,9416,2960,23027,99395
,,,,,,,,4098,15514,1497,1134,2246,257,1385,2481,9387,2961,23387,99319
,,,,,,,,4099,15353,1455,1102,2183,250,1346,2412,9123,2879,23024,97663
,,,,,,,,4100,14950,1405,1064,2107,241,1300,2327,8817,2775,22412,94429
,,,,,,,,4101,14733,1392,1054,2089,239,1289,2303,8754,2743,22132,91186
,,,,,,,,4102,14907,1396,1057,2093,239,1293,2305,8792,2741,21866,88713
,,,,,,,,4103,14563,1314,995,1971,225,1218,2168,8285,2576,20259,82954
,,,,,,,,4104,13239,1202,910,1803,206,1115,1982,7590,2354,18244,75337
,,,,,,,,4105,11744,1096,830,1645,188,1016,1810,6911,2152,16533,68917
,,,,,,,,4106,10776,1038,786,1557,178,962,1712,6553,2033,15496,64332
,,,,,,,,4107,10196,1000,757,1500,171,928,1649,6321,1956,14839,61274
,,,,,,,,4108,9897,985,745,1477,169,913,1622,6226,1924,14551,59502
,,,,,,,,4109,9772,991,750,1487,170,919,1632,6269,1935,14602,59297
,,,,,,,,4110,10001,1028,779,1543,176,954,1695,6503,2010,15282,61285
,,,,,,,,4111,10678,1128,854,1692,193,1046,1862,7117,2212,16671,65145
,,,,,,,,4112,12310,1278,968,1918,219,1184,2112,8050,2513,18780,71146
,,,,,,,,4113,14177,1415,1072,2123,243,1311,2340,8904,2786,20769,77513
,,,,,,,,4114,15648,1535,1162,2303,263,1422,2539,9656,3022,22790,83719
,,,,,,,,4115,17003,1632,1235,2447,280,1510,2700,10250,3218,24859,89774
,,,,,,,,4116,18326,1716,1299,2573,294,1588,2840,10773,3386,26624,94614
,,,,,,,,4117,19360,1782,1349,2672,306,1649,2951,11179,3519,27985,98315
,,,,,,,,4118,20104,1834,1389,2751,315,1697,3040,11501,3628,29114,101209
,,,,,,,,4119,20793,1859,1407,2788,319,1719,3082,11645,3680,29909,102897
,,,,,,,,4120,21318,1898,1437,2847,326,1755,3149,11880,3763,30546,104061
,,,,,,,,4121,21723,1915,1450,2872,329,1770,3180,11975,3803,31004,104747
,,,,,,,,4122,22023,1906,1443,2859,327,1762,3168,11910,3791,31064,104599
,,,,,,,,4123,21939,1873,1418,2809,322,1731,3111,11707,3721,30469,102568
,,,,,,,,4124,21498,1820,1378,2730,313,1683,3021,11388,3611,29547,99108
,,,,,,,,4125,21046,1779,1347,2668,305,1645,2950,11143,3523,28732,95480
,,,,,,,,4126,20800,1753,1327,2629,301,1621,2905,10988,3467,27901,92614
,,,,,,,,4127,20218,1642,1243,2463,282,1520,2721,10305,3245,25575,86425
,,,,,,,,4128,18365,1501,1137,2252,258,1390,2486,9429,2963,23163,78789
,,,,,,,,4129,16491,1378,1043,2067,236,1276,2281,8658,2718,21005,72175
,,,,,,,,4130,15080,1299,984,1949,223,1203,2149,8171,2559,19589,67323
,,,,,,,,4131,14168,1244,942,1867,213,1153,2056,7833,2447,18543,64284
,,,,,,,,4132,13570,1211,917,1817,208,1122,2000,7633,2378,17902,62422
,,,,,,,,4133,13183,1203,911,1805,206,1115,1986,7586,2360,17746,62161
,,,,,,,,4134,13150,1226,928,1840,210,1136,2025,7730,2407,18167,64212
,,,,,,,,4135,13596,1315,996,1973,225,1218,2174,8275,2588,19497,68142
,,,,,,,,4136,15195,1461,1106,2192,251,1353,2419,9177,2883,21682,74322
,,,,,,,,4137,17074,1591,1204,2386,273,1472,2635,9981,3144,23751,80569
,,,,,,,,4138,18540,1697,1285,2546,291,1570,2812,10645,3356,25645,86415
,,,,,,,,4139,19775,1781,1348,2671,306,1647,2953,11159,3525,27470,91683
,,,,,,,,4140,20830,1852,1402,2778,318,1713,3071,11603,3667,28909,95488
,,,,,,,,4141,21564,1882,1425,2822,323,1740,3122,11780,3730,29897,97965
,,,,,,,,4142,21993,1871,1417,2806,321,1730,3105,11709,3711,30743,99549
,,,,,,,,4143,22345,1890,1431,2834,325,1747,3137,11817,3751,31372,100369
,,,,,,,,4144,22603,1920,1454,2880,330,1775,3190,12001,3817,31755,100502
,,,,,,,,4145,22755,1958,1483,2937,336,1809,3255,12227,3896,32063,100810
,,,,,,,,4146,22823,1952,1478,2927,335,1803,3245,12181,3886,31940,100109
,,,,,,,,4147,22548,1915,1450,2872,329,1769,3183,11954,3811,31266,98029
,,,,,,,,4148,22026,1855,1405,2783,319,1715,3083,11593,3689,30159,94417
,,,,,,,,4149,21407,1808,1369,2712,311,1672,3002,11310,3589,29290,91456
,,,,,,,,4150,21001,1785,1352,2678,307,1651,2962,11180,3538,28404,88819
,,,,,,,,4151,20289,1677,1269,2515,288,1551,2780,10507,3319,26066,83017
,,,,,,,,4152,18410,1540,1166,2310,264,1425,2552,9660,3046,23774,76042
,,,,,,,,4153,16512,1429,1082,2144,245,1323,2364,8984,2816,21767,69899
,,,,,,,,4154,15070,1347,1020,2021,231,1248,2228,8479,2651,20312,65446
,,,,,,,,4155,14115,1282,970,1922,220,1187,2117,8073,2518,19262,62403
,,,,,,,,4156,13492,1248,945,1872,214,1157,2061,7870,2449,18668,60723
,,,,,,,,4157,13099,1239,938,1859,212,1149,2045,7818,2429,18496,60433
,,,,,,,,4158,13120,1259,953,1889,216,1167,2077,7943,2468,18930,62350
,,,,,,,,4159,13545,1336,1012,2004,229,1238,2208,8413,2626,20105,65700
,,,,,,,,4160,15035,1450,1098,2175,249,1342,2399,9113,2857,21853,70848
,,,,,,,,4161,16869,1565,1185,2348,269,1449,2591,9834,3087,23705,75982
,,,,,,,,4162,18347,1677,1270,2516,288,1553,2776,10535,3309,25439,80701
,,,,,,,,4163,19612,1751,1326,2627,301,1620,2901,10988,3460,27001,84973
,,,,,,,,4164,20642,1811,1371,2716,311,1675,3001,11356,3580,28435,88580
,,,,,,,,4165,21459,1834,1389,2751,315,1697,3040,11496,3629,29073,91435
,,,,,,,,4166,21970,1828,1384,2741,314,1690,3031,11448,3620,29291,93550
,,,,,,,,4167,22286,1769,1340,2654,304,1636,2936,11075,3508,28884,94495
,,,,,,,,4168,22268,1713,1297,2569,294,1583,2843,10712,3400,28508,94565
,,,,,,,,4169,22020,1680,1272,2520,289,1553,2791,10500,3339,27976,93736
,,,,,,,,4170,21351,1647,1247,2470,283,1522,2738,10284,3278,26995,91443
,,,,,,,,4171,20360,1569,1188,2354,270,1450,2608,9801,3122,25078,87839
,,,,,,,,4172,19146,1497,1134,2246,257,1384,2486,9361,2973,23688,83452
,,,,,,,,4173,18269,1462,1107,2193,251,1352,2426,9153,2899,22927,79517
,,,,,,,,4174,17873,1449,1097,2173,249,1340,2402,9081,2867,22056,76722
,,,,,,,,4175,17187,1374,1040,2061,236,1271,2276,8617,2716,20552,72168
,,,,,,,,4176,15793,1274,964,1911,218,1179,2109,7996,2515,18793,66248
,,,,,,,,4177,14351,1186,898,1779,203,1098,1961,7457,2335,17266,60739
,,,,,,,,4178,13116,1124,851,1686,193,1041,1856,7082,2207,16156,56735
,,,,,,,,4179,12350,1080,818,1621,185,1001,1783,6814,2119,15450,54134
,,,,,,,,4180,11837,1050,795,1575,180,973,1732,6626,2057,14949,52415
,,,,,,,,4181,11500,1034,783,1551,177,959,1705,6532,2023,14650,51671
,,,,,,,,4182,11390,1020,772,1529,175,945,1681,6440,1995,14536,51601
,,,,,,,,4183,11444,1034,783,1552,177,959,1707,6527,2027,14688,52385
,,,,,,,,4184,11877,1103,835,1655,189,1022,1823,6944,2169,15715,56158
,,,,,,,,4185,12726,1197,906,1795,205,1108,1979,7529,2356,17256,61819
,,,,,,,,4186,13854,1281,970,1922,220,1186,2120,8048,2526,18847,67535
,,,,,,,,4187,14858,1352,1023,2027,232,1251,2238,8485,2669,20125,72366
,,,,,,,,4188,15746,1400,1060,2099,240,1295,2318,8785,2764,21014,75954
,,,,,,,,4189,16407,1424,1078,2136,244,1318,2359,8935,2815,21688,78680
,,,,,,,,4190,16785,1433,1085,2149,246,1325,2375,8981,2835,21954,80449
,,,,,,,,4191,16941,1431,1084,2147,246,1324,2373,8967,2834,22470,81452
,,,,,,,,4192,17049,1432,1084,2148,246,1324,2375,8968,2837,22860,82391
,,,,,,,,4193,17098,1435,1086,2152,246,1327,2381,8983,2845,23230,83040
,,,,,,,,4194,16936,1424,1079,2137,245,1317,2364,8914,2826,23238,82401
,,,,,,,,4195,16487,1402,1061,2103,241,1296,2327,8775,2780,22847,80483
,,,,,,,,4196,15732,1364,1033,2046,234,1262,2263,8546,2703,22006,77374
,,,,,,,,4197,15032,1326,1004,1990,228,1227,2198,8321,2622,21069,74134
,,,,,,,,4198,14671,1328,1006,1993,228,1229,2200,8339,2623,20519,72665
,,,,,,,,4199,14325,1269,961,1904,218,1175,2101,7977,2503,19057,68588
,,,,,,,,4200,13254,1187,898,1780,203,1099,1961,7470,2333,17412,63191
,,,,,,,,4201,12035,1102,834,1653,189,1021,1819,6949,2162,15889,58264
,,,,,,,,4202,11053,1042,789,1564,178,967,1717,6592,2036,14810,54542
,,,,,,,,4203,10372,996,754,1494,170,924,1641,6301,1945,14062,52220
,,,,,,,,4204,9937,966,731,1449,165,896,1591,6115,1885,13540,50478
,,,,,,,,4205,9672,949,718,1423,162,880,1561,6009,1849,13261,49585
,,,,,,,,4206,9569,931,705,1397,159,864,1532,5894,1815,12904,49136
,,,,,,,,4207,9441,936,709,1404,160,868,1542,5920,1828,12988,49157
,,,,,,,,4208,9857,991,750,1486,170,918,1634,6251,1941,13914,52344
,,,,,,,,4209,10825,1077,816,1616,185,998,1779,6792,2114,15439,57752
,,,,,,,,4210,12021,1167,884,1751,200,1081,1929,7350,2295,16979,63443
,,,,,,,,4211,13062,1241,940,1862,213,1150,2052,7811,2442,18365,68700
,,,,,,,,4212,13819,1302,985,1952,223,1205,2152,8190,2561,19564,73154
,,,,,,,,4213,14341,1333,1009,2000,229,1235,2205,8384,2625,20450,76853
,,,,,,,,4214,14652,1349,1022,2024,231,1249,2233,8479,2660,21147,79601
,,,,,,,,4215,14850,1361,1030,2042,233,1260,2253,8550,2685,21663,81598
,,,,,,,,4216,15085,1368,1036,2052,235,1266,2265,8589,2700,22151,83436
,,,,,,,,4217,15340,1369,1036,2053,235,1266,2267,8586,2705,22437,84704
,,,,,,,,4218,15531,1353,1025,2030,232,1252,2243,8486,2677,22475,84930
,,,,,,,,4219,15577,1329,1007,1994,228,1230,2205,8331,2632,22024,84008
,,,,,,,,4220,15443,1306,989,1959,224,1208,2165,8188,2584,21507,81809
,,,,,,,,4221,15170,1319,999,1978,226,1221,2182,8288,2600,21365,79604
,,,,,,,,4222,15258,1340,1015,2010,230,1241,2216,8431,2638,21257,78335
,,,,,,,,4223,15021,1289,976,1933,221,1194,2129,8120,2532,19943,74047
,,,,,,,,4224,13814,1203,911,1805,206,1115,1985,7592,2357,18303,67920
,,,,,,,,4225,12465,1121,848,1681,192,1039,1846,7084,2190,16745,62470
,,,,,,,,4226,11483,1069,809,1604,183,992,1760,6770,2084,15745,58867
,,,,,,,,4227,10886,1033,782,1550,177,959,1700,6547,2013,15170,56645
,,,,,,,,4228,10550,1018,771,1528,174,945,1675,6454,1983,14935,55547
,,,,,,,,4229,10422,1028,778,1542,176,954,1691,6514,2001,15050,55747
,,,,,,,,4230,10628,1071,810,1606,183,994,1761,6781,2086,15810,58069
,,,,,,,,4231,11260,1147,868,1720,196,1063,1890,7247,2242,16989,61798
,,,,,,,,4232,12662,1242,940,1863,213,1151,2048,7840,2431,18445,67080
,,,,,,,,4233,14180,1312,993,1968,225,1216,2163,8283,2568,19492,71906
,,,,,,,,4234,15024,1366,1034,2049,234,1267,2252,8630,2672,20146,76012
,,,,,,,,4235,15496,1396,1057,2094,239,1294,2302,8812,2732,20786,79836
,,,,,,,,4236,15844,1410,1067,2115,242,1307,2326,8894,2763,21357,82441
,,,,,,,,4237,15922,1420,1075,2130,243,1316,2344,8954,2786,21905,84089
,,,,,,,,4238,15853,1420,1075,2130,243,1316,2345,8947,2788,22192,85276
,,,,,,,,4239,15822,1411,1068,2117,242,1307,2331,8887,2773,22325,85757
,,,,,,,,4240,15818,1411,1069,2117,242,1307,2333,8881,2777,22542,85320
,,,,,,,,4241,15855,1414,1070,2120,242,1309,2338,8887,2785,22625,85099
,,,,,,,,4242,15810,1387,1050,2081,238,1284,2296,8716,2736,22410,83831
,,,,,,,,4243,15630,1336,1011,2004,229,1237,2210,8394,2633,21535,80598
,,,,,,,,4244,15187,1290,977,1935,221,1195,2133,8119,2538,20344,76586
,,,,,,,,4245,14801,1268,960,1903,217,1175,2095,7993,2490,19728,73063
,,,,,,,,4246,14721,1259,954,1889,216,1167,2078,7947,2468,19308,71061
,,,,,,,,4247,14195,1185,897,1777,203,1099,1954,7481,2320,17638,66322
,,,,,,,,4248,12811,1081,818,1622,185,1003,1782,6832,2114,15849,60207
,,,,,,,,4249,11494,998,755,1497,171,926,1641,6325,1942,14467,55516
,,,,,,,,4250,10521,941,712,1411,161,873,1546,5964,1830,13593,52381
,,,,,,,,4251,9945,901,682,1352,154,837,1482,5717,1753,13037,50194
,,,,,,,,4252,9629,881,667,1322,151,818,1448,5587,1714,12784,49197
,,,,,,,,4253,9460,882,668,1324,151,819,1451,5594,1717,12839,49456
,,,,,,,,4254,9618,908,687,1362,155,843,1493,5753,1768,13304,51642
,,,,,,,,4255,10177,975,738,1463,167,905,1607,6166,1905,14395,54793
,,,,,,,,4256,11479,1085,821,1628,186,1006,1788,6858,2121,15796,59372
,,,,,,,,4257,12852,1175,890,1763,201,1090,1936,7432,2296,16761,63165
,,,,,,,,4258,13675,1231,932,1847,211,1143,2028,7793,2403,17467,66097
,,,,,,,,4259,14242,1272,963,1909,218,1181,2095,8051,2483,18136,68707
,,,,,,,,4260,14769,1299,983,1948,222,1205,2139,8217,2535,18478,70670
,,,,,,,,4261,15064,1310,992,1965,224,1215,2157,8285,2557,18657,72418
,,,,,,,,4262,15195,1321,1000,1982,226,1226,2176,8358,2579,18924,73981
,,,,,,,,4263,15324,1328,1005,1991,227,1232,2186,8399,2591,18999,75355
,,,,,,,,4264,15347,1329,1006,1994,228,1233,2189,8407,2596,19178,77116
,,,,,,,,4265,15299,1337,1012,2005,229,1240,2202,8453,2611,19414,78727
,,,,,,,,4266,15291,1337,1013,2006,229,1240,2204,8454,2614,19521,79384
,,,,,,,,4267,15050,1297,982,1945,222,1203,2136,8196,2534,19106,77796
,,,,,,,,4268,14563,1253,948,1879,214,1162,2063,7927,2445,18529,74896
,,,,,,,,4269,14207,1234,935,1852,211,1145,2032,7812,2408,18325,72232
,,,,,,,,4270,14184,1233,934,1850,211,1144,2030,7808,2405,18241,71132
,,,,,,,,4271,13709,1166,882,1749,199,1082,1918,7381,2272,16885,66683
,,,,,,,,4272,12432,1067,808,1601,183,990,1755,6759,2078,15446,60697
,,,,,,,,4273,11085,977,740,1466,167,907,1608,6186,1905,13944,55376
,,,,,,,,4274,10199,927,702,1391,159,861,1525,5878,1805,13196,52074
,,,,,,,,4275,9653,893,676,1339,153,829,1468,5662,1737,12749,50342
,,,,,,,,4276,9354,877,664,1316,150,814,1442,5563,1706,12542,49367
,,,,,,,,4277,9248,881,667,1322,151,818,1449,5586,1714,12669,49771
,,,,,,,,4278,9445,907,687,1361,155,842,1492,5748,1767,13191,51943
,,,,,,,,4279,10034,988,748,1482,169,916,1627,6244,1930,14326,55300
,,,,,,,,4280,11337,1110,840,1665,190,1029,1829,7013,2171,15879,60150
,,,,,,,,4281,12729,1208,914,1812,207,1120,1990,7631,2361,17069,64663
,,,,,,,,4282,13603,1274,964,1910,218,1181,2098,8050,2489,17995,68584
,,,,,,,,4283,14238,1321,1000,1982,226,1225,2178,8346,2585,18891,72421
,,,,,,,,4284,14784,1357,1027,2035,232,1258,2238,8564,2658,19535,75498
,,,,,,,,4285,15120,1371,1038,2056,235,1270,2262,8644,2688,19958,77888
,,,,,,,,4286,15254,1392,1054,2088,239,1290,2298,8771,2732,20584,80829
,,,,,,,,4287,15499,1408,1066,2112,241,1304,2326,8866,2766,21178,83611
,,,,,,,,4288,15629,1425,1079,2137,244,1319,2355,8963,2804,21848,86533
,,,,,,,,4289,15676,1439,1089,2158,247,1332,2381,9041,2837,22244,88843
,,,,,,,,4290,15689,1433,1085,2150,246,1326,2374,8996,2831,22351,89623
,,,,,,,,4291,15480,1388,1051,2083,238,1285,2300,8712,2743,21892,88151
,,,,,,,,4292,15039,1339,1013,2008,230,1239,2215,8409,2640,21140,85155
,,,,,,,,4293,14717,1314,995,1971,225,1217,2172,8270,2586,20686,82304
,,,,,,,,4294,14684,1320,999,1980,226,1223,2179,8320,2590,20447,80174
,,,,,,,,4295,14311,1250,947,1875,214,1159,2062,7892,2449,18892,75120
,,,,,,,,4296,13015,1149,870,1724,197,1066,1894,7262,2248,17075,68300
,,,,,,,,4297,11647,1060,803,1591,182,984,1747,6704,2073,15531,62285
,,,,,,,,4298,10671,999,756,1499,171,927,1645,6324,1949,14528,58290
,,,,,,,,4299,10076,958,725,1437,164,889,1576,6067,1866,13895,55673
,,,,,,,,4300,9735,936,708,1404,160,868,1539,5929,1822,13615,54252
,,,,,,,,4301,9572,936,709,1404,160,869,1540,5932,1823,13646,54303
,,,,,,,,4302,9739,961,728,1442,164,892,1582,6089,1874,14202,56456
,,,,,,,,4303,10315,1041,788,1562,178,965,1715,6579,2035,15398,60209
,,,,,,,,4304,11678,1158,877,1738,198,1074,1911,7311,2270,17117,65727
,,,,,,,,4305,13265,1266,958,1898,217,1173,2088,7984,2481,18606,71524
,,,,,,,,4306,14333,1356,1026,2034,232,1257,2237,8552,2658,19962,77294
,,,,,,,,4307,15125,1426,1080,2139,244,1321,2355,8985,2800,21337,83429
,,,,,,,,4308,15875,1487,1126,2230,255,1377,2456,9361,2922,22582,89015
,,,,,,,,4309,16367,1525,1155,2288,262,1413,2522,9598,3001,23755,93783
,,,,,,,,4310,16673,1570,1189,2356,269,1454,2598,9874,3094,24955,97923
,,,,,,,,4311,17042,1607,1217,2411,276,1488,2660,10097,3169,25943,101378
,,,,,,,,4312,17359,1641,1242,2461,281,1518,2717,10297,3240,26804,103725
,,,,,,,,4313,17627,1665,1261,2498,286,1541,2760,10441,3294,27452,105402
,,,,,,,,4314,17893,1665,1261,2498,286,1540,2762,10428,3299,27623,105720
,,,,,,,,4315,17816,1626,1231,2438,279,1503,2697,10180,3221,27013,103579
,,,,,,,,4316,17373,1569,1188,2354,269,1452,2601,9837,3105,26042,100340
,,,,,,,,4317,16852,1535,1163,2303,263,1421,2543,9638,3032,25333,97024
,,,,,,,,4318,16683,1530,1158,2295,262,1416,2531,9615,3015,24680,94726
,,,,,,,,4319,16273,1450,1098,2175,249,1343,2397,9126,2853,22818,89086
,,,,,,,,4320,14795,1341,1015,2012,230,1243,2215,8452,2633,20626,81628
,,,,,,,,4321,13189,1233,933,1849,211,1142,2035,7770,2420,18739,75289
,,,,,,,,4322,11986,1162,880,1743,199,1077,1916,7333,2276,17461,70645
,,,,,,,,4323,11255,1114,843,1671,191,1033,1836,7037,2179,16636,67564
,,,,,,,,4324,10815,1088,823,1632,186,1009,1792,6875,2125,16192,65600
,,,,,,,,4325,10627,1084,821,1626,186,1006,1786,6855,2117,16133,64947
,,,,,,,,4326,10785,1107,838,1660,189,1026,1824,6995,2163,16662,66470
,,,,,,,,4327,11403,1180,893,1770,202,1093,1947,7442,2313,17742,69601
,,,,,,,,4328,12697,1288,975,1932,221,1193,2128,8108,2531,19215,74984
,,,,,,,,4329,14193,1396,1057,2094,239,1293,2308,8781,2747,20665,81501
,,,,,,,,4330,15151,1486,1125,2230,255,1376,2458,9348,2927,22388,87764
,,,,,,,,4331,15820,1577,1194,2366,271,1460,2610,9908,3111,24062,93931
,,,,,,,,4332,16556,1671,1265,2507,287,1547,2767,10494,3298,26373,98891
,,,,,,,,4333,17346,1734,1313,2602,298,1605,2873,10884,3426,27917,101933
,,,,,,,,4334,18113,1799,1362,2698,309,1664,2981,11281,3556,29251,103902
,,,,,,,,4335,18961,1850,1400,2774,318,1711,3066,11593,3660,30233,104874
,,,,,,,,4336,19667,1881,1424,2821,323,1739,3120,11779,3726,30983,105071
,,,,,,,,4337,20101,1897,1436,2845,326,1754,3149,11869,3764,31556,104281
,,,,,,,,4338,20426,1878,1422,2817,323,1736,3120,11738,3732,31605,100394
,,,,,,,,4339,20348,1824,1381,2736,313,1686,3029,11404,3623,30810,96263
,,,,,,,,4340,19779,1744,1321,2616,300,1613,2895,10916,3460,29547,91113
,,,,,,,,4341,19050,1691,1280,2536,290,1564,2804,10595,3348,28526,87046
,,,,,,,,4342,18501,1661,1257,2491,285,1537,2752,10415,3284,27488,83102
,,,,,,,,4343,17781,1576,1194,2364,270,1459,2611,9894,3113,25263,75100
,,,,,,,,4344,16147,1468,1111,2202,252,1359,2429,9225,2894,22916,64420
,,,,,,,,4345,14446,1365,1033,2047,234,1264,2256,8583,2686,20709,58937
,,,,,,,,4346,12979,1275,965,1913,219,1181,2107,8032,2506,18633,55060
,,,,,,,,4347,11988,1209,916,1814,207,1121,1996,7626,2373,17455,52507
,,,,,,,,4348,11333,1164,881,1746,199,1079,1920,7346,2280,16653,50709
,,,,,,,,4349,10923,1137,860,1705,195,1054,1873,7181,2223,16099,49707
,,,,,,,,4350,10752,1116,845,1675,191,1035,1840,7053,2184,15787,49683
,,,,,,,,4351,10678,1126,852,1689,193,1043,1858,7103,2207,15897,50340
,,,,,,,,4352,11322,1197,906,1796,205,1109,1980,7532,2357,17151,53398
,,,,,,,,4353,12621,1313,994,1970,225,1216,2174,8249,2592,18994,58177
,,,,,,,,4354,14171,1425,1079,2138,245,1319,2361,8942,2817,20973,63677
,,,,,,,,4355,15488,1519,1150,2278,261,1405,2518,9517,3006,22633,68780
,,,,,,,,4356,16526,1577,1194,2366,271,1459,2616,9883,3124,23836,73118
,,,,,,,,4357,17209,1619,1226,2428,278,1497,2686,10136,3208,24817,76603
,,,,,,,,4358,17587,1644,1244,2465,282,1520,2728,10284,3261,25469,79364
,,,,,,,,4359,17848,1660,1257,2490,285,1535,2757,10382,3297,25974,81699
,,,,,,,,4360,18055,1668,1263,2501,286,1541,2770,10424,3314,26156,83544
,,,,,,,,4361,18283,1659,1256,2488,285,1533,2757,10360,3299,26009,84975
,,,,,,,,4362,18410,1623,1229,2435,279,1500,2700,10132,3233,25544,85424
,,,,,,,,4363,18400,1590,1204,2384,273,1469,2643,9925,3164,25017,84574
,,,,,,,,4364,18044,1552,1175,2328,267,1434,2578,9699,3084,24394,82700
,,,,,,,,4365,17470,1520,1151,2280,261,1405,2522,9513,3013,23681,80162
,,,,,,,,4366,17138,1516,1148,2274,260,1402,2515,9497,3004,23141,78121
,,,,,,,,4367,16802,1455,1101,2182,250,1346,2411,9119,2878,21597,74123
,,,,,,,,4368,15557,1365,1034,2048,234,1263,2260,8571,2695,19823,68663
,,,,,,,,4369,14122,1272,963,1908,218,1178,2104,8002,2505,18128,63360
,,,,,,,,4370,12890,1196,905,1794,205,1108,1976,7533,2350,16823,59488
,,,,,,,,4371,12058,1141,864,1712,196,1058,1884,7196,2240,15909,56717
,,,,,,,,4372,11479,1102,834,1653,189,1021,1817,6952,2159,15251,54371
,,,,,,,,4373,11097,1075,813,1612,184,996,1772,6787,2103,14903,53080
,,,,,,,,4374,10899,1053,797,1580,180,976,1736,6652,2060,14623,52480
,,,,,,,,4375,10723,1053,798,1580,180,977,1738,6650,2063,14639,52357
,,,,,,,,4376,11112,1115,844,1672,191,1032,1843,7016,2193,15796,55507
,,,,,,,,4377,12261,1220,923,1829,209,1129,2018,7666,2404,17727,61310
,,,,,,,,4378,13783,1333,1009,1999,229,1233,2207,8366,2632,19978,68073
,,,,,,,,4379,15228,1432,1084,2147,246,1325,2372,8979,2831,22118,74008
,,,,,,,,4380,16392,1517,1149,2276,260,1404,2515,9513,3002,23950,79313
,,,,,,,,4381,17320,1576,1193,2363,270,1457,2613,9873,3120,25294,83377
,,,,,,,,4382,17925,1614,1222,2421,277,1493,2677,10108,3198,26308,85233
,,,,,,,,4383,18317,1628,1233,2442,279,1505,2702,10190,3228,26979,85885
,,,,,,,,4384,18496,1635,1238,2452,281,1511,2714,10227,3244,27559,87313
,,,,,,,,4385,18234,1640,1242,2460,282,1516,2724,10255,3259,27939,88678
,,,,,,,,4386,17881,1623,1229,2435,279,1500,2698,10141,3229,27689,88256
,,,,,,,,4387,17856,1588,1202,2382,273,1467,2639,9921,3157,27181,86656
,,,,,,,,4388,17743,1558,1180,2338,268,1441,2588,9747,3094,26400,83923
,,,,,,,,4389,17324,1524,1154,2286,262,1409,2528,9543,3019,25541,81140
,,,,,,,,4390,17063,1523,1153,2284,261,1409,2525,9545,3014,24875,78971
,,,,,,,,4391,16597,1444,1093,2166,248,1336,2393,9057,2855,23001,74519
,,,,,,,,4392,15152,1341,1015,2011,230,1241,2219,8422,2645,20763,68551
,,,,,,,,4393,13545,1239,938,1858,212,1147,2046,7802,2433,18822,63390
,,,,,,,,4394,12398,1169,885,1753,200,1083,1929,7374,2291,17444,59477
,,,,,,,,4395,11643,1118,846,1677,191,1037,1843,7061,2187,16482,56982
,,,,,,,,4396,11191,1085,821,1627,186,1006,1787,6857,2120,15897,55375
,,,,,,,,4397,10974,1078,816,1618,185,1000,1776,6820,2106,15716,55352
,,,,,,,,4398,11104,1098,831,1647,188,1018,1809,6944,2144,16080,57175
,,,,,,,,4399,11563,1166,883,1749,200,1081,1923,7360,2284,17221,60438
,,,,,,,,4400,12909,1291,977,1937,221,1196,2132,8138,2534,19078,65780
,,,,,,,,4401,14570,1407,1065,2110,241,1303,2323,8861,2763,20778,71895
,,,,,,,,4402,15808,1495,1132,2243,256,1385,2471,9414,2939,22356,77605
,,,,,,,,4403,16800,1572,1190,2358,270,1456,2599,9887,3094,23805,83112
,,,,,,,,4404,17610,1628,1233,2442,279,1507,2693,10234,3207,24973,87995
,,,,,,,,4405,18116,1657,1255,2486,284,1534,2743,10412,3268,25773,91911
,,,,,,,,4406,18364,1689,1279,2533,290,1563,2797,10604,3334,26374,94930
,,,,,,,,4407,18642,1708,1293,2562,293,1581,2829,10719,3375,26915,97399
,,,,,,,,4408,18823,1724,1306,2587,296,1595,2858,10813,3410,27371,99012
,,,,,,,,4409,18829,1738,1316,2607,298,1608,2882,10894,3440,27763,99971
,,,,,,,,4410,18820,1734,1313,2600,298,1604,2875,10861,3433,27849,99582
,,,,,,,,4411,18600,1683,1275,2525,289,1557,2790,10553,3330,27133,97442
,,,,,,,,4412,18033,1617,1224,2425,277,1496,2679,10145,3195,25941,94018
,,,,,,,,4413,17393,1559,1180,2338,267,1443,2581,9787,3077,24707,90599
,,,,,,,,4414,16973,1539,1165,2308,264,1425,2546,9673,3033,23771,88005
,,,,,,,,4415,16416,1448,1096,2172,248,1341,2394,9107,2849,21715,82087
,,,,,,,,4416,14847,1321,1000,1982,226,1224,2183,8322,2597,19414,75067
,,,,,,,,4417,13199,1213,918,1820,208,1124,2002,7653,2378,17527,68828
,,,,,,,,4418,12014,1137,861,1705,195,1054,1874,7180,2224,16275,64409
,,,,,,,,4419,11293,1088,824,1632,186,1009,1792,6878,2126,15491,61276
,,,,,,,,4420,10813,1060,803,1591,181,984,1746,6710,2070,15026,59450
,,,,,,,,4421,10559,1056,799,1584,181,979,1738,6682,2059,14945,59129
,,,,,,,,4422,10641,1076,814,1614,184,998,1771,6809,2099,15374,60546
,,,,,,,,4423,11070,1146,867,1719,196,1062,1889,7237,2242,16493,63874
,,,,,,,,4424,12383,1275,965,1913,218,1182,2105,8039,2501,18347,69154
,,,,,,,,4425,13991,1391,1053,2087,238,1289,2297,8767,2731,20119,75149
,,,,,,,,4426,15218,1487,1126,2231,255,1378,2456,9368,2921,21859,81053
,,,,,,,,4427,16184,1571,1190,2357,269,1456,2597,9891,3091,23527,86543
,,,,,,,,4428,16934,1639,1241,2459,281,1518,2711,10313,3227,25054,91170
,,,,,,,,4429,17424,1683,1274,2524,289,1558,2784,10579,3316,26212,94797
,,,,,,,,4430,17727,1715,1298,2572,294,1588,2838,10773,3383,27064,97344
,,,,,,,,4431,18047,1733,1312,2599,297,1604,2870,10880,3421,27648,99078
,,,,,,,,4432,18325,1746,1322,2618,300,1615,2892,10949,3450,28200,100201
,,,,,,,,4433,18536,1745,1321,2618,300,1615,2893,10940,3453,28403,100631
,,,,,,,,4434,18692,1709,1294,2563,293,1580,2834,10702,3385,28092,99820
,,,,,,,,4435,18429,1638,1241,2457,281,1516,2717,10266,3244,27025,97177
,,,,,,,,4436,17562,1572,1190,2358,270,1454,2606,9857,3109,25795,93495
,,,,,,,,4437,16746,1537,1163,2305,264,1422,2545,9645,3034,25037,90407
,,,,,,,,4438,16414,1530,1159,2296,263,1417,2532,9618,3017,24358,87252
,,,,,,,,4439,15787,1457,1103,2185,250,1349,2409,9165,2868,22732,81870
,,,,,,,,4440,14607,1366,1035,2050,234,1266,2257,8606,2685,20858,75687
,,,,,,,,4441,13338,1276,966,1914,219,1182,2107,8042,2504,19084,69853
,,,,,,,,4442,12287,1209,915,1813,207,1120,1994,7628,2368,17887,65433
,,,,,,,,4443,11537,1158,877,1737,198,1074,1909,7316,2265,16987,62201
,,,,,,,,4444,11082,1127,853,1691,193,1045,1857,7126,2202,16434,60053
,,,,,,,,4445,10872,1115,844,1673,191,1035,1837,7054,2178,16190,58943
,,,,,,,,4446,10909,1111,841,1667,190,1031,1830,7029,2169,16205,58732
,,,,,,,,4447,11081,1114,843,1670,191,1032,1837,7028,2181,16227,58670
,,,,,,,,4448,11459,1146,867,1718,196,1061,1892,7217,2250,16756,61407
,,,,,,,,4449,12124,1218,922,1827,209,1128,2013,7667,2395,17919,67009
,,,,,,,,4450,13017,1309,991,1963,224,1212,2163,8235,2575,19580,74156
,,,,,,,,4451,14118,1408,1066,2113,242,1304,2330,8853,2775,21500,81336
,,,,,,,,4452,15287,1490,1128,2235,256,1380,2466,9364,2939,23296,87611
,,,,,,,,4453,16217,1548,1172,2322,266,1433,2563,9720,3055,24723,92199
,,,,,,,,4454,16833,1591,1204,2386,273,1472,2635,9981,3143,25770,95359
,,,,,,,,4455,17161,1618,1225,2427,278,1497,2682,10147,3201,26668,97421
,,,,,,,,4456,17393,1643,1244,2464,282,1519,2724,10289,3253,27430,99153
,,,,,,,,4457,17646,1659,1256,2488,285,1534,2753,10381,3290,27976,100208
,,,,,,,,4458,17913,1652,1251,2477,284,1527,2743,10325,3281,28111,99815
,,,,,,,,4459,17931,1617,1224,2425,278,1495,2685,10114,3210,27453,97522
,,,,,,,,4460,17494,1567,1186,2350,269,1449,2600,9809,3106,26435,93955
,,,,,,,,4461,16951,1541,1167,2312,264,1426,2555,9659,3050,25648,90702
,,,,,,,,4462,16706,1539,1165,2308,264,1424,2550,9651,3042,25012,88146
,,,,,,,,4463,16229,1497,1134,2246,257,1386,2480,9402,2956,23963,84099
,,,,,,,,4464,15357,1439,1089,2158,247,1332,2380,9042,2836,22399,78933
,,,,,,,,4465,14145,1350,1022,2025,231,1251,2232,8496,2657,20675,73096
,,,,,,,,4466,13066,1276,966,1914,219,1182,2108,8036,2507,19332,68432
,,,,,,,,4467,12326,1222,925,1833,209,1132,2017,7705,2397,18390,65050
,,,,,,,,4468,11857,1193,903,1790,204,1106,1968,7530,2336,17836,63109
,,,,,,,,4469,11587,1189,900,1784,204,1103,1960,7511,2327,17738,62491
,,,,,,,,4470,11664,1208,915,1812,207,1120,1991,7632,2363,18165,64082
,,,,,,,,4471,12096,1275,965,1913,218,1182,2105,8040,2502,19360,67476
,,,,,,,,4472,13415,1406,1064,2108,241,1302,2324,8845,2766,21549,73428
,,,,,,,,4473,15100,1525,1155,2288,262,1412,2523,9590,3005,23645,80014
,,,,,,,,4474,16457,1629,1233,2443,279,1508,2695,10234,3211,25636,86572
,,,,,,,,4475,17495,1712,1296,2568,294,1584,2834,10749,3379,27352,92657
,,,,,,,,4476,18280,1767,1338,2651,303,1636,2928,11090,3492,28620,98014
,,,,,,,,4477,18761,1799,1362,2698,309,1665,2981,11283,3557,29468,101816
,,,,,,,,4478,19026,1829,1385,2744,314,1692,3033,11467,3620,30179,104144
,,,,,,,,4479,19273,1853,1403,2779,318,1714,3072,11606,3669,30639,105457
,,,,,,,,4480,19473,1870,1416,2804,321,1729,3102,11704,3707,31037,105924
,,,,,,,,4481,19533,1869,1415,2803,321,1727,3102,11687,3709,31140,105688
,,,,,,,,4482,19529,1842,1394,2762,316,1702,3060,11505,3662,31001,104928
,,,,,,,,4483,19294,1782,1350,2673,306,1647,2961,11139,3542,30257,103046
,,,,,,,,4484,18666,1712,1296,2568,294,1583,2842,10711,3398,28949,99656
,,,,,,,,4485,17990,1660,1257,2490,285,1535,2753,10398,3289,27814,96489
,,,,,,,,4486,17589,1635,1238,2453,281,1513,2710,10256,3234,26746,93697
,,,,,,,,4487,17010,1537,1163,2305,264,1422,2546,9643,3036,24488,88161
,,,,,,,,4488,15448,1405,1064,2108,241,1301,2326,8824,2773,22199,81151
,,,,,,,,4489,13833,1291,978,1937,221,1196,2135,8125,2542,20072,74956
,,,,,,,,4490,12574,1212,918,1818,208,1123,2002,7636,2381,18648,70469
,,,,,,,,4491,11758,1156,875,1735,198,1072,1908,7292,2268,17550,67077
,,,,,,,,4492,11273,1123,850,1684,192,1041,1852,7087,2199,16879,65081
,,,,,,,,4493,10984,1117,846,1676,191,1036,1842,7058,2186,16623,64587
,,,,,,,,4494,11024,1138,862,1708,195,1056,1876,7193,2227,16894,66101
,,,,,,,,4495,11416,1204,911,1806,206,1115,1987,7590,2361,17919,69056
,,,,,,,,4496,12688,1333,1009,2000,229,1235,2203,8397,2620,19879,74723
,,,,,,,,4497,14347,1459,1105,2189,250,1352,2412,9187,2870,21803,81438
,,,,,,,,4498,15725,1563,1183,2344,268,1447,2583,9831,3075,23623,87829
,,,,,,,,4499,16878,1652,1251,2478,283,1530,2733,10385,3255,25347,94415
,,,,,,,,4500,17855,1723,1305,2585,296,1595,2852,10827,3398,26624,100035
,,,,,,,,4501,18525,1767,1338,2651,303,1636,2926,11097,3488,27563,103900
,,,,,,,,4502,18947,1812,1372,2718,311,1677,3002,11372,3581,28472,106660
,,,,,,,,4503,19392,1844,1396,2765,316,1706,3055,11562,3645,29228,108284
,,,,,,,,4504,19745,1866,1413,2799,320,1726,3094,11695,3694,29861,109304
,,,,,,,,4505,20039,1881,1425,2822,323,1740,3121,11782,3728,30382,110072
,,,,,,,,4506,20215,1864,1411,2796,320,1723,3093,11663,3697,30403,109527
,,,,,,,,4507,20033,1801,1364,2701,309,1665,2988,11276,3570,29744,107207
,,,,,,,,4508,19209,1724,1306,2586,296,1595,2859,10805,3414,28486,103635
,,,,,,,,4509,18459,1671,1265,2506,287,1546,2768,10478,3303,27523,100181
,,,,,,,,4510,18217,1647,1247,2470,283,1524,2727,10342,3250,26730,97218
,,,,,,,,4511,17655,1560,1181,2340,268,1444,2581,9805,3075,24810,91586
,,,,,,,,4512,16268,1458,1104,2188,250,1351,2411,9176,2869,22809,84793
,,,,,,,,4513,14757,1353,1025,2030,232,1253,2238,8511,2665,21041,78574
,,,,,,,,4514,13536,1274,965,1911,218,1180,2105,8024,2504,19529,73441
,,,,,,,,4515,12743,1220,924,1830,209,1130,2014,7691,2393,18524,69871
,,,,,,,,4516,12208,1185,897,1777,203,1098,1954,7476,2321,17849,67197
,,,,,,,,4517,11864,1166,883,1749,200,1081,1923,7364,2282,17416,65488
,,,,,,,,4518,11740,1156,876,1735,198,1072,1907,7302,2264,17256,64980
,,,,,,,,4519,11745,1168,884,1752,200,1082,1927,7364,2290,17449,65188
,,,,,,,,4520,12226,1237,937,1856,212,1145,2046,7779,2437,18915,69339
,,,,,,,,4521,13413,1352,1024,2028,232,1251,2238,8491,2668,21152,77185
,,,,,,,,4522,14941,1459,1105,2188,250,1350,2418,9151,2885,23602,85763
,,,,,,,,4523,16214,1533,1161,2300,263,1418,2543,9606,3037,25927,93452
,,,,,,,,4524,17091,1603,1214,2404,275,1482,2659,10037,3176,27871,99439
,,,,,,,,4525,17698,1659,1256,2488,285,1534,2753,10380,3290,29279,103323
,,,,,,,,4526,18068,1679,1271,2518,288,1552,2788,10500,3334,30049,105016
,,,,,,,,4527,18056,1649,1249,2473,283,1524,2740,10304,3278,30148,105561
,,,,,,,,4528,17659,1616,1223,2423,278,1493,2686,10090,3215,30096,105913
,,,,,,,,4529,17304,1612,1220,2417,277,1489,2681,10058,3210,30230,105849
,,,,,,,,4530,17240,1601,1212,2401,275,1479,2664,9985,3192,29894,104716
,,,,,,,,4531,17421,1579,1196,2368,271,1459,2626,9851,3146,28860,102011
,,,,,,,,4532,17274,1547,1171,2320,266,1429,2571,9660,3077,27489,98315
,,,,,,,,4533,16805,1525,1155,2288,262,1410,2532,9539,3028,26306,94893
,,,,,,,,4534,16549,1523,1153,2284,261,1408,2527,9533,3019,25800,92517
,,,,,,,,4535,16233,1461,1106,2192,251,1352,2424,9155,2894,24273,87505
,,,,,,,,4536,15129,1378,1044,2068,236,1275,2284,8647,2725,22475,81378
,,,,,,,,4537,13811,1282,970,1922,220,1187,2120,8056,2525,20784,75828
,,,,,,,,4538,12610,1203,911,1805,206,1115,1989,7575,2367,19395,71260
,,,,,,,,4539,11817,1156,875,1734,198,1071,1909,7281,2270,18459,67989
,,,,,,,,4540,11275,1123,851,1685,192,1041,1854,7085,2204,17742,65288
,,,,,,,,4541,10912,1104,836,1656,189,1024,1821,6971,2162,17292,63547
,,,,,,,,4542,10725,1087,823,1631,186,1008,1793,6865,2129,17012,62821
,,,,,,,,4543,10542,1082,819,1623,185,1003,1786,6826,2122,16986,62224
,,,,,,,,4544,10924,1130,855,1695,194,1046,1869,7107,2225,17847,65187
,,,,,,,,4545,11989,1217,921,1825,209,1126,2014,7644,2399,19327,70720
,,,,,,,,4546,13404,1311,992,1966,225,1213,2171,8226,2590,21146,76986
,,,,,,,,4547,14694,1402,1062,2103,241,1297,2324,8790,2773,22730,82563
,,,,,,,,4548,15781,1478,1119,2218,254,1368,2451,9267,2926,24108,87392
,,,,,,,,4549,16646,1527,1156,2290,262,1412,2532,9565,3024,25018,90987
,,,,,,,,4550,17174,1552,1175,2328,266,1435,2575,9717,3076,25741,93279
,,,,,,,,4551,17455,1573,1191,2359,270,1454,2610,9841,3119,26233,94376
,,,,,,,,4552,17665,1594,1207,2390,274,1473,2646,9970,3163,26651,94717
,,,,,,,,4553,17878,1605,1215,2407,276,1483,2666,10034,3188,26957,94056
,,,,,,,,4554,18086,1598,1210,2397,274,1477,2656,9984,3178,26960,92242
,,,,,,,,4555,18305,1577,1194,2365,271,1457,2620,9853,3135,26554,89921
,,,,,,,,4556,18078,1541,1167,2312,265,1425,2559,9641,3059,25763,86996
,,,,,,,,4557,17524,1520,1151,2280,261,1406,2521,9522,3011,25179,84502
,,,,,,,,4558,17337,1530,1158,2295,263,1415,2536,9592,3027,24769,82553
,,,,,,,,4559,16897,1466,1110,2199,252,1357,2429,9197,2898,23119,78291
,,,,,,,,4560,15409,1360,1030,2041,233,1259,2252,8547,2683,21102,72415
,,,,,,,,4561,13754,1266,958,1899,217,1173,2091,7975,2487,19306,67111
,,,,,,,,4562,12483,1185,897,1778,203,1099,1956,7479,2323,18077,63520
,,,,,,,,4563,11630,1134,858,1701,194,1051,1869,7163,2218,17249,61013
,,,,,,,,4564,11101,1103,835,1654,189,1023,1817,6971,2155,16710,59642
,,,,,,,,4565,10797,1096,830,1645,188,1017,1806,6933,2141,16657,59682
,,,,,,,,4566,10857,1117,846,1676,191,1036,1840,7064,2181,17096,61674
,,,,,,,,4567,11281,1178,892,1767,202,1092,1943,7434,2307,18164,65248
,,,,,,,,4568,12606,1291,977,1937,221,1196,2132,8137,2534,19586,69807
,,,,,,,,4569,14159,1382,1047,2074,237,1281,2283,8709,2715,20757,74445
,,,,,,,,4570,15212,1447,1096,2171,248,1341,2391,9114,2844,21953,78556
,,,,,,,,4571,16053,1509,1142,2263,259,1397,2494,9492,2968,22993,82764
,,,,,,,,4572,16756,1553,1175,2329,266,1438,2568,9763,3058,23973,86292
,,,,,,,,4573,17225,1584,1199,2376,272,1466,2621,9955,3122,24708,89529
,,,,,,,,4574,17534,1614,1222,2421,277,1494,2672,10136,3185,25510,92292
,,,,,,,,4575,17884,1643,1244,2464,282,1520,2720,10312,3244,26124,93963
,,,,,,,,4576,18155,1663,1259,2494,285,1539,2755,10431,3287,26523,94584
,,,,,,,,4577,18382,1680,1272,2520,288,1554,2784,10532,3323,27005,95333
,,,,,,,,4578,18555,1669,1264,2504,287,1544,2768,10461,3305,27036,95033
,,,,,,,,4579,18393,1616,1223,2423,277,1495,2678,10130,3196,26333,92304
,,,,,,,,4580,17741,1548,1172,2322,266,1433,2565,9716,3059,25114,88451
,,,,,,,,4581,17043,1494,1131,2241,256,1383,2474,9384,2948,24150,85153
,,,,,,,,4582,16673,1480,1120,2220,254,1370,2448,9304,2915,23498,82545
,,,,,,,,4583,16052,1396,1057,2094,239,1293,2308,8785,2747,21526,77216
,,,,,,,,4584,14452,1281,970,1921,219,1187,2116,8068,2516,19356,70529
,,,,,,,,4585,12838,1181,894,1772,202,1095,1949,7457,2314,17627,64950
,,,,,,,,4586,11668,1110,840,1665,190,1029,1830,7015,2171,16514,61261
,,,,,,,,4587,10939,1066,807,1599,182,989,1756,6742,2082,15765,58776
,,,,,,,,4588,10496,1041,788,1562,178,966,1715,6591,2032,15392,57460
,,,,,,,,4589,10279,1039,787,1559,178,964,1710,6577,2026,15372,57509
,,,,,,,,4590,10369,1061,804,1592,182,985,1747,6719,2070,15931,59778
,,,,,,,,4591,10796,1133,857,1699,194,1050,1867,7155,2216,17102,63440
,,,,,,,,4592,12106,1244,942,1867,213,1153,2054,7846,2441,18697,68464
,,,,,,,,4593,13662,1341,1016,2012,230,1243,2215,8457,2632,20028,73480
,,,,,,,,4594,14726,1419,1074,2128,243,1315,2343,8941,2786,21135,78044
,,,,,,,,4595,15557,1487,1126,2230,255,1377,2457,9362,2923,22268,82509
,,,,,,,,4596,16306,1541,1167,2312,264,1428,2548,9700,3032,23380,86146
,,,,,,,,4597,16805,1576,1193,2364,270,1459,2606,9912,3103,24372,89029
,,,,,,,,4598,17129,1605,1216,2408,275,1486,2656,10092,3164,25275,91118
,,,,,,,,4599,17561,1630,1234,2446,280,1509,2699,10243,3216,26035,92171
,,,,,,,,4600,17931,1653,1251,2479,284,1530,2737,10375,3264,26531,92875
,,,,,,,,4601,18238,1669,1264,2503,286,1544,2766,10468,3300,26833,93127
,,,,,,,,4602,18466,1662,1258,2492,285,1537,2755,10415,3288,26734,92340
,,,,,,,,4603,18278,1602,1213,2402,275,1482,2655,10042,3168,25883,89784
,,,,,,,,4604,17676,1535,1163,2303,263,1421,2543,9636,3033,24698,86091
,,,,,,,,4605,17017,1499,1135,2248,257,1387,2481,9416,2956,24010,82886
,,,,,,,,4606,16733,1489,1127,2233,255,1378,2462,9360,2932,23458,80505
,,,,,,,,4607,16255,1407,1065,2110,241,1303,2325,8854,2767,21618,75376
,,,,,,,,4608,14716,1291,977,1937,221,1196,2132,8134,2535,19520,68929
,,,,,,,,4609,13140,1193,903,1790,204,1106,1968,7534,2337,17810,63478
,,,,,,,,4610,11991,1126,852,1689,193,1044,1856,7116,2201,16588,59621
,,,,,,,,4611,11277,1078,816,1617,185,1000,1776,6820,2105,15833,57212
,,,,,,,,4612,10855,1054,798,1581,180,978,1735,6672,2056,15444,55820
,,,,,,,,4613,10654,1051,796,1577,180,975,1730,6654,2049,15453,56085
,,,,,,,,4614,10757,1080,817,1620,185,1002,1777,6835,2105,16041,58239
,,,,,,,,4615,11244,1157,876,1736,198,1073,1907,7310,2263,17203,61747
,,,,,,,,4616,12584,1272,963,1908,218,1179,2099,8020,2494,18849,66419
,,,,,,,,4617,14193,1382,1047,2074,237,1281,2282,8716,2712,20362,71365
,,,,,,,,4618,15359,1465,1109,2198,251,1358,2420,9235,2876,21771,75887
,,,,,,,,4619,16277,1534,1161,2301,263,1421,2534,9657,3014,23326,80072
,,,,,,,,4620,17124,1593,1206,2389,273,1475,2633,10023,3134,24514,84087
,,,,,,,,4621,17797,1628,1233,2442,279,1508,2693,10239,3206,25431,87452
,,,,,,,,4622,18226,1658,1255,2486,284,1535,2743,10417,3267,26221,90338
,,,,,,,,4623,18604,1684,1275,2526,289,1559,2788,10578,3323,26797,92222
,,,,,,,,4624,18851,1706,1292,2559,293,1579,2825,10704,3370,27204,93586
,,,,,,,,4625,19057,1721,1303,2582,295,1592,2852,10793,3404,27416,94326
,,,,,,,,4626,19288,1709,1294,2563,293,1581,2834,10709,3383,27096,93832
,,,,,,,,4627,19138,1654,1252,2480,284,1530,2742,10365,3273,26022,91144
,,,,,,,,4628,18521,1584,1199,2376,272,1465,2624,9935,3130,24685,87407
,,,,,,,,4629,17803,1531,1159,2297,263,1417,2535,9614,3022,23900,84282
,,,,,,,,4630,17471,1513,1146,2270,260,1401,2504,9512,2982,23236,81882
,,,,,,,,4631,16936,1422,1076,2132,244,1317,2350,8944,2798,21377,76678
,,,,,,,,4632,15363,1303,987,1955,223,1208,2153,8210,2561,19353,70068
,,,,,,,,4633,13721,1199,908,1799,205,1112,1979,7566,2352,17624,64284
,,,,,,,,4634,12525,1131,856,1696,194,1048,1865,7142,2213,16468,60293
,,,,,,,,4635,11750,1082,819,1623,185,1004,1783,6841,2115,15695,57576
,,,,,,,,4636,11257,1052,797,1579,180,976,1733,6658,2055,15299,56151
,,,,,,,,4637,10995,1048,793,1572,179,972,1725,6631,2044,15256,56228
,,,,,,,,4638,11073,1077,815,1615,184,999,1773,6814,2101,15786,58358
,,,,,,,,4639,11566,1153,873,1729,197,1069,1901,7281,2256,16903,61847
,,,,,,,,4640,12972,1275,965,1913,218,1182,2105,8039,2502,18623,66748
,,,,,,,,4641,14600,1389,1052,2084,238,1287,2294,8753,2728,20153,71960
,,,,,,,,4642,15832,1482,1122,2222,254,1373,2448,9330,2911,21563,76765
,,,,,,,,4643,16878,1565,1185,2348,268,1450,2587,9848,3080,22878,81505
,,,,,,,,4644,17918,1636,1239,2454,281,1515,2706,10287,3222,24202,85734
,,,,,,,,4645,18701,1688,1278,2532,290,1563,2793,10608,3328,25330,89206
,,,,,,,,4646,19109,1735,1313,2602,298,1606,2872,10893,3423,26449,92412
,,,,,,,,4647,19572,1764,1335,2645,303,1632,2921,11069,3483,27288,94237
,,,,,,,,4648,19950,1784,1351,2675,306,1650,2956,11186,3527,27932,95367
,,,,,,,,4649,20223,1793,1358,2690,308,1659,2974,11240,3550,28221,96089
,,,,,,,,4650,20414,1774,1343,2661,305,1641,2943,11110,3516,27969,95380
,,,,,,,,4651,20138,1708,1294,2562,293,1580,2833,10701,3384,26849,92812
,,,,,,,,4652,19430,1629,1233,2443,280,1507,2700,10210,3223,25269,88812
,,,,,,,,4653,18551,1582,1198,2373,271,1464,2621,9926,3126,24382,85764
,,,,,,,,4654,18151,1561,1182,2342,268,1445,2585,9807,3081,23677,83565
,,,,,,,,4655,17493,1467,1110,2200,252,1358,2426,9219,2890,21764,78315
,,,,,,,,4656,15858,1351,1023,2027,232,1252,2234,8506,2658,19807,71601
,,,,,,,,4657,14162,1245,942,1867,213,1153,2055,7846,2442,17989,65810
,,,,,,,,4658,12868,1172,888,1759,201,1087,1933,7402,2295,16809,61684
,,,,,,,,4659,12038,1122,850,1684,192,1041,1849,7093,2194,16041,59006
,,,,,,,,4660,11551,1095,829,1643,188,1016,1804,6929,2139,15600,57528
,,,,,,,,4661,11285,1091,826,1637,187,1012,1796,6902,2129,15559,57386
,,,,,,,,4662,11359,1119,847,1679,192,1038,1843,7081,2185,16095,59583
,,,,,,,,4663,11878,1190,901,1785,204,1103,1962,7515,2330,17164,62920
,,,,,,,,4664,13201,1305,988,1957,224,1209,2155,8221,2562,18740,67409
,,,,,,,,4665,14895,1416,1072,2123,243,1311,2339,8913,2782,20174,72183
,,,,,,,,4666,16221,1513,1146,2270,259,1402,2501,9523,2977,21461,76649
,,,,,,,,4667,17386,1600,1212,2400,274,1482,2647,10061,3152,22842,81493
,,,,,,,,4668,18447,1684,1275,2525,289,1559,2786,10579,3319,24204,85553
,,,,,,,,4669,19255,1736,1315,2605,298,1607,2875,10904,3427,25243,88840
,,,,,,,,4670,19837,1766,1337,2649,303,1634,2925,11082,3489,26033,91095
,,,,,,,,4671,20332,1773,1342,2659,304,1640,2938,11117,3506,26487,92251
,,,,,,,,4672,20554,1772,1342,2658,304,1639,2939,11103,3509,26741,92004
,,,,,,,,4673,20586,1764,1336,2646,303,1631,2928,11044,3498,26804,91693
,,,,,,,,4674,20488,1728,1308,2591,297,1597,2869,10804,3431,26240,90004
,,,,,,,,4675,19937,1656,1254,2484,284,1531,2749,10362,3286,25199,86578
,,,,,,,,4676,18982,1594,1207,2391,274,1474,2645,9982,3160,24186,82723
,,,,,,,,4677,18185,1568,1187,2352,269,1450,2599,9826,3103,23735,80164
,,,,,,,,4678,17902,1550,1173,2325,266,1434,2567,9725,3062,23081,78425
,,,,,,,,4679,17318,1474,1116,2211,253,1364,2440,9259,2908,21547,74196
,,,,,,,,4680,15881,1378,1043,2067,236,1276,2279,8665,2714,19833,68596
,,,,,,,,4681,14381,1287,974,1930,221,1192,2126,8100,2530,18308,63513
,,,,,,,,4682,13147,1218,922,1828,209,1129,2011,7682,2390,17137,59686
,,,,,,,,4683,12378,1173,888,1760,201,1087,1935,7404,2298,16349,57240
,,,,,,,,4684,11875,1140,863,1711,195,1057,1880,7204,2230,15812,55699
,,,,,,,,4685,11575,1117,845,1675,191,1036,1839,7061,2181,15410,54920
,,,,,,,,4686,11516,1106,837,1659,189,1025,1821,6991,2160,15447,55414
,,,,,,,,4687,11662,1106,837,1659,189,1025,1823,6983,2164,15584,56258
,,,,,,,,4688,12144,1159,877,1738,199,1073,1915,7294,2278,16324,58729
,,,,,,,,4689,13150,1259,953,1889,216,1166,2083,7916,2481,17569,63173
,,,,,,,,4690,14472,1357,1027,2035,233,1256,2247,8516,2680,18873,68356
,,,,,,,,4691,15634,1430,1083,2145,245,1323,2371,8967,2829,19865,73221
,,,,,,,,4692,16529,1491,1129,2236,256,1379,2472,9344,2951,20643,77101
,,,,,,,,4693,17244,1538,1165,2307,264,1423,2551,9634,3048,21298,79971
,,,,,,,,4694,17762,1566,1185,2348,269,1448,2598,9799,3105,21576,81620
,,,,,,,,4695,18187,1586,1201,2378,272,1466,2633,9916,3148,21770,82835
,,,,,,,,4696,18594,1590,1204,2384,273,1469,2641,9936,3159,21897,83406
,,,,,,,,4697,18920,1589,1203,2383,273,1468,2640,9924,3160,22166,83624
,,,,,,,,4698,19103,1575,1193,2363,271,1456,2620,9834,3137,22208,82566
,,,,,,,,4699,19192,1547,1172,2321,266,1430,2572,9664,3079,21987,80972
,,,,,,,,4700,18866,1504,1138,2255,258,1390,2498,9400,2987,21542,79103
,,,,,,,,4701,18200,1475,1117,2213,253,1364,2448,9235,2925,21293,77580
,,,,,,,,4702,17897,1479,1120,2218,254,1368,2453,9266,2929,21157,76357
,,,,,,,,4703,17452,1419,1074,2128,243,1313,2352,8895,2807,20101,72718
,,,,,,,,4704,16118,1337,1013,2006,229,1238,2214,8400,2639,18744,67644
,,,,,,,,4705,14633,1260,954,1890,216,1167,2082,7932,2478,17432,62769
,,,,,,,,4706,13389,1193,903,1790,204,1106,1970,7521,2341,16360,59080
,,,,,,,,4707,12528,1146,868,1719,196,1062,1891,7233,2246,15693,56741
,,,,,,,,4708,11957,1115,844,1672,191,1033,1837,7040,2181,15259,55107
,,,,,,,,4709,11561,1098,832,1648,188,1019,1809,6945,2146,15068,54231
,,,,,,,,4710,11357,1092,827,1639,187,1013,1799,6909,2134,15071,54240
,,,,,,,,4711,11198,1088,823,1632,186,1009,1793,6872,2128,15182,54531
,,,,,,,,4712,11526,1129,855,1693,193,1046,1865,7110,2219,16027,57053
,,,,,,,,4713,12638,1206,913,1809,207,1117,1994,7584,2374,17422,62386
,,,,,,,,4714,14143,1294,979,1940,222,1197,2142,8123,2553,19240,68451
,,,,,,,,4715,15607,1386,1049,2079,238,1282,2296,8694,2739,21227,74417
,,,,,,,,4716,16900,1474,1116,2211,253,1364,2442,9244,2914,22813,79995
,,,,,,,,4717,17945,1530,1159,2295,263,1415,2537,9590,3029,24251,84066
,,,,,,,,4718,18513,1542,1168,2314,265,1427,2558,9661,3056,25080,87278
,,,,,,,,4719,18605,1556,1178,2334,267,1439,2582,9739,3086,25798,89399
,,,,,,,,4720,18628,1561,1182,2342,268,1443,2592,9766,3099,25901,90810
,,,,,,,,4721,18648,1560,1181,2340,268,1442,2592,9754,3100,25940,91739
,,,,,,,,4722,18610,1563,1183,2344,268,1444,2597,9761,3109,25879,91225
,,,,,,,,4723,18660,1551,1174,2326,266,1433,2578,9689,3085,25558,89837
,,,,,,,,4724,18390,1522,1152,2282,261,1407,2527,9515,3022,24812,87369
,,,,,,,,4725,18121,1515,1147,2273,260,1402,2514,9491,3003,24432,85008
,,,,,,,,4726,18169,1510,1144,2266,259,1397,2504,9467,2989,23372,83244
,,,,,,,,4727,17489,1426,1080,2139,245,1320,2363,8947,2820,21490,78685
,,,,,,,,4728,16093,1326,1004,1989,227,1228,2194,8333,2615,19570,72680
,,,,,,,,4729,14604,1235,935,1852,212,1144,2041,7770,2430,17955,67504
,,,,,,,,4730,13583,1176,890,1764,201,1090,1942,7412,2308,16944,63539
,,,,,,,,4731,12926,1136,860,1704,194,1053,1873,7166,2225,16266,61125
,,,,,,,,4732,12523,1114,843,1671,191,1033,1836,7036,2179,15945,59702
,,,,,,,,4733,12320,1118,846,1676,191,1036,1841,7064,2184,15995,60048
,,,,,,,,4734,12448,1153,873,1729,197,1069,1899,7289,2253,16682,62493
,,,,,,,,4735,13069,1231,932,1846,211,1141,2030,7764,2411,17908,66508
,,,,,,,,4736,14486,1361,1030,2041,233,1261,2248,8570,2674,19881,72458
,,,,,,,,4737,16299,1482,1122,2222,254,1372,2450,9320,2916,21666,78857
,,,,,,,,4738,17674,1576,1193,2364,270,1459,2607,9904,3105,23275,84791
,,,,,,,,4739,18783,1662,1259,2493,285,1539,2752,10438,3281,24902,91090
,,,,,,,,4740,19811,1739,1317,2608,298,1609,2880,10913,3434,26471,96501
,,,,,,,,4741,20596,1790,1356,2685,307,1657,2966,11229,3539,27650,100284
,,,,,,,,4742,21189,1833,1388,2750,315,1696,3039,11491,3627,28625,103382
,,,,,,,,4743,21701,1859,1408,2788,319,1720,3083,11646,3682,29243,105271
,,,,,,,,4744,21870,1880,1423,2820,323,1738,3120,11766,3728,29796,106271
,,,,,,,,4745,21969,1898,1437,2847,326,1754,3151,11869,3768,30153,107056
,,,,,,,,4746,21966,1889,1430,2833,325,1746,3139,11801,3756,30212,106390
,,,,,,,,4747,21689,1837,1391,2755,316,1698,3051,11482,3650,29632,104530
,,,,,,,,4748,21065,1775,1344,2663,305,1641,2947,11107,3523,28471,101147
,,,,,,,,4749,20410,1736,1314,2603,298,1605,2879,10872,3438,27684,97484
,,,,,,,,4750,20157,1717,1300,2575,295,1588,2845,10765,3395,26659,94403
,,,,,,,,4751,19334,1620,1226,2429,278,1499,2683,10164,3200,24350,88582
,,,,,,,,4752,17485,1478,1119,2216,253,1368,2445,9283,2914,22017,81003
,,,,,,,,4753,15643,1359,1029,2039,233,1259,2248,8549,2677,19961,74376
,,,,,,,,4754,14345,1275,966,1913,219,1181,2107,8029,2507,18540,69916
,,,,,,,,4755,13507,1218,922,1827,209,1129,2011,7680,2390,17531,66724
,,,,,,,,4756,12981,1187,898,1780,203,1100,1957,7490,2324,16956,64979
,,,,,,,,4757,12663,1180,894,1771,202,1095,1946,7456,2310,16817,64622
,,,,,,,,4758,12727,1209,915,1814,207,1121,1993,7637,2365,17318,66696
,,,,,,,,4759,13286,1281,970,1922,219,1187,2115,8077,2513,18460,70366
,,,,,,,,4760,14760,1407,1065,2110,241,1303,2325,8854,2767,20430,76124
,,,,,,,,4761,16615,1527,1156,2291,262,1414,2527,9600,3010,22263,82931
,,,,,,,,4762,18065,1637,1239,2456,281,1515,2710,10284,3229,24244,89594
,,,,,,,,4763,19357,1734,1313,2600,298,1604,2872,10879,3425,26174,96301
,,,,,,,,4764,20498,1820,1378,2729,312,1684,3015,11413,3597,27897,101829
,,,,,,,,4765,21282,1877,1421,2815,322,1736,3112,11766,3714,29215,105954
,,,,,,,,4766,21799,1920,1454,2880,330,1776,3185,12029,3803,30223,108528
,,,,,,,,4767,22273,1950,1476,2924,335,1803,3235,12206,3865,30942,109509
,,,,,,,,4768,22630,1967,1489,2951,338,1819,3266,12305,3904,31548,109767
,,,,,,,,4769,22900,1988,1505,2981,341,1837,3302,12422,3950,32000,110164
,,,,,,,,4770,23061,1981,1500,2971,340,1830,3292,12366,3941,32152,109569
,,,,,,,,4771,22784,1939,1468,2908,333,1792,3222,12112,3855,31631,107535
,,,,,,,,4772,22132,1882,1425,2824,323,1740,3126,11773,3737,30534,104435
,,,,,,,,4773,21449,1851,1401,2776,318,1712,3070,11591,3667,29821,102101
,,,,,,,,4774,21075,1832,1387,2749,315,1695,3037,11490,3624,28968,99492
,,,,,,,,4775,20283,1728,1308,2592,297,1599,2863,10843,3415,26748,93041
,,,,,,,,4776,18538,1595,1207,2392,274,1476,2640,10014,3147,24499,85648
,,,,,,,,4777,16786,1477,1118,2215,253,1367,2444,9279,2913,22486,79140
,,,,,,,,4778,15571,1398,1058,2097,240,1294,2312,8792,2753,21135,74524
,,,,,,,,4779,14831,1346,1019,2019,231,1247,2224,8474,2646,20162,71088
,,,,,,,,4780,14361,1311,993,1967,225,1215,2165,8266,2574,19561,68859
,,,,,,,,4781,14073,1302,986,1954,223,1207,2149,8216,2553,19439,68557
,,,,,,,,4782,14106,1329,1006,1994,228,1232,2193,8385,2606,19942,70474
,,,,,,,,4783,14630,1402,1061,2102,240,1298,2316,8824,2756,21164,74073
,,,,,,,,4784,15980,1525,1155,2288,262,1412,2524,9583,3007,23119,79385
,,,,,,,,4785,17869,1629,1233,2443,279,1507,2697,10221,3217,25011,85374
,,,,,,,,4786,19174,1717,1300,2575,295,1589,2845,10768,3394,27054,91183
,,,,,,,,4787,20232,1814,1374,2721,311,1678,3008,11370,3591,29151,97178
,,,,,,,,4788,21337,1899,1437,2848,326,1756,3148,11896,3759,30992,102218
,,,,,,,,4789,22189,1954,1479,2930,335,1807,3241,12234,3871,32308,105894
,,,,,,,,4790,22695,1969,1491,2953,338,1821,3268,12324,3905,33141,107920
,,,,,,,,4791,22725,1948,1475,2922,335,1801,3235,12184,3868,33038,107819
,,,,,,,,4792,22275,1903,1441,2854,327,1758,3162,11886,3783,31976,105847
,,,,,,,,4793,21281,1851,1402,2776,318,1710,3078,11554,3686,30548,103332
,,,,,,,,4794,20458,1792,1357,2688,308,1655,2981,11175,3572,29011,100832
,,,,,,,,4795,20049,1726,1307,2588,296,1594,2870,10767,3438,27669,98145
,,,,,,,,4796,19446,1673,1266,2509,287,1545,2781,10442,3329,26643,94713
,,,,,,,,4797,18948,1629,1234,2444,280,1506,2707,10184,3238,26126,92115
,,,,,,,,4798,18816,1612,1221,2418,277,1491,2675,10091,3197,25384,89512
,,,,,,,,4799,18192,1517,1148,2275,260,1403,2515,9502,3004,23396,83658
,,,,,,,,4800,16623,1393,1055,2089,239,1289,2309,8733,2755,21359,76579
,,,,,,,,4801,15088,1300,984,1950,223,1204,2148,8186,2556,19637,70862
,,,,,,,,4802,13851,1228,930,1842,210,1138,2027,7744,2409,18473,66910
,,,,,,,,4803,12957,1181,894,1772,202,1095,1948,7456,2314,17709,64319
,,,,,,,,4804,12394,1154,873,1731,198,1070,1902,7287,2258,17311,62632
,,,,,,,,4805,12049,1153,873,1730,197,1069,1900,7287,2254,17288,62755
,,,,,,,,4806,12053,1184,897,1777,203,1099,1952,7487,2315,17979,65130
,,,,,,,,4807,12525,1247,944,1871,214,1156,2057,7867,2444,19178,69205
,,,,,,,,4808,13613,1341,1015,2011,230,1242,2214,8447,2632,20691,74098
,,,,,,,,4809,14896,1418,1073,2127,243,1314,2341,8932,2784,21908,78696
,,,,,,,,4810,15593,1469,1112,2204,252,1361,2428,9250,2888,22868,82821
,,,,,,,,4811,16112,1504,1139,2257,258,1393,2487,9464,2961,23699,87210
,,,,,,,,4812,16615,1529,1158,2294,262,1416,2529,9614,3012,24252,90892
,,,,,,,,4813,16980,1539,1165,2308,264,1425,2545,9672,3032,24527,93664
,,,,,,,,4814,17185,1550,1174,2325,266,1435,2565,9741,3056,24689,95839
,,,,,,,,4815,17485,1548,1172,2322,266,1433,2563,9723,3054,24580,97412
,,,,,,,,4816,17661,1538,1164,2307,264,1423,2547,9653,3037,24420,98455
,,,,,,,,4817,17873,1533,1160,2299,263,1418,2539,9615,3029,24318,98764
,,,,,,,,4818,18072,1516,1148,2274,260,1402,2512,9505,2998,24079,97737
,,,,,,,,4819,17928,1468,1111,2202,252,1358,2432,9206,2902,23223,94704
,,,,,,,,4820,17284,1423,1077,2134,244,1317,2356,8929,2810,22567,90629
,,,,,,,,4821,16651,1412,1069,2118,242,1307,2336,8870,2784,22482,88076
,,,,,,,,4822,16545,1397,1058,2095,239,1294,2309,8790,2749,21967,85513
,,,,,,,,4823,15968,1319,999,1979,226,1222,2179,8311,2592,20472,79766
,,,,,,,,4824,14546,1223,926,1834,209,1133,2018,7710,2399,18791,73342
,,,,,,,,4825,13088,1147,868,1720,196,1064,1889,7250,2240,17364,67898
,,,,,,,,4826,11992,1088,824,1633,186,1010,1792,6887,2124,16512,64267
,,,,,,,,4827,11337,1051,795,1576,180,975,1729,6654,2048,15871,61741
,,,,,,,,4828,10940,1030,780,1546,176,956,1695,6528,2007,15582,60386
,,,,,,,,4829,10766,1030,780,1545,176,956,1694,6526,2006,15617,60543
,,,,,,,,4830,10896,1062,804,1594,182,986,1747,6730,2069,16302,62921
,,,,,,,,4831,11474,1129,855,1694,193,1047,1860,7139,2205,17427,66513
,,,,,,,,4832,12615,1218,922,1827,209,1129,2008,7692,2384,18593,70320
,,,,,,,,4833,13911,1292,978,1938,221,1198,2130,8157,2528,19499,73830
,,,,,,,,4834,14734,1340,1014,2010,230,1242,2209,8463,2622,20176,76781
,,,,,,,,4835,15207,1373,1039,2059,235,1273,2263,8666,2687,20699,79413
,,,,,,,,4836,15530,1383,1047,2074,237,1282,2281,8725,2709,20895,81450
,,,,,,,,4837,15610,1376,1042,2064,236,1275,2270,8679,2697,20744,82714
,,,,,,,,4838,15519,1365,1034,2048,234,1265,2253,8609,2678,20536,83525
,,,,,,,,4839,15519,1348,1021,2022,231,1249,2226,8497,2646,20158,83782
,,,,,,,,4840,15429,1328,1006,1993,228,1231,2195,8367,2611,19796,83725
,,,,,,,,4841,15268,1317,997,1976,226,1220,2177,8288,2591,19505,83484
,,,,,,,,4842,15207,1302,986,1954,223,1206,2154,8191,2564,19224,82126
,,,,,,,,4843,14949,1264,957,1896,217,1171,2090,7952,2489,18669,79294
,,,,,,,,4844,14450,1232,932,1848,211,1141,2036,7753,2422,18172,76172
,,,,,,,,4845,14143,1224,927,1836,210,1134,2021,7712,2404,18168,74172
,,,,,,,,4846,14243,1219,923,1829,209,1130,2012,7690,2390,17827,72437
,,,,,,,,4847,13868,1157,876,1736,198,1073,1909,7305,2266,16781,68450
,,,,,,,,4848,12775,1079,817,1618,185,1000,1777,6818,2108,15543,63487
,,,,,,,,4849,11614,1007,762,1510,172,934,1659,6365,1967,14431,58870
,,,,,,,,4850,10643,953,721,1429,163,884,1568,6032,1857,13727,55522
,,,,,,,,4851,10028,919,696,1379,157,853,1512,5825,1790,13218,53265
,,,,,,,,4852,9642,896,678,1344,153,831,1473,5678,1744,12971,51970
,,,,,,,,4853,9419,886,670,1329,151,822,1456,5616,1723,12895,51460
,,,,,,,,4854,9385,890,674,1336,152,826,1464,5643,1734,13055,51956
,,,,,,,,4855,9472,906,686,1360,155,841,1491,5740,1767,13274,52669
,,,,,,,,4856,9950,963,729,1445,165,893,1588,6086,1885,13966,55024
,,,,,,,,4857,10989,1050,795,1575,180,974,1732,6629,2057,15055,59349
,,,,,,,,4858,12214,1132,857,1698,194,1049,1869,7137,2222,16108,64006
,,,,,,,,4859,13147,1192,902,1788,204,1104,1969,7509,2342,16868,67767
,,,,,,,,4860,13744,1235,935,1853,212,1144,2042,7778,2430,17420,70666
,,,,,,,,4861,14123,1261,954,1891,216,1167,2085,7929,2482,17810,72764
,,,,,,,,4862,14287,1271,962,1906,218,1176,2102,7986,2504,18046,74143
,,,,,,,,4863,14369,1278,967,1917,219,1183,2115,8026,2521,18235,75335
,,,,,,,,4864,14461,1287,974,1930,221,1191,2131,8078,2541,18409,76238
,,,,,,,,4865,14599,1301,985,1952,223,1204,2156,8162,2573,18733,76700
,,,,,,,,4866,14749,1299,984,1949,223,1202,2154,8145,2571,18762,76386
,,,,,,,,4867,14882,1285,973,1928,221,1189,2131,8056,2545,18544,75157
,,,,,,,,4868,14716,1254,950,1881,215,1161,2078,7870,2479,18129,73689
,,,,,,,,4869,14237,1239,938,1859,212,1147,2050,7787,2443,18195,72351
,,,,,,,,4870,14175,1245,942,1867,213,1153,2058,7831,2449,18146,71316
,,,,,,,,4871,13839,1194,904,1792,205,1106,1973,7521,2348,17222,67889
,,,,,,,,4872,12791,1123,850,1685,192,1041,1854,7085,2202,15993,63233
,,,,,,,,4873,11631,1049,794,1574,180,973,1730,6626,2053,14808,58710
,,,,,,,,4874,10682,997,754,1495,171,925,1641,6307,1944,13983,55277
,,,,,,,,4875,10084,959,726,1439,164,890,1578,6073,1869,13405,53078
,,,,,,,,4876,9691,932,706,1398,159,865,1533,5906,1815,13098,51484
,,,,,,,,4877,9441,916,693,1374,157,850,1506,5804,1783,12897,50715
,,,,,,,,4878,9362,911,689,1366,156,845,1498,5772,1773,12871,50645
,,,,,,,,4879,9282,909,688,1364,156,844,1496,5756,1773,12849,50727
,,,,,,,,4880,9564,957,725,1436,164,887,1578,6046,1873,13556,52887
,,,,,,,,4881,10437,1040,787,1560,178,964,1716,6565,2038,14721,57472
,,,,,,,,4882,11634,1130,855,1695,194,1047,1866,7123,2218,16020,62713
,,,,,,,,4883,12709,1213,918,1820,208,1124,2005,7640,2384,17213,67593
,,,,,,,,4884,13596,1277,967,1916,219,1183,2112,8039,2513,18322,71630
,,,,,,,,4885,14316,1326,1004,1989,227,1228,2194,8338,2613,19239,75126
,,,,,,,,4886,14791,1357,1027,2035,233,1256,2246,8524,2676,19905,77767
,,,,,,,,4887,15069,1378,1043,2066,236,1275,2281,8648,2720,20522,79982
,,,,,,,,4888,15324,1392,1054,2088,239,1288,2306,8735,2751,21127,81704
,,,,,,,,4889,15599,1404,1063,2105,241,1298,2327,8799,2777,21728,83735
,,,,,,,,4890,15907,1403,1062,2105,241,1298,2327,8790,2780,22076,85020
,,,,,,,,4891,16169,1389,1051,2083,238,1284,2304,8697,2752,21925,85066
,,,,,,,,4892,16022,1357,1028,2036,233,1256,2250,8512,2685,21299,83390
,,,,,,,,4893,15589,1357,1028,2036,233,1257,2247,8528,2677,21059,81498
,,,,,,,,4894,15597,1372,1039,2059,235,1271,2269,8634,2702,20835,80297
,,,,,,,,4895,15189,1317,997,1975,226,1220,2176,8291,2589,19560,76147
,,,,,,,,4896,13969,1232,933,1848,211,1142,2033,7768,2416,17976,70510
,,,,,,,,4897,12602,1143,865,1715,196,1059,1887,7210,2242,15965,65355
,,,,,,,,4898,11640,1095,829,1642,187,1015,1804,6916,2141,15053,61941
,,,,,,,,4899,11026,1059,802,1588,181,982,1744,6696,2068,14436,59974
,,,,,,,,4900,10685,1039,787,1559,178,964,1711,6575,2027,14457,59024
,,,,,,,,4901,10568,1044,791,1567,179,969,1719,6610,2037,14899,59449
,,,,,,,,4902,10801,1092,827,1638,187,1013,1798,6913,2131,15702,62364
,,,,,,,,4903,11511,1170,886,1755,200,1085,1929,7390,2290,16950,66728
,,,,,,,,4904,12784,1286,974,1930,220,1192,2124,8110,2524,18605,71655
,,,,,,,,4905,14244,1395,1057,2093,239,1293,2305,8790,2742,20277,76964
,,,,,,,,4906,15295,1496,1133,2244,257,1386,2473,9419,2942,21929,82053
,,,,,,,,4907,16111,1582,1198,2373,271,1465,2616,9948,3115,23663,87732
,,,,,,,,4908,16888,1653,1251,2479,283,1530,2734,10388,3257,25289,92586
,,,,,,,,4909,17472,1709,1294,2563,293,1582,2828,10734,3370,26636,96232
,,,,,,,,4910,17860,1760,1333,2641,302,1629,2916,11049,3477,27640,99096
,,,,,,,,4911,18457,1772,1342,2659,304,1640,2937,11116,3505,28089,101020
,,,,,,,,4912,18991,1762,1334,2644,303,1630,2923,11042,3490,28261,102855
,,,,,,,,4913,19402,1757,1330,2635,302,1624,2915,10996,3483,28362,103987
,,,,,,,,4914,19667,1747,1323,2621,300,1615,2902,10928,3470,28077,103708
,,,,,,,,4915,19473,1705,1291,2557,293,1576,2830,10664,3383,27185,101419
,,,,,,,,4916,18884,1654,1252,2481,284,1529,2744,10356,3277,26169,98064
,,,,,,,,4917,18394,1642,1243,2463,282,1519,2722,10293,3249,25675,95202
,,,,,,,,4918,18436,1604,1214,2405,275,1484,2656,10064,3168,24659,92839
,,,,,,,,4919,17719,1499,1135,2249,257,1388,2481,9418,2957,22574,86970
,,,,,,,,4920,16163,1378,1043,2067,236,1276,2278,8666,2713,20551,80138
,,,,,,,,4921,14556,1267,959,1900,217,1173,2094,7973,2492,18727,74187
,,,,,,,,4922,13412,1199,908,1799,205,1111,1980,7554,2355,17638,70043
,,,,,,,,4923,12699,1155,874,1732,198,1070,1905,7282,2264,16954,67265
,,,,,,,,4924,12259,1130,856,1696,194,1048,1864,7136,2213,16563,65691
,,,,,,,,4925,12077,1130,855,1695,193,1048,1863,7137,2211,16629,65852
,,,,,,,,4926,12199,1168,884,1752,200,1083,1925,7379,2285,17303,68236
,,,,,,,,4927,12780,1243,941,1864,213,1152,2052,7836,2438,18552,72132
,,,,,,,,4928,14000,1367,1035,2050,234,1266,2259,8603,2688,20494,76795
,,,,,,,,4929,15609,1485,1124,2227,255,1375,2456,9335,2925,22379,81353
,,,,,,,,4930,16948,1586,1201,2379,272,1468,2624,9965,3127,24251,85472
,,,,,,,,4931,18080,1668,1263,2501,286,1543,2762,10468,3293,26106,89457
,,,,,,,,4932,19110,1735,1313,2602,298,1605,2873,10883,3428,27674,92620
,,,,,,,,4933,19756,1776,1345,2664,305,1643,2944,11137,3513,28752,94473
,,,,,,,,4934,20300,1808,1369,2712,310,1673,2998,11330,3579,29488,95954
,,,,,,,,4935,20771,1831,1387,2747,314,1694,3038,11468,3629,29903,96717
,,,,,,,,4936,21008,1844,1396,2765,317,1705,3060,11536,3657,30200,97147
,,,,,,,,4937,20911,1845,1397,2767,317,1705,3063,11535,3663,30405,97052
,,,,,,,,4938,20606,1823,1380,2735,313,1685,3030,11389,3626,30239,95602
,,,,,,,,4939,20067,1752,1326,2627,301,1619,2910,10945,3482,29211,92672
,,,,,,,,4940,19230,1660,1257,2490,285,1535,2756,10386,3295,27772,89357
,,,,,,,,4941,18487,1612,1220,2418,277,1491,2674,10094,3193,26791,86425
,,,,,,,,4942,18169,1578,1195,2366,271,1460,2615,9892,3121,25733,84153
,,,,,,,,4943,17176,1467,1111,2201,252,1358,2431,9207,2900,23530,78658
,,,,,,,,4944,15376,1335,1010,2002,229,1235,2209,8382,2633,21030,71965
,,,,,,,,4945,13676,1225,928,1838,210,1136,2023,7725,2405,18972,66286
,,,,,,,,4946,12345,1141,864,1711,195,1058,1882,7200,2235,17456,62163
,,,,,,,,4947,11481,1079,817,1619,185,1001,1779,6818,2111,16325,59470
,,,,,,,,4948,10953,1041,788,1561,178,965,1714,6580,2033,15591,57932
,,,,,,,,4949,10663,1030,779,1545,176,955,1696,6514,2010,15319,57930
,,,,,,,,4950,10729,1053,797,1580,180,977,1734,6661,2055,15725,59945
,,,,,,,,4951,11229,1111,841,1667,190,1030,1833,7017,2176,16595,63360
,,,,,,,,4952,12405,1222,925,1834,209,1133,2018,7706,2399,18120,68007
,,,,,,,,4953,13880,1317,997,1976,226,1221,2175,8303,2586,19477,72865
,,,,,,,,4954,14872,1390,1052,2084,238,1287,2295,8755,2729,20536,77400
,,,,,,,,4955,15572,1449,1097,2173,248,1342,2394,9120,2849,21542,81991
,,,,,,,,4956,16138,1492,1129,2237,256,1381,2466,9385,2935,22436,86215
,,,,,,,,4957,16490,1519,1150,2279,261,1407,2512,9554,2992,23090,90004
,,,,,,,,4958,16707,1551,1174,2326,266,1436,2566,9748,3057,23970,93811
,,,,,,,,4959,17053,1585,1200,2377,272,1467,2623,9955,3126,24764,96881
,,,,,,,,4960,17407,1614,1222,2421,277,1494,2673,10132,3187,25561,99627
,,,,,,,,4961,17756,1637,1240,2456,281,1515,2713,10272,3236,26338,101852
,,,,,,,,4962,18045,1641,1243,2462,282,1519,2721,10290,3248,26664,102379
,,,,,,,,4963,17940,1586,1201,2379,272,1467,2628,9944,3136,26027,100408
,,,,,,,,4964,17327,1519,1150,2279,261,1406,2516,9534,3001,24743,96735
,,,,,,,,4965,16693,1498,1134,2246,257,1386,2479,9408,2954,23906,93421
,,,,,,,,4966,16701,1487,1126,2230,255,1377,2459,9349,2928,23071,90884
,,,,,,,,4967,16037,1399,1059,2099,240,1296,2312,8805,2752,21138,85214
,,,,,,,,4968,14559,1289,976,1933,221,1194,2128,8121,2530,19067,78532
,,,,,,,,4969,13063,1197,906,1795,205,1109,1975,7549,2346,17321,72760
,,,,,,,,4970,12007,1133,858,1700,194,1051,1868,7159,2217,16242,68814
,,,,,,,,4971,11350,1091,826,1637,187,1012,1798,6901,2132,15556,66332
,,,,,,,,4972,10968,1067,808,1601,183,990,1757,6753,2083,15190,64944
,,,,,,,,4973,10812,1063,805,1595,182,986,1750,6728,2074,15203,64727
,,,,,,,,4974,10977,1106,837,1659,189,1026,1820,6998,2157,15941,66735
,,,,,,,,4975,11698,1181,894,1772,202,1095,1947,7460,2311,17158,70554
,,,,,,,,4976,12994,1280,969,1920,219,1186,2113,8071,2512,18789,75341
,,,,,,,,4977,14380,1376,1042,2065,236,1275,2274,8670,2704,20324,80413
,,,,,,,,4978,15282,1454,1101,2181,249,1347,2402,9153,2858,21552,85145
,,,,,,,,4979,15913,1491,1129,2236,256,1381,2465,9377,2935,22567,89829
,,,,,,,,4980,16396,1544,1169,2316,265,1430,2554,9706,3043,23759,94559
,,,,,,,,4981,16664,1600,1212,2400,274,1481,2648,10054,3156,24968,98269
,,,,,,,,4982,16879,1663,1259,2495,285,1540,2754,10443,3284,26457,101757
,,,,,,,,4983,17359,1714,1297,2570,294,1586,2839,10751,3386,27935,103955
,,,,,,,,4984,17835,1764,1336,2646,303,1632,2924,11057,3491,29301,105087
,,,,,,,,4985,18321,1787,1353,2681,307,1653,2965,11196,3541,30240,104694
,,,,,,,,4986,18764,1785,1351,2677,306,1650,2962,11168,3540,30444,103452
,,,,,,,,4987,18902,1724,1306,2586,296,1595,2861,10795,3418,29552,100142
,,,,,,,,4988,18568,1657,1255,2486,284,1533,2748,10383,3282,27878,95491
,,,,,,,,4989,18278,1585,1200,2377,272,1466,2626,9937,3133,26037,92402
,,,,,,,,4990,18106,1535,1162,2302,263,1420,2541,9637,3029,24589,89309
,,,,,,,,4991,17180,1441,1091,2162,247,1334,2385,9059,2841,22440,83040
,,,,,,,,4992,15678,1334,1010,2001,229,1235,2205,8395,2624,20376,76079
,,,,,,,,4993,14183,1239,938,1858,212,1148,2045,7806,2432,18710,70339
,,,,,,,,4994,13082,1177,891,1765,202,1091,1941,7428,2305,17548,66242
,,,,,,,,4995,12350,1130,856,1696,194,1048,1863,7141,2211,16802,63456
,,,,,,,,4996,11882,1107,838,1661,190,1027,1824,6999,2163,16358,61879
,,,,,,,,4997,11651,1107,838,1661,190,1027,1824,7005,2162,16372,61910
,,,,,,,,4998,11784,1144,866,1716,196,1061,1884,7237,2233,17031,64063
,,,,,,,,4999,12485,1214,919,1821,208,1125,2002,7663,2377,18191,67738
,,,,,,,,5000,13686,1320,999,1980,226,1223,2180,8319,2592,19782,72182
,,,,,,,,5001,15014,1417,1073,2126,243,1313,2343,8922,2787,21380,77448
,,,,,,,,5002,15964,1500,1136,2251,257,1390,2481,9439,2953,23006,82462
,,,,,,,,5003,16763,1580,1196,2370,271,1463,2615,9932,3115,24530,87231
,,,,,,,,5004,17453,1644,1245,2466,282,1522,2721,10327,3243,26025,91556
,,,,,,,,5005,17959,1694,1283,2541,291,1568,2805,10637,3344,27126,94904
,,,,,,,,5006,18273,1719,1302,2579,295,1591,2848,10788,3398,27769,97357
,,,,,,,,5007,18501,1724,1306,2587,296,1595,2858,10813,3411,28172,98581
,,,,,,,,5008,18547,1742,1319,2613,299,1612,2889,10917,3450,28647,99390
,,,,,,,,5009,18506,1759,1332,2638,302,1626,2918,11011,3486,29039,99355
,,,,,,,,5010,18439,1750,1325,2625,301,1618,2905,10947,3473,29019,97289
,,,,,,,,5011,18170,1699,1287,2549,292,1571,2820,10637,3370,28189,92792
,,,,,,,,5012,17596,1640,1241,2459,281,1516,2719,10271,3247,26902,87922
,,,,,,,,5013,17056,1598,1210,2397,274,1478,2648,10020,3160,26133,84371
,,,,,,,,5014,16859,1572,1190,2357,270,1455,2602,9866,3103,25261,81829
,,,,,,,,5015,16312,1494,1131,2240,256,1383,2472,9385,2945,23386,76626
,,,,,,,,5016,15066,1386,1049,2079,238,1283,2291,8719,2727,21442,70167
,,,,,,,,5017,13719,1286,974,1929,220,1191,2124,8100,2526,19733,65039
,,,,,,,,5018,12551,1216,921,1825,208,1128,2006,7680,2381,18381,60748
,,,,,,,,5019,11764,1163,881,1745,199,1079,1917,7351,2274,17449,57961
,,,,,,,,5020,11245,1127,853,1690,193,1045,1856,7126,2200,16826,56104
,,,,,,,,5021,10927,1108,839,1662,190,1028,1824,7013,2162,16493,55232
,,,,,,,,5022,10854,1107,838,1660,189,1027,1822,7001,2160,16503,55498
,,,,,,,,5023,10971,1116,845,1675,191,1035,1840,7058,2182,16630,56385
,,,,,,,,5024,11370,1162,880,1744,199,1077,1919,7328,2281,17594,59476
,,,,,,,,5025,12393,1242,940,1863,213,1151,2052,7822,2442,19294,64780
,,,,,,,,5026,13703,1314,995,1971,225,1217,2174,8260,2590,21023,70352
,,,,,,,,5027,14872,1365,1034,2048,234,1263,2260,8571,2695,22516,75350
,,,,,,,,5028,15722,1404,1063,2106,241,1299,2325,8812,2773,23662,79288
,,,,,,,,5029,16184,1423,1077,2134,244,1316,2357,8922,2813,24176,81880
,,,,,,,,5030,16340,1427,1080,2140,245,1320,2365,8941,2824,24246,83797
,,,,,,,,5031,16333,1415,1072,2123,243,1309,2348,8867,2804,24166,85196
,,,,,,,,5032,16215,1405,1064,2107,241,1299,2330,8795,2784,23938,86266
,,,,,,,,5033,15845,1396,1057,2094,240,1291,2318,8738,2770,23572,86820
,,,,,,,,5034,15487,1374,1040,2060,236,1270,2281,8595,2726,23055,86218
,,,,,,,,5035,15394,1348,1021,2022,231,1247,2238,8439,2674,22431,84064
,,,,,,,,5036,15173,1326,1004,1988,227,1226,2199,8304,2626,21775,81059
,,,,,,,,5037,14957,1321,1000,1981,227,1222,2189,8283,2612,21498,78296
,,,,,,,,5038,14957,1317,997,1976,226,1219,2181,8269,2600,20797,76012
,,,,,,,,5039,14401,1259,954,1889,216,1166,2084,7915,2483,19370,71163
,,,,,,,,5040,13426,1187,899,1781,203,1100,1962,7476,2335,17857,65676
,,,,,,,,5041,12329,1110,841,1666,190,1029,1833,7001,2179,16529,60714
,,,,,,,,5042,11392,1052,796,1578,180,975,1734,6643,2057,15477,56725
,,,,,,,,5043,10807,1015,769,1523,174,942,1673,6421,1984,14776,54045
,,,,,,,,5044,10413,992,751,1488,170,920,1633,6274,1936,14347,52310
,,,,,,,,5045,10192,977,740,1466,167,907,1609,6187,1906,14119,51162
,,,,,,,,5046,10143,975,738,1462,167,904,1604,6170,1901,14127,50914
,,,,,,,,5047,10228,972,735,1457,166,901,1600,6145,1897,14120,50828
,,,,,,,,5048,10405,1000,757,1500,171,927,1650,6306,1960,14845,53082
,,,,,,,,5049,11098,1073,812,1609,184,994,1772,6762,2106,16134,58323
,,,,,,,,5050,12105,1152,872,1728,197,1067,1904,7251,2266,17402,63864
,,,,,,,,5051,12994,1218,922,1826,209,1127,2014,7656,2398,18498,68864
,,,,,,,,5052,13618,1261,955,1891,216,1167,2086,7925,2486,19405,73024
,,,,,,,,5053,14086,1291,978,1937,221,1195,2137,8109,2548,20210,76567
,,,,,,,,5054,14325,1310,992,1965,225,1213,2170,8225,2587,20758,78986
,,,,,,,,5055,14340,1335,1011,2003,229,1236,2212,8378,2639,21351,81072
,,,,,,,,5056,14294,1363,1032,2044,234,1261,2259,8547,2696,21980,82634
,,,,,,,,5057,14235,1385,1049,2077,238,1281,2296,8680,2741,22499,83971
,,,,,,,,5058,14340,1394,1056,2091,239,1289,2312,8733,2761,22690,84072
,,,,,,,,5059,14572,1392,1054,2089,239,1288,2310,8721,2759,22519,83170
,,,,,,,,5060,14515,1367,1035,2050,234,1264,2266,8567,2705,21892,81091
,,,,,,,,5061,14296,1362,1031,2043,234,1260,2255,8548,2689,21578,78788
,,,,,,,,5062,14448,1368,1035,2051,235,1266,2263,8592,2697,21201,77388
,,,,,,,,5063,13990,1304,987,1956,224,1207,2156,8199,2568,19774,72767
,,,,,,,,5064,12904,1213,918,1819,208,1124,2004,7639,2384,18152,66947
,,,,,,,,5065,11698,1128,854,1693,193,1046,1861,7121,2210,16600,61730
,,,,,,,,5066,10813,1071,811,1606,183,993,1764,6770,2091,15647,58256
,,,,,,,,5067,10250,1030,780,1545,176,955,1696,6517,2010,15012,56088
,,,,,,,,5068,9952,1010,764,1515,173,937,1662,6392,1969,14750,55130
,,,,,,,,5069,9824,1011,765,1516,173,938,1663,6401,1970,14877,55628
,,,,,,,,5070,10027,1048,794,1573,179,973,1725,6639,2044,15635,58321
,,,,,,,,5071,10682,1119,847,1678,192,1038,1844,7072,2187,16803,62243
,,,,,,,,5072,11891,1229,930,1844,211,1139,2027,7758,2407,18367,67024
,,,,,,,,5073,13409,1329,1006,1994,228,1232,2193,8384,2605,19843,72632
,,,,,,,,5074,14560,1412,1069,2118,242,1309,2331,8907,2769,21071,77942
,,,,,,,,5075,15415,1479,1120,2219,254,1371,2443,9322,2904,22267,83308
,,,,,,,,5076,16165,1531,1159,2297,263,1419,2530,9644,3009,23384,87899
,,,,,,,,5077,16719,1566,1186,2349,268,1450,2588,9855,3080,24283,91652
,,,,,,,,5078,17119,1596,1208,2393,274,1478,2639,10035,3142,25077,94590
,,,,,,,,5079,17577,1623,1229,2434,278,1502,2685,10200,3198,25711,96650
,,,,,,,,5080,17935,1640,1242,2460,281,1518,2715,10302,3236,26103,97932
,,,,,,,,5081,18176,1653,1252,2480,284,1530,2738,10376,3265,26404,98443
,,,,,,,,5082,18380,1647,1247,2471,283,1524,2729,10334,3255,26249,98025
,,,,,,,,5083,18172,1591,1205,2386,273,1473,2634,9990,3140,25191,95376
,,,,,,,,5084,17555,1521,1151,2281,261,1408,2516,9554,2999,23917,91785
,,,,,,,,5085,16892,1491,1129,2237,256,1381,2466,9377,2937,23325,89063
,,,,,,,,5086,16715,1468,1111,2201,252,1359,2425,9239,2886,22534,86311
,,,,,,,,5087,15937,1371,1038,2056,235,1270,2264,8640,2691,20649,80329
,,,,,,,,5088,14370,1261,955,1892,216,1169,2082,7957,2473,18750,73329
,,,,,,,,5089,12847,1163,880,1744,199,1078,1917,7342,2276,17175,67720
,,,,,,,,5090,11726,1099,832,1648,188,1019,1810,6946,2146,16122,63367
,,,,,,,,5091,11039,1054,798,1581,180,978,1736,6670,2057,15439,60599
,,,,,,,,5092,10614,1034,782,1550,177,959,1701,6544,2015,15129,58968
,,,,,,,,5093,10420,1033,782,1550,177,959,1701,6546,2014,15201,58985
,,,,,,,,5094,10556,1077,815,1615,184,999,1771,6818,2098,15968,61128
,,,,,,,,5095,11203,1155,874,1733,198,1071,1903,7301,2258,17105,64931
,,,,,,,,5096,12389,1266,959,1900,217,1174,2089,7992,2481,18497,69115
,,,,,,,,5097,13833,1368,1036,2052,234,1268,2258,8627,2683,19752,73991
,,,,,,,,5098,14837,1453,1100,2179,249,1346,2398,9158,2850,20840,79102
,,,,,,,,5099,15570,1513,1146,2270,259,1402,2499,9532,2972,21903,84086
,,,,,,,,5100,16197,1557,1179,2335,267,1442,2573,9802,3061,22759,88586
,,,,,,,,5101,16586,1578,1195,2368,271,1462,2610,9931,3106,23456,92228
,,,,,,,,5102,16804,1599,1211,2398,274,1481,2645,10053,3150,24141,95360
,,,,,,,,5103,17053,1610,1219,2415,276,1491,2664,10117,3175,24688,97526
,,,,,,,,5104,17106,1619,1226,2429,278,1498,2681,10164,3197,25204,98572
,,,,,,,,5105,16997,1614,1222,2421,277,1494,2674,10125,3191,25544,98783
,,,,,,,,5106,16891,1586,1201,2379,272,1467,2630,9942,3139,25595,97752
,,,,,,,,5107,16615,1530,1159,2295,263,1416,2536,9595,3027,24938,94826
,,,,,,,,5108,16190,1472,1114,2207,252,1362,2438,9233,2908,23887,91023
,,,,,,,,5109,15959,1457,1103,2185,250,1348,2412,9147,2875,23439,87912
,,,,,,,,5110,16043,1433,1085,2150,246,1327,2371,9009,2823,22637,84807
,,,,,,,,5111,15306,1342,1016,2014,230,1243,2219,8449,2641,20748,78824
,,,,,,,,5112,13967,1243,941,1865,213,1152,2054,7834,2442,18883,71935
,,,,,,,,5113,12653,1153,873,1729,197,1069,1902,7276,2258,17307,66202
,,,,,,,,5114,11682,1089,825,1634,186,1010,1795,6881,2130,16231,62113
,,,,,,,,5115,11051,1051,796,1577,180,975,1731,6646,2053,15558,59573
,,,,,,,,5116,10694,1033,782,1549,177,958,1700,6534,2015,15278,57941
,,,,,,,,5117,10534,1035,784,1553,177,961,1704,6554,2019,15327,57932
,,,,,,,,5118,10722,1079,817,1619,185,1001,1776,6830,2105,16064,60128
,,,,,,,,5119,11421,1160,878,1740,199,1076,1912,7328,2269,17247,63899
,,,,,,,,5120,12660,1272,963,1909,218,1179,2100,8026,2495,18714,68037
,,,,,,,,5121,14158,1371,1038,2057,235,1271,2264,8645,2690,19984,72766
,,,,,,,,5122,15229,1454,1101,2181,249,1347,2401,9162,2855,21245,77273
,,,,,,,,5123,16117,1528,1157,2291,262,1415,2525,9614,3005,22407,82086
,,,,,,,,5124,16934,1581,1197,2372,271,1464,2614,9946,3112,23367,86734
,,,,,,,,5125,17527,1605,1215,2407,275,1486,2655,10088,3162,23914,90104
,,,,,,,,5126,17951,1619,1226,2428,278,1499,2679,10169,3193,24052,93020
,,,,,,,,5127,18351,1618,1225,2427,278,1497,2679,10157,3195,24098,95437
,,,,,,,,5128,18544,1613,1222,2420,277,1493,2673,10120,3190,24126,97373
,,,,,,,,5129,18457,1611,1219,2416,276,1490,2670,10093,3188,24066,98587
,,,,,,,,5130,18352,1598,1210,2396,274,1478,2651,10004,3167,23761,98306
,,,,,,,,5131,18039,1550,1174,2325,266,1434,2571,9710,3071,23113,95497
,,,,,,,,5132,17500,1506,1140,2259,258,1393,2497,9443,2980,22364,91370
,,,,,,,,5133,17102,1493,1130,2239,256,1381,2472,9366,2949,22282,88180
,,,,,,,,5134,17166,1471,1114,2207,252,1362,2435,9240,2902,21668,85256
,,,,,,,,5135,16410,1383,1047,2074,237,1280,2287,8693,2724,20086,78858
,,,,,,,,5136,14951,1275,966,1913,219,1181,2108,8029,2508,18357,71741
,,,,,,,,5137,13486,1182,895,1773,202,1095,1951,7451,2318,16818,65841
,,,,,,,,5138,12419,1120,848,1679,192,1038,1846,7071,2191,15771,61471
,,,,,,,,5139,11752,1075,814,1613,184,997,1772,6798,2101,15120,58786
,,,,,,,,5140,11367,1048,794,1573,179,973,1727,6633,2047,14783,57253
,,,,,,,,5141,11212,1046,792,1568,179,970,1721,6616,2040,14812,57271
,,,,,,,,5142,11391,1084,820,1626,185,1005,1785,6857,2115,15535,59593
,,,,,,,,5143,12095,1157,876,1736,198,1073,1909,7308,2266,16649,63339
,,,,,,,,5144,13357,1275,965,1912,218,1181,2105,8034,2502,18262,67909
,,,,,,,,5145,14885,1395,1056,2092,239,1292,2304,8784,2740,19949,73424
,,,,,,,,5146,16105,1501,1136,2251,257,1390,2480,9448,2951,21649,79169
,,,,,,,,5147,17226,1592,1206,2388,273,1474,2634,10012,3136,23426,84816
,,,,,,,,5148,18301,1662,1258,2492,285,1538,2749,10443,3275,24965,90087
,,,,,,,,5149,19128,1704,1290,2556,292,1578,2821,10703,3363,26174,94550
,,,,,,,,5150,19668,1732,1311,2597,297,1603,2868,10869,3420,27236,98231
,,,,,,,,5151,20224,1743,1320,2614,299,1613,2888,10931,3445,27976,100783
,,,,,,,,5152,20605,1796,1360,2693,308,1661,2977,11253,3554,28591,102299
,,,,,,,,5153,20886,1806,1367,2708,310,1670,2995,11305,3579,28928,102479
,,,,,,,,5154,21030,1780,1348,2670,306,1646,2955,11138,3533,28940,101467
,,,,,,,,5155,20826,1736,1315,2604,298,1606,2882,10868,3444,28170,98460
,,,,,,,,5156,20216,1669,1264,2503,287,1544,2768,10455,3306,26862,94397
,,,,,,,,5157,19571,1646,1246,2469,283,1523,2728,10321,3256,26286,91279
,,,,,,,,5158,19425,1624,1229,2435,279,1503,2689,10190,3207,25276,88052
,,,,,,,,5159,18553,1526,1155,2289,262,1413,2526,9588,3010,23144,81794
,,,,,,,,5160,16836,1411,1068,2116,242,1306,2333,8872,2778,21080,74824
,,,,,,,,5161,15153,1298,983,1947,222,1202,2145,8171,2552,19255,68774
,,,,,,,,5162,13837,1225,927,1838,210,1135,2023,7723,2404,17947,64243
,,,,,,,,5163,12977,1173,888,1760,201,1088,1936,7404,2299,17039,61302
,,,,,,,,5164,12455,1144,866,1716,196,1060,1886,7224,2238,16535,59594
,,,,,,,,5165,12179,1138,861,1706,195,1055,1875,7190,2224,16472,59405
,,,,,,,,5166,12250,1171,887,1757,201,1086,1930,7403,2289,17091,61638
,,,,,,,,5167,12859,1244,942,1866,213,1153,2052,7847,2438,18116,65316
,,,,,,,,5168,14051,1362,1031,2043,233,1262,2250,8579,2677,19777,69634
,,,,,,,,5169,15604,1483,1123,2225,254,1374,2452,9333,2919,21523,75313
,,,,,,,,5170,16974,1589,1203,2384,273,1472,2629,9994,3131,23343,81140
,,,,,,,,5171,18234,1685,1276,2527,289,1560,2790,10581,3325,25250,87013
,,,,,,,,5172,19457,1770,1340,2654,304,1638,2931,11108,3494,27046,92446
,,,,,,,,5173,20355,1828,1384,2742,314,1691,3029,11466,3613,28324,96780
,,,,,,,,5174,20941,1864,1411,2796,320,1725,3090,11687,3687,29222,100048
,,,,,,,,5175,21462,1888,1429,2831,324,1746,3130,11826,3738,29785,101900
,,,,,,,,5176,21866,1900,1439,2850,326,1757,3152,11893,3767,29997,102829
,,,,,,,,5177,22054,1897,1437,2846,326,1754,3151,11867,3767,29876,103100
,,,,,,,,5178,22072,1868,1414,2801,321,1726,3104,11669,3714,29245,101862
,,,,,,,,5179,21706,1797,1361,2695,309,1661,2985,11232,3570,27842,98420
,,,,,,,,5180,20873,1723,1305,2585,296,1593,2860,10783,3419,26567,94229
,,,,,,,,5181,20171,1691,1280,2537,290,1564,2805,10593,3350,26078,91334
,,,,,,,,5182,20002,1659,1256,2489,285,1535,2750,10404,3282,25141,88602
,,,,,,,,5183,19219,1565,1185,2347,268,1448,2592,9820,3091,23381,82766
,,,,,,,,5184,17666,1455,1102,2183,250,1347,2409,9141,2870,21342,76488
,,,,,,,,5185,16062,1354,1025,2031,232,1254,2240,8516,2667,19600,70739
,,,,,,,,5186,14633,1272,963,1908,218,1179,2102,8012,2501,18289,66067
,,,,,,,,5187,13733,1216,921,1824,208,1127,2008,7665,2387,17359,63035
,,,,,,,,5188,13105,1179,892,1768,202,1093,1944,7438,2309,16696,60873
,,,,,,,,5189,12672,1159,877,1738,198,1075,1910,7320,2267,16346,59912
,,,,,,,,5190,12519,1156,876,1735,198,1072,1906,7306,2262,16390,60092
,,,,,,,,5191,12589,1163,881,1745,199,1078,1920,7338,2281,16572,60822
,,,,,,,,5192,12980,1229,931,1844,211,1139,2032,7740,2417,17587,63615
,,,,,,,,5193,14166,1354,1025,2030,232,1253,2240,8506,2668,19468,69670
,,,,,,,,5194,15697,1487,1126,2230,255,1376,2463,9329,2937,21576,76144
,,,,,,,,5195,17164,1602,1213,2402,275,1482,2655,10038,3170,23649,82353
,,,,,,,,5196,18430,1689,1279,2533,290,1562,2800,10584,3344,25292,87434
,,,,,,,,5197,19381,1739,1317,2608,299,1608,2885,10888,3446,26472,91433
,,,,,,,,5198,19936,1760,1333,2640,302,1627,2921,11014,3492,27020,93898
,,,,,,,,5199,20222,1763,1335,2645,303,1630,2928,11025,3501,27246,95290
,,,,,,,,5200,20395,1764,1336,2646,303,1631,2931,11026,3506,27328,96210
,,,,,,,,5201,20410,1760,1332,2639,302,1626,2925,10989,3501,27081,95960
,,,,,,,,5202,20198,1730,1310,2595,297,1599,2877,10800,3446,26564,93669
,,,,,,,,5203,19899,1689,1279,2533,290,1561,2808,10548,3361,26018,90927
,,,,,,,,5204,19271,1646,1247,2470,283,1522,2735,10290,3272,25248,87692
,,,,,,,,5205,18617,1639,1241,2459,281,1516,2721,10259,3251,25041,85547
,,,,,,,,5206,18519,1625,1231,2438,279,1503,2696,10180,3220,24401,83511
,,,,,,,,5207,17820,1553,1176,2330,267,1437,2575,9738,3073,22893,78925
,,,,,,,,5208,16532,1469,1112,2203,252,1359,2432,9219,2900,21246,73366
,,,,,,,,5209,15157,1375,1041,2063,236,1273,2276,8642,2711,19670,68115
,,,,,,,,5210,14014,1307,989,1960,224,1210,2160,8223,2571,18505,64045
,,,,,,,,5211,13252,1260,954,1891,216,1168,2082,7939,2476,17741,61370
,,,,,,,,5212,12748,1231,932,1847,211,1141,2032,7766,2415,17241,59576
,,,,,,,,5213,12444,1215,920,1823,208,1127,2004,7672,2380,16952,58469
,,,,,,,,5214,12344,1214,919,1822,208,1126,2003,7667,2377,16999,58368
,,,,,,,,5215,12399,1213,918,1820,208,1124,2003,7647,2380,17027,58457
,,,,,,,,5216,12642,1250,947,1876,214,1158,2067,7867,2461,17925,60433
,,,,,,,,5217,13583,1336,1012,2004,229,1237,2212,8395,2636,19651,65197
,,,,,,,,5218,14955,1444,1093,2166,248,1336,2392,9058,2853,21705,70398
,,,,,,,,5219,16399,1538,1165,2308,264,1423,2551,9642,3045,23518,74586
,,,,,,,,5220,17621,1622,1228,2432,278,1500,2689,10161,3211,24874,78677
,,,,,,,,5221,18610,1663,1259,2494,285,1538,2758,10410,3295,25823,82026
,,,,,,,,5222,19297,1686,1277,2529,290,1559,2799,10550,3346,26617,84263
,,,,,,,,5223,19590,1683,1274,2524,289,1555,2795,10519,3342,27162,85872
,,,,,,,,5224,19668,1664,1260,2496,286,1538,2764,10397,3307,27539,86990
,,,,,,,,5225,19666,1662,1258,2493,285,1536,2763,10378,3308,27687,87339
,,,,,,,,5226,19492,1661,1258,2492,285,1535,2763,10366,3310,27496,86220
,,,,,,,,5227,19165,1640,1242,2460,282,1515,2727,10235,3266,26508,84210
,,,,,,,,5228,18800,1605,1216,2408,276,1483,2668,10027,3193,25088,81786
,,,,,,,,5229,18514,1577,1194,2365,271,1458,2618,9863,3130,24237,80022
,,,,,,,,5230,18421,1539,1165,2308,264,1423,2554,9631,3052,23251,78132
,,,,,,,,5231,17652,1449,1097,2174,249,1341,2404,9080,2871,21699,73548
,,,,,,,,5232,16343,1349,1021,2023,231,1248,2236,8458,2668,20079,68085
,,,,,,,,5233,14916,1263,956,1895,217,1170,2088,7946,2486,18532,63441
,,,,,,,,5234,13817,1202,910,1803,206,1113,1985,7572,2361,17596,59936
,,,,,,,,5235,13122,1165,882,1747,200,1079,1922,7345,2284,16995,57825
,,,,,,,,5236,12736,1143,866,1715,196,1060,1886,7216,2239,16751,56840
,,,,,,,,5237,12546,1145,867,1718,196,1062,1888,7236,2240,16915,57349
,,,,,,,,5238,12731,1185,897,1777,203,1099,1953,7487,2316,17728,59947
,,,,,,,,5239,13414,1251,947,1877,214,1160,2065,7892,2453,18900,63966
,,,,,,,,5240,14605,1360,1030,2040,233,1260,2246,8566,2671,20499,68028
,,,,,,,,5241,16203,1473,1115,2210,253,1365,2435,9276,2897,21904,72660
,,,,,,,,5242,17435,1549,1173,2324,266,1435,2561,9749,3048,23306,76949
,,,,,,,,5243,18325,1605,1215,2408,275,1486,2656,10088,3164,24586,81080
,,,,,,,,5244,18857,1647,1247,2470,283,1525,2726,10345,3248,25632,84619
,,,,,,,,5245,19257,1670,1264,2504,286,1545,2764,10483,3296,26450,87684
,,,,,,,,5246,19472,1694,1283,2541,291,1568,2806,10630,3347,27092,90414
,,,,,,,,5247,19707,1706,1292,2559,293,1579,2827,10700,3374,27540,92338
,,,,,,,,5248,19852,1712,1296,2568,294,1584,2838,10729,3388,27903,93820
,,,,,,,,5249,19956,1712,1297,2568,294,1584,2841,10724,3393,28214,94840
,,,,,,,,5250,19921,1695,1284,2543,291,1568,2814,10609,3364,28039,94472
,,,,,,,,5251,19496,1630,1234,2445,280,1508,2705,10207,3232,27015,91947
,,,,,,,,5252,18628,1558,1180,2337,267,1441,2583,9764,3084,25656,88076
,,,,,,,,5253,17846,1529,1158,2294,262,1415,2534,9593,3023,24973,85112
,,,,,,,,5254,17639,1491,1129,2236,256,1380,2468,9359,2942,23792,82100
,,,,,,,,5255,16633,1381,1045,2071,237,1278,2285,8677,2722,21526,75764
,,,,,,,,5256,14913,1260,954,1891,216,1167,2084,7928,2482,19354,68838
,,,,,,,,5257,13331,1158,877,1737,198,1073,1912,7297,2273,17622,63263
,,,,,,,,5258,12136,1094,828,1641,187,1014,1804,6911,2141,16356,59280
,,,,,,,,5259,11398,1049,794,1573,180,973,1728,6629,2050,15526,56835
,,,,,,,,5260,10942,1024,775,1536,175,950,1686,6477,2000,15115,55496
,,,,,,,,5261,10721,1020,772,1531,175,947,1680,6456,1991,15090,55842
,,,,,,,,5262,10838,1052,796,1578,180,976,1732,6655,2053,15711,58314
,,,,,,,,5263,11410,1118,847,1678,191,1037,1844,7062,2189,16709,62266
,,,,,,,,5264,12542,1229,931,1844,211,1140,2029,7758,2410,18186,66274
,,,,,,,,5265,14034,1334,1010,2002,229,1237,2201,8422,2614,19536,70603
,,,,,,,,5266,15088,1419,1075,2129,243,1316,2342,8955,2782,20786,74939
,,,,,,,,5267,15960,1490,1128,2235,255,1381,2460,9391,2924,22129,79839
,,,,,,,,5268,16762,1543,1168,2314,264,1429,2548,9718,3030,23285,84056
,,,,,,,,5269,17356,1573,1191,2360,270,1457,2600,9907,3093,24204,87997
,,,,,,,,5270,17746,1602,1213,2402,275,1483,2647,10079,3151,24930,91315
,,,,,,,,5271,18197,1623,1229,2435,278,1503,2684,10211,3196,25557,94122
,,,,,,,,5272,18509,1640,1242,2460,281,1518,2713,10307,3232,26061,96086
,,,,,,,,5273,18746,1653,1252,2479,284,1530,2736,10382,3261,26393,97620
,,,,,,,,5274,18863,1642,1243,2463,282,1519,2719,10304,3243,26364,97643
,,,,,,,,5275,18556,1592,1206,2388,273,1474,2637,9995,3144,25674,95368
,,,,,,,,5276,17871,1536,1163,2304,263,1422,2542,9647,3030,24586,91733
,,,,,,,,5277,17325,1525,1154,2287,261,1412,2522,9589,3003,24334,88993
,,,,,,,,5278,17388,1505,1139,2257,258,1394,2486,9473,2958,23517,86193
,,,,,,,,5279,16563,1410,1067,2115,242,1307,2328,8889,2767,21604,79641
,,,,,,,,5280,15018,1297,982,1945,222,1202,2140,8180,2543,19652,72830
,,,,,,,,5281,13497,1198,907,1797,205,1110,1976,7560,2346,17989,66934
,,,,,,,,5282,12339,1131,856,1696,194,1049,1864,7147,2211,16833,62843
,,,,,,,,5283,11600,1085,821,1628,186,1007,1787,6864,2118,16135,60104
,,,,,,,,5284,11135,1060,803,1590,181,984,1745,6710,2068,15707,58584
,,,,,,,,5285,10901,1060,803,1591,181,984,1745,6715,2067,15769,58799
,,,,,,,,5286,11032,1099,832,1648,188,1019,1808,6954,2142,16479,61167
,,,,,,,,5287,11683,1174,889,1761,201,1088,1935,7416,2296,17636,65153
,,,,,,,,5288,12861,1285,973,1928,220,1191,2121,8108,2520,19072,69167
,,,,,,,,5289,14397,1407,1065,2111,241,1304,2323,8874,2760,20613,74104
,,,,,,,,5290,15681,1505,1139,2257,258,1394,2485,9485,2954,22182,78916
,,,,,,,,5291,16770,1583,1199,2375,271,1466,2616,9965,3113,23778,83932
,,,,,,,,5292,17839,1650,1249,2475,283,1528,2728,10383,3248,25090,88440
,,,,,,,,5293,18630,1693,1282,2540,290,1568,2801,10646,3336,26130,91995
,,,,,,,,5294,19160,1726,1307,2589,296,1598,2856,10843,3403,27008,95020
,,,,,,,,5295,19672,1758,1331,2637,302,1627,2910,11037,3470,27607,96987
,,,,,,,,5296,20006,1771,1341,2656,304,1639,2934,11109,3499,27966,97867
,,,,,,,,5297,20210,1771,1341,2657,304,1639,2936,11104,3505,28090,97928
,,,,,,,,5298,20190,1757,1330,2635,302,1625,2913,11004,3479,27937,96506
,,,,,,,,5299,19803,1706,1292,2559,293,1578,2828,10690,3377,27134,93468
,,,,,,,,5300,19130,1652,1251,2478,283,1528,2737,10361,3266,26176,89776
,,,,,,,,5301,18663,1646,1246,2469,282,1524,2726,10335,3251,25916,87695
,,,,,,,,5302,18730,1618,1225,2427,278,1498,2677,10165,3190,24856,84763
,,,,,,,,5303,17804,1518,1149,2276,260,1405,2510,9544,2988,22769,78560
,,,,,,,,5304,16174,1400,1060,2100,240,1297,2313,8814,2752,20711,71958
,,,,,,,,5305,14502,1293,979,1940,222,1198,2134,8153,2536,19002,66476
,,,,,,,,5306,13269,1224,927,1836,210,1135,2018,7730,2396,17789,62337
,,,,,,,,5307,12530,1174,889,1761,201,1089,1935,7422,2295,16952,59682
,,,,,,,,5308,12077,1147,868,1720,196,1064,1889,7253,2239,16493,58344
,,,,,,,,5309,11869,1140,863,1710,195,1057,1876,7210,2224,16452,58577
,,,,,,,,5310,11998,1174,889,1761,201,1089,1933,7428,2292,17139,61128
,,,,,,,,5311,12733,1247,944,1871,214,1156,2056,7874,2441,18290,65269
,,,,,,,,5312,13932,1357,1027,2035,232,1257,2240,8553,2662,19831,69163
,,,,,,,,5313,15460,1472,1114,2208,252,1364,2431,9275,2890,21511,73481
,,,,,,,,5314,16748,1572,1190,2359,270,1457,2598,9903,3090,23321,77896
,,,,,,,,5315,17951,1659,1256,2489,285,1536,2743,10436,3266,25211,82416
,,,,,,,,5316,19125,1731,1310,2596,297,1603,2863,10882,3409,26822,86266
,,,,,,,,5317,20016,1773,1342,2659,304,1641,2933,11137,3495,27922,89415
,,,,,,,,5318,20575,1810,1371,2715,311,1675,2997,11367,3572,28769,92067
,,,,,,,,5319,21059,1829,1385,2743,314,1692,3029,11476,3613,29136,93639
,,,,,,,,5320,21316,1833,1388,2749,315,1696,3037,11491,3624,29323,94454
,,,,,,,,5321,21396,1810,1370,2715,311,1674,3001,11340,3583,29064,94195
,,,,,,,,5322,21314,1762,1334,2643,303,1630,2923,11033,3492,28319,92316
,,,,,,,,5323,20839,1690,1279,2535,290,1563,2802,10586,3347,27057,88592
,,,,,,,,5324,19995,1635,1238,2452,281,1512,2710,10250,3234,25907,84563
,,,,,,,,5325,19499,1631,1235,2447,280,1510,2702,10237,3222,25595,83078
,,,,,,,,5326,19461,1597,1209,2396,274,1478,2643,10032,3150,24626,79964
,,,,,,,,5327,18460,1499,1135,2248,257,1388,2479,9425,2952,22691,74176
,,,,,,,,5328,16840,1387,1050,2080,238,1284,2292,8729,2727,20775,68198
,,,,,,,,5329,15244,1289,976,1933,221,1194,2127,8129,2527,19041,63224
,,,,,,,,5330,14052,1233,934,1850,211,1143,2033,7788,2413,17994,59882
,,,,,,,,5331,13323,1196,905,1793,205,1109,1970,7558,2336,17351,57813
,,,,,,,,5332,12865,1172,887,1758,201,1087,1930,7413,2288,17035,56643
,,,,,,,,5333,12655,1168,884,1752,200,1084,1923,7391,2279,17166,57262
,,,,,,,,5334,12798,1208,914,1812,207,1121,1989,7643,2357,18025,59711
,,,,,,,,5335,13520,1287,974,1931,220,1193,2122,8129,2518,19331,64030
,,,,,,,,5336,14739,1395,1056,2093,239,1293,2303,8800,2736,20693,67047
,,,,,,,,5337,16271,1494,1131,2242,256,1385,2467,9422,2932,21862,69872
,,,,,,,,5338,17495,1572,1190,2357,269,1456,2595,9905,3085,22773,72526
,,,,,,,,5339,18501,1616,1223,2423,277,1496,2670,10170,3177,23338,75096
,,,,,,,,5340,19320,1645,1245,2467,282,1523,2719,10347,3236,23375,77112
,,,,,,,,5341,19850,1628,1232,2442,279,1507,2693,10234,3207,23264,78719
,,,,,,,,5342,19965,1585,1200,2377,272,1467,2623,9958,3126,23504,80249
,,,,,,,,5343,19845,1570,1189,2355,269,1453,2599,9858,3099,24065,81468
,,,,,,,,5344,19478,1581,1197,2371,271,1463,2619,9920,3124,24622,82389
,,,,,,,,5345,18995,1600,1211,2400,275,1480,2652,10032,3164,24987,82591
,,,,,,,,5346,18701,1599,1210,2398,274,1479,2651,10018,3164,25060,81358
,,,,,,,,5347,18215,1551,1175,2327,266,1435,2572,9727,3069,24409,78452
,,,,,,,,5348,17592,1512,1144,2267,259,1399,2504,9484,2987,23487,75049
,,,,,,,,5349,17242,1517,1148,2275,260,1404,2511,9524,2994,23387,73692
,,,,,,,,5350,17246,1496,1133,2245,257,1385,2476,9405,2949,22665,71954
,,,,,,,,5351,16579,1422,1077,2133,244,1317,2351,8947,2799,21192,67518
,,,,,,,,5352,15399,1327,1005,1991,227,1230,2193,8360,2608,19544,62480
,,,,,,,,5353,14155,1241,940,1862,213,1150,2049,7827,2436,18102,58025
,,,,,,,,5354,13073,1177,891,1765,202,1091,1940,7434,2303,16936,54563
,,,,,,,,5355,12373,1131,856,1697,194,1049,1864,7150,2211,16259,52545
,,,,,,,,5356,11906,1103,835,1655,189,1024,1817,6980,2154,15746,51161
,,,,,,,,5357,11650,1089,824,1633,186,1010,1792,6891,2124,15534,50526
,,,,,,,,5358,11589,1092,827,1638,187,1013,1798,6911,2131,15677,51171
,,,,,,,,5359,11753,1104,836,1657,189,1024,1821,6978,2160,15922,52267
,,,,,,,,5360,12130,1156,875,1734,198,1071,1909,7289,2268,16789,54066
,,,,,,,,5361,13156,1266,958,1899,217,1173,2091,7972,2487,18308,57915
,,,,,,,,5362,14434,1371,1038,2057,235,1269,2268,8621,2701,19772,62005
,,,,,,,,5363,15594,1435,1087,2153,246,1328,2376,9012,2832,21243,65773
,,,,,,,,5364,16580,1488,1127,2232,255,1377,2464,9341,2937,22472,68398
,,,,,,,,5365,17156,1528,1157,2292,262,1414,2532,9585,3021,23397,70200
,,,,,,,,5366,17473,1548,1172,2321,266,1432,2566,9700,3063,23858,71041
,,,,,,,,5367,17660,1555,1178,2333,267,1439,2580,9741,3082,24145,71704
,,,,,,,,5368,17770,1557,1179,2336,267,1440,2584,9746,3088,24190,72247
,,,,,,,,5369,17857,1557,1179,2335,267,1439,2585,9735,3091,24221,72438
,,,,,,,,5370,17885,1536,1163,2305,264,1420,2552,9604,3053,23810,71749
,,,,,,,,5371,17923,1503,1138,2255,258,1390,2496,9403,2985,23090,70298
,,,,,,,,5372,17651,1465,1110,2198,252,1355,2432,9172,2906,22430,68499
,,,,,,,,5373,17371,1468,1112,2203,252,1358,2435,9202,2907,22315,67776
,,,,,,,,5374,17466,1445,1094,2168,248,1337,2395,9065,2858,21620,66507
,,,,,,,,5375,16812,1381,1045,2071,237,1278,2286,8671,2725,20245,62725
,,,,,,,,5376,15677,1295,981,1943,222,1200,2143,8146,2551,18697,58348
,,,,,,,,5377,14380,1215,920,1822,208,1125,2006,7654,2385,17268,54253
,,,,,,,,5378,13293,1151,872,1727,197,1067,1899,7267,2256,16193,51257
,,,,,,,,5379,12586,1107,838,1661,190,1027,1825,6994,2166,15468,49299
,,,,,,,,5380,12105,1077,815,1615,184,999,1774,6808,2104,15010,48092
,,,,,,,,5381,11834,1060,803,1590,181,983,1746,6707,2069,14728,47323
,,,,,,,,5382,11742,1054,798,1582,180,978,1736,6671,2058,14669,47371
,,,,,,,,5383,11844,1042,789,1563,178,966,1718,6581,2039,14503,47838
,,,,,,,,5384,12010,1067,808,1601,183,989,1762,6729,2095,15033,49194
,,,,,,,,5385,12662,1147,868,1721,197,1063,1895,7223,2255,16301,52996
,,,,,,,,5386,13725,1239,938,1858,212,1147,2049,7788,2441,17817,57426
,,,,,,,,5387,14812,1313,994,1970,225,1215,2175,8246,2592,19198,60910
,,,,,,,,5388,15773,1385,1048,2077,238,1282,2293,8692,2735,20427,64094
,,,,,,,,5389,16527,1428,1081,2142,245,1321,2366,8955,2823,21423,66797
,,,,,,,,5390,17067,1456,1103,2185,250,1347,2415,9128,2883,22200,68822
,,,,,,,,5391,17395,1468,1112,2203,252,1358,2436,9195,2910,22746,70141
,,,,,,,,5392,17702,1477,1118,2216,254,1366,2451,9246,2929,23113,71331
,,,,,,,,5393,17989,1484,1123,2226,255,1372,2463,9282,2945,23451,72612
,,,,,,,,5394,18172,1479,1120,2218,254,1367,2456,9249,2937,23494,72851
,,,,,,,,5395,18282,1457,1103,2185,250,1347,2419,9114,2892,23102,72109
,,,,,,,,5396,18040,1427,1080,2140,245,1319,2367,8931,2829,22254,70303
,,,,,,,,5397,17640,1439,1090,2159,247,1331,2386,9021,2849,22069,70041
,,,,,,,,5398,17711,1426,1080,2140,245,1320,2364,8947,2820,21261,68790
,,,,,,,,5399,16860,1348,1021,2022,231,1248,2233,8464,2662,19626,64556
,,,,,,,,5400,15408,1253,949,1880,215,1160,2073,7879,2469,17878,59771
,,,,,,,,5401,13901,1167,884,1751,200,1082,1927,7360,2291,16304,55660
,,,,,,,,5402,12769,1108,838,1661,190,1027,1826,6995,2168,15305,52922
,,,,,,,,5403,12035,1064,806,1596,182,987,1753,6728,2080,14668,51448
,,,,,,,,5404,11587,1041,788,1561,178,965,1714,6583,2032,14339,50895
,,,,,,,,5405,11366,1042,789,1563,178,967,1715,6593,2033,14442,51621
,,,,,,,,5406,11476,1081,818,1621,185,1003,1780,6839,2109,15116,54409
,,,,,,,,5407,12114,1143,865,1714,196,1060,1884,7217,2237,16141,58854
,,,,,,,,5408,13175,1241,940,1862,213,1151,2049,7829,2435,17547,62739
,,,,,,,,5409,14684,1349,1022,2024,231,1250,2227,8507,2647,19073,66857
,,,,,,,,5410,15915,1435,1086,2152,246,1329,2370,9040,2817,20413,70674
,,,,,,,,5411,16950,1501,1136,2251,257,1390,2481,9444,2953,21725,74742
,,,,,,,,5412,17857,1555,1177,2333,267,1440,2572,9782,3062,22852,77978
,,,,,,,,5413,18513,1586,1201,2379,272,1469,2624,9970,3126,23769,80220
,,,,,,,,5414,18908,1612,1221,2418,277,1492,2668,10127,3180,24650,82125
,,,,,,,,5415,19276,1634,1237,2451,280,1512,2706,10260,3226,25250,83111
,,,,,,,,5416,19586,1647,1247,2470,283,1524,2728,10332,3254,25817,83485
,,,,,,,,5417,19750,1654,1252,2481,284,1530,2742,10371,3272,26133,83799
,,,,,,,,5418,19892,1647,1247,2470,283,1523,2731,10321,3260,26154,83150
,,,,,,,,5419,19659,1595,1207,2392,274,1475,2643,9999,3155,25375,80926
,,,,,,,,5420,18940,1534,1162,2301,263,1420,2541,9626,3031,24140,78086
,,,,,,,,5421,18369,1531,1160,2297,263,1418,2535,9618,3022,23813,77572
,,,,,,,,5422,18307,1490,1128,2235,255,1379,2464,9365,2935,22571,75045
,,,,,,,,5423,17183,1390,1052,2085,238,1287,2297,8747,2734,20584,69832
,,,,,,,,5424,15500,1278,968,1917,219,1184,2111,8053,2510,18557,63995
,,,,,,,,5425,13902,1176,890,1764,201,1090,1940,7418,2304,16946,59326
,,,,,,,,5426,12711,1111,841,1666,190,1030,1830,7018,2172,15976,56481
,,,,,,,,5427,11937,1067,808,1601,183,990,1758,6750,2085,15296,54642
,,,,,,,,5428,11455,1041,788,1561,178,965,1713,6586,2031,15014,53876
,,,,,,,,5429,11205,1038,786,1558,178,963,1709,6573,2025,15095,54524
,,,,,,,,5430,11306,1078,816,1617,184,1000,1775,6824,2103,15887,57377
,,,,,,,,5431,11970,1155,874,1733,198,1071,1904,7298,2260,17127,61836
,,,,,,,,5432,13087,1259,953,1889,216,1167,2078,7945,2468,18417,65170
,,,,,,,,5433,14591,1357,1027,2035,232,1258,2239,8559,2659,19663,68503
,,,,,,,,5434,15742,1435,1087,2153,246,1330,2368,9053,2814,20750,71996
,,,,,,,,5435,16746,1492,1130,2239,256,1383,2465,9404,2931,21631,75486
,,,,,,,,5436,17563,1535,1162,2302,263,1422,2536,9665,3017,22178,78744
,,,,,,,,5437,18130,1556,1178,2334,267,1441,2572,9791,3061,22651,81436
,,,,,,,,5438,18430,1579,1195,2368,271,1462,2610,9928,3108,23129,83473
,,,,,,,,5439,18669,1582,1198,2373,271,1465,2617,9943,3117,23367,84853
,,,,,,,,5440,18775,1579,1195,2368,271,1461,2613,9915,3114,23661,85631
,,,,,,,,5441,18782,1574,1192,2361,270,1457,2607,9879,3110,23780,85627
,,,,,,,,5442,18796,1554,1177,2332,267,1438,2576,9748,3074,23679,85113
,,,,,,,,5443,18502,1514,1146,2271,260,1401,2509,9499,2993,23136,82863
,,,,,,,,5444,17910,1477,1119,2216,253,1367,2446,9276,2917,22527,80011
,,,,,,,,5445,17621,1489,1127,2233,255,1378,2464,9356,2935,22728,79051
,,,,,,,,5446,17752,1458,1104,2187,250,1350,2411,9171,2870,21916,76572
,,,,,,,,5447,16801,1374,1040,2061,236,1273,2271,8654,2701,20246,71038
,,,,,,,,5448,15275,1276,966,1914,219,1183,2107,8043,2505,18543,65084
,,,,,,,,5449,13791,1187,898,1780,203,1100,1957,7491,2324,17104,60330
,,,,,,,,5450,12759,1124,851,1685,192,1042,1852,7100,2197,16187,56886
,,,,,,,,5451,12101,1084,821,1627,186,1006,1786,6860,2117,15646,54826
,,,,,,,,5452,11710,1067,808,1601,183,990,1757,6754,2082,15376,53789
,,,,,,,,5453,11536,1070,810,1606,183,993,1761,6776,2087,15492,54210
,,,,,,,,5454,11682,1109,840,1664,190,1029,1826,7020,2163,16242,56866
,,,,,,,,5455,12435,1187,899,1780,203,1101,1956,7499,2321,17448,61005
,,,,,,,,5456,13692,1283,971,1925,220,1189,2117,8094,2515,18853,64975
,,,,,,,,5457,14910,1384,1048,2076,237,1282,2284,8726,2714,20187,68900
,,,,,,,,5458,15647,1459,1105,2189,250,1352,2409,9198,2863,21514,72497
,,,,,,,,5459,16208,1530,1159,2296,262,1418,2529,9636,3008,22854,76025
,,,,,,,,5460,16947,1581,1197,2372,271,1464,2614,9949,3111,24005,78871
,,,,,,,,5461,17671,1595,1207,2392,274,1477,2638,10028,3141,24851,81848
,,,,,,,,5462,18199,1610,1219,2415,276,1490,2664,10116,3173,25577,84290
,,,,,,,,5463,18707,1609,1218,2413,276,1489,2664,10104,3175,25955,85946
,,,,,,,,5464,19009,1598,1210,2397,274,1479,2648,10027,3159,25903,86860
,,,,,,,,5465,19167,1568,1187,2352,269,1451,2600,9831,3103,25531,87387
,,,,,,,,5466,19121,1536,1163,2305,264,1421,2548,9624,3044,24852,86920
,,,,,,,,5467,18715,1484,1124,2226,255,1373,2461,9298,2938,23794,84322
,,,,,,,,5468,18095,1446,1094,2168,248,1338,2395,9067,2858,22783,81121
,,,,,,,,5469,17916,1440,1090,2160,247,1333,2385,9041,2844,22692,79864
,,,,,,,,5470,17868,1399,1059,2098,240,1295,2315,8789,2758,21753,77427
,,,,,,,,5471,16855,1309,991,1964,224,1212,2165,8234,2578,19883,71613
,,,,,,,,5472,15300,1208,915,1813,207,1119,1997,7609,2376,18041,65531
,,,,,,,,5473,13785,1121,849,1682,192,1039,1850,7073,2198,16470,60456
,,,,,,,,5474,12609,1064,806,1596,182,987,1754,6721,2082,15453,56957
,,,,,,,,5475,11882,1024,775,1537,175,950,1688,6476,2002,14861,54833
,,,,,,,,5476,11447,1005,761,1507,172,932,1655,6356,1961,14552,53842
,,,,,,,,5477,11246,1005,761,1507,172,932,1654,6359,1960,14559,54026
,,,,,,,,5478,11363,1044,790,1566,179,968,1718,6604,2037,15268,56460
,,,,,,,,5479,12086,1114,844,1672,191,1033,1838,7038,2181,16339,60681
,,,,,,,,5480,13259,1212,918,1819,208,1124,2001,7645,2378,17685,64432
,,,,,,,,5481,14524,1316,997,1975,226,1220,2173,8298,2583,19055,68818
,,,,,,,,5482,15529,1399,1059,2099,240,1296,2310,8816,2747,20307,72985
,,,,,,,,5483,16466,1473,1115,2210,253,1365,2435,9273,2898,21530,77105
,,,,,,,,5484,17360,1525,1154,2287,261,1412,2521,9590,3001,22577,80459
,,,,,,,,5485,17982,1561,1182,2341,268,1445,2582,9810,3075,23542,83455
,,,,,,,,5486,18350,1595,1208,2393,274,1477,2640,10021,3146,24363,85898
,,,,,,,,5487,18722,1624,1229,2436,279,1503,2689,10194,3206,25081,87450
,,,,,,,,5488,18960,1644,1245,2466,282,1521,2724,10314,3249,25647,88142
,,,,,,,,5489,19100,1650,1250,2476,283,1527,2736,10347,3265,26004,88303
,,,,,,,,5490,19177,1638,1241,2458,281,1515,2717,10265,3245,25981,87373
,,,,,,,,5491,18893,1573,1191,2359,270,1455,2608,9857,3113,24966,84450
,,,,,,,,5492,18141,1504,1139,2256,258,1392,2493,9435,2974,23589,80733
,,,,,,,,5493,17598,1496,1133,2245,257,1385,2478,9393,2955,23247,79417
,,,,,,,,5494,17558,1448,1097,2172,248,1341,2397,9099,2856,21978,76461
,,,,,,,,5495,16535,1351,1023,2027,232,1251,2235,8499,2661,20025,70764
,,,,,,,,5496,14963,1245,943,1868,213,1153,2057,7838,2448,18080,64766
,,,,,,,,5497,13395,1151,872,1727,197,1067,1901,7261,2259,16498,59765
,,,,,,,,5498,12248,1089,824,1634,186,1010,1795,6878,2131,15440,56495
,,,,,,,,5499,11500,1045,791,1567,179,969,1721,6604,2042,14803,54415
,,,,,,,,5500,11033,1020,772,1530,175,946,1680,6453,1992,14443,53291
,,,,,,,,5501,10801,1017,770,1526,174,944,1675,6437,1985,14464,53621
,,,,,,,,5502,10899,1055,798,1582,181,978,1737,6673,2059,15114,56041
,,,,,,,,5503,11510,1129,855,1694,193,1047,1862,7133,2211,16217,60272
,,,,,,,,5504,12538,1225,927,1837,210,1135,2022,7722,2403,17536,63662
,,,,,,,,5505,13917,1326,1004,1989,227,1229,2189,8359,2602,19072,67478
,,,,,,,,5506,15139,1415,1071,2122,242,1311,2337,8914,2778,20594,71035
,,,,,,,,5507,16210,1485,1124,2228,255,1376,2455,9346,2922,22135,74626
,,,,,,,,5508,17187,1554,1176,2331,266,1439,2569,9773,3059,23526,77955
,,,,,,,,5509,17935,1593,1206,2389,273,1475,2635,10012,3138,24734,80422
,,,,,,,,5510,18511,1631,1235,2446,280,1510,2699,10245,3216,25712,82446
,,,,,,,,5511,19086,1645,1245,2467,282,1523,2724,10329,3247,26299,83691
,,,,,,,,5512,19508,1654,1252,2481,284,1530,2739,10377,3267,26613,84320
,,,,,,,,5513,19694,1654,1252,2481,284,1530,2741,10371,3270,26782,84282
,,,,,,,,5514,19743,1621,1227,2431,278,1499,2687,10156,3208,26293,82857
,,,,,,,,5515,19318,1546,1170,2319,265,1430,2562,9692,3058,25093,79619
,,,,,,,,5516,18463,1500,1136,2250,257,1388,2485,9415,2964,24037,76017
,,,,,,,,5517,18039,1491,1129,2236,256,1380,2468,9361,2942,23524,74301
,,,,,,,,5518,17933,1438,1089,2157,247,1331,2379,9038,2833,22308,71691
,,,,,,,,5519,16955,1351,1023,2027,232,1251,2233,8503,2658,20559,66941
,,,,,,,,5520,15510,1254,950,1881,215,1162,2072,7902,2463,18735,61580
,,,,,,,,5521,14103,1170,885,1755,200,1084,1929,7382,2291,17193,57183
,,,,,,,,5522,12889,1091,826,1637,187,1012,1798,6897,2132,15992,53896
,,,,,,,,5523,12109,1043,790,1565,179,968,1718,6598,2037,15198,51824
,,,,,,,,5524,11575,1011,766,1517,173,938,1665,6402,1973,14615,50254
,,,,,,,,5525,11206,992,751,1488,170,920,1632,6280,1934,14294,49598
,,,,,,,,5526,11080,986,746,1479,169,915,1622,6242,1922,14310,50112
,,,,,,,,5527,11219,993,752,1490,170,921,1637,6281,1941,14571,51009
,,,,,,,,5528,11483,1027,778,1541,176,952,1694,6487,2011,15041,52565
,,,,,,,,5529,12192,1095,829,1643,188,1015,1807,6908,2147,16088,56726
,,,,,,,,5530,13129,1162,880,1743,199,1076,1918,7322,2280,17166,61013
,,,,,,,,5531,13863,1211,917,1817,208,1122,2001,7628,2380,18088,64471
,,,,,,,,5532,14341,1246,944,1870,214,1155,2060,7847,2450,18808,67014
,,,,,,,,5533,14632,1262,955,1893,216,1169,2086,7938,2484,19377,68910
,,,,,,,,5534,14663,1269,961,1904,218,1175,2099,7980,2500,19809,70044
,,,,,,,,5535,14616,1275,966,1913,219,1181,2110,8016,2514,20068,70943
,,,,,,,,5536,14552,1284,972,1927,220,1189,2126,8070,2533,20366,71752
,,,,,,,,5537,14512,1291,977,1936,221,1194,2137,8103,2548,20684,72428
,,,,,,,,5538,14519,1291,978,1937,221,1195,2139,8105,2551,20725,71996
,,,,,,,,5539,14575,1273,964,1909,218,1178,2108,7989,2513,20330,70507
,,,,,,,,5540,14411,1246,943,1869,214,1153,2062,7825,2458,19517,68136
,,,,,,,,5541,14215,1254,949,1881,215,1161,2073,7884,2469,19357,67094
,,,,,,,,5542,14366,1226,928,1839,210,1135,2026,7712,2412,18563,65344
,,,,,,,,5543,13696,1164,881,1746,199,1079,1923,7334,2287,17245,61313
,,,,,,,,5544,12649,1083,820,1624,185,1003,1787,6829,2123,15799,56637
,,,,,,,,5545,11553,1019,771,1528,174,945,1678,6445,1989,14542,52703
,,,,,,,,5546,10615,965,730,1447,165,895,1587,6110,1880,13603,49841
,,,,,,,,5547,9989,926,701,1389,158,859,1523,5868,1804,12985,47873
,,,,,,,,5548,9571,900,681,1350,154,835,1479,5703,1751,12600,46705
,,,,,,,,5549,9319,888,672,1332,152,824,1460,5629,1728,12407,46214
,,,,,,,,5550,9237,886,671,1329,152,822,1457,5617,1725,12451,46424
,,,,,,,,5551,9304,882,668,1323,151,818,1452,5583,1721,12432,47154
,,,,,,,,5552,9408,910,689,1365,156,844,1499,5757,1777,12841,48187
,,,,,,,,5553,10140,982,744,1474,168,911,1618,6210,1920,13849,51407
,,,,,,,,5554,11213,1052,797,1579,180,976,1735,6645,2060,14855,55118
,,,,,,,,5555,12154,1107,838,1661,190,1026,1827,6988,2169,15689,58161
,,,,,,,,5556,12826,1142,865,1713,196,1059,1885,7207,2239,16293,60667
,,,,,,,,5557,13240,1159,877,1738,199,1074,1913,7305,2274,16751,62596
,,,,,,,,5558,13446,1167,884,1751,200,1081,1928,7354,2292,16984,63371
,,,,,,,,5559,13475,1172,887,1757,201,1085,1936,7379,2302,17129,64019
,,,,,,,,5560,13487,1179,892,1768,202,1092,1948,7421,2317,17350,64603
,,,,,,,,5561,13581,1188,900,1783,204,1101,1965,7477,2339,17571,65362
,,,,,,,,5562,13779,1194,904,1791,205,1106,1975,7511,2351,17664,65544
,,,,,,,,5563,13998,1194,904,1791,205,1106,1974,7510,2350,17610,65242
,,,,,,,,5564,13977,1190,901,1786,204,1103,1968,7493,2341,17669,64702
,,,,,,,,5565,14009,1224,926,1836,210,1134,2021,7710,2403,18230,65392
,,,,,,,,5566,14292,1208,915,1813,207,1120,1995,7619,2371,17785,64247
,,,,,,,,5567,13572,1146,868,1720,196,1063,1891,7234,2246,16690,60547
,,,,,,,,5568,12433,1070,810,1605,183,992,1763,6759,2093,15432,56147
,,,,,,,,5569,11258,1004,760,1506,172,931,1652,6351,1958,14270,52475
,,,,,,,,5570,10460,960,727,1440,164,891,1580,6083,1870,13618,50168
,,,,,,,,5571,9967,932,706,1399,159,866,1533,5911,1815,13229,48877
,,,,,,,,5572,9686,919,695,1378,157,853,1510,5824,1787,13091,48388
,,,,,,,,5573,9581,924,699,1386,158,858,1519,5856,1798,13272,49316
,,,,,,,,5574,9792,968,733,1452,166,898,1591,6134,1884,14084,52565
,,,,,,,,5575,10498,1038,786,1558,178,963,1710,6568,2028,15315,57325
,,,,,,,,5576,11619,1132,857,1698,194,1050,1865,7154,2213,16355,60737
,,,,,,,,5577,12878,1226,928,1839,210,1137,2020,7748,2396,17556,63979
,,,,,,,,5578,13870,1309,991,1964,224,1214,2157,8275,2559,18592,66951
,,,,,,,,5579,14720,1363,1032,2044,233,1264,2247,8607,2667,19437,69808
,,,,,,,,5580,15451,1400,1060,2101,240,1298,2310,8839,2743,20053,71980
,,,,,,,,5581,15950,1421,1076,2131,243,1317,2345,8963,2785,20467,73731
,,,,,,,,5582,16231,1436,1088,2155,246,1331,2371,9057,2818,20891,75234
,,,,,,,,5583,16452,1447,1096,2171,248,1341,2390,9121,2842,21275,76322
,,,,,,,,5584,16566,1461,1106,2192,250,1354,2414,9201,2872,21780,76974
,,,,,,,,5585,16610,1472,1114,2208,252,1363,2433,9261,2896,22207,77532
,,,,,,,,5586,16685,1462,1107,2194,251,1354,2419,9196,2880,22141,76977
,,,,,,,,5587,16540,1407,1065,2110,241,1303,2326,8849,2769,21295,74776
,,,,,,,,5588,15980,1361,1031,2042,233,1261,2249,8571,2675,20739,72260
,,,,,,,,5589,15750,1372,1039,2058,235,1271,2265,8649,2693,20822,71830
,,,,,,,,5590,15865,1324,1002,1986,227,1227,2185,8352,2595,19846,69419
,,,,,,,,5591,14864,1236,936,1854,212,1146,2038,7805,2419,18218,64195
,,,,,,,,5592,13449,1140,863,1711,195,1058,1880,7206,2230,16549,58687
,,,,,,,,5593,12087,1054,798,1581,180,978,1737,6665,2060,15229,54471
,,,,,,,,5594,11129,1000,757,1500,171,928,1646,6327,1950,14438,51850
,,,,,,,,5595,10566,964,730,1446,165,895,1586,6106,1879,13937,50270
,,,,,,,,5596,10245,947,717,1421,162,879,1558,6003,1845,13652,49490
,,,,,,,,5597,10108,950,719,1425,162,882,1562,6019,1850,13753,50064
,,,,,,,,5598,10327,988,748,1483,169,917,1626,6262,1925,14466,52952
,,,,,,,,5599,11120,1060,803,1591,181,983,1747,6704,2072,15662,57400
,,,,,,,,5600,12350,1151,871,1727,197,1067,1898,7269,2253,16712,60447
,,,,,,,,5601,13606,1242,940,1863,213,1151,2048,7839,2431,17746,63699
,,,,,,,,5602,14521,1319,998,1978,226,1223,2175,8325,2583,18768,66906
,,,,,,,,5603,15322,1374,1040,2061,235,1274,2269,8664,2696,19750,69945
,,,,,,,,5604,16042,1418,1073,2127,243,1314,2342,8934,2784,20587,72613
,,,,,,,,5605,16500,1443,1092,2164,247,1337,2384,9085,2835,21313,74842
,,,,,,,,5606,16803,1468,1111,2202,252,1360,2426,9238,2888,22101,76851
,,,,,,,,5607,17139,1489,1127,2233,255,1379,2462,9364,2932,22672,78391
,,,,,,,,5608,17361,1504,1139,2256,258,1392,2489,9451,2966,23127,79165
,,,,,,,,5609,17506,1508,1142,2262,259,1396,2497,9469,2977,23298,79746
,,,,,,,,5610,17566,1492,1129,2237,256,1380,2471,9359,2947,23155,79145
,,,,,,,,5611,17197,1435,1087,2153,246,1329,2377,9011,2835,22373,76889
,,,,,,,,5612,16501,1385,1049,2078,238,1282,2292,8705,2731,21473,74137
,,,,,,,,5613,16183,1394,1056,2092,239,1291,2306,8770,2746,21637,73769
,,,,,,,,5614,16245,1350,1022,2026,231,1251,2232,8501,2656,20593,71217
,,,,,,,,5615,15218,1259,953,1888,216,1166,2079,7933,2472,18831,65572
,,,,,,,,5616,13711,1156,875,1734,198,1071,1908,7291,2266,17071,59698
,,,,,,,,5617,12307,1069,809,1604,183,991,1763,6754,2092,15589,55133
,,,,,,,,5618,11273,1014,768,1521,174,941,1670,6415,1980,14685,52198
,,,,,,,,5619,10646,976,739,1464,167,905,1606,6178,1903,14095,50500
,,,,,,,,5620,10255,952,721,1429,163,884,1567,6033,1856,13740,49690
,,,,,,,,5621,10049,952,720,1427,163,883,1565,6028,1854,13828,50263
,,,,,,,,5622,10181,990,749,1485,169,918,1628,6268,1928,14555,53169
,,,,,,,,5623,10893,1069,809,1604,183,992,1761,6759,2089,15768,57775
,,,,,,,,5624,11959,1169,885,1753,200,1084,1927,7381,2287,16921,61043
,,,,,,,,5625,13303,1268,960,1903,217,1176,2091,8010,2482,18211,64476
,,,,,,,,5626,14347,1355,1026,2033,232,1256,2234,8557,2652,19381,67803
,,,,,,,,5627,15245,1422,1077,2133,244,1318,2347,8972,2788,20670,71346
,,,,,,,,5628,16036,1469,1112,2204,252,1361,2425,9261,2882,21773,74495
,,,,,,,,5629,16604,1494,1131,2241,256,1384,2467,9413,2934,22609,77362
,,,,,,,,5630,16931,1523,1153,2285,261,1411,2517,9593,2994,23266,79830
,,,,,,,,5631,17304,1540,1166,2310,264,1426,2545,9690,3029,23870,81899
,,,,,,,,5632,17588,1553,1175,2329,266,1438,2568,9764,3057,24225,83567
,,,,,,,,5633,17727,1554,1177,2331,267,1439,2572,9766,3064,24440,84727
,,,,,,,,5634,17833,1535,1162,2302,263,1421,2541,9639,3029,24275,84462
,,,,,,,,5635,17526,1478,1119,2217,254,1368,2446,9285,2915,23378,82022
,,,,,,,,5636,16846,1424,1078,2136,244,1319,2355,8954,2805,22371,78743
,,,,,,,,5637,16467,1432,1084,2147,245,1326,2367,9008,2817,22302,77617
,,,,,,,,5638,16535,1388,1051,2082,238,1286,2293,8743,2727,21188,74516
,,,,,,,,5639,15510,1299,983,1949,223,1204,2144,8191,2548,19353,68579
,,,,,,,,5640,14011,1190,901,1786,204,1103,1964,7511,2333,17445,62420
,,,,,,,,5641,12568,1099,832,1649,188,1019,1812,6942,2150,15929,57447
,,,,,,,,5642,11525,1042,789,1563,178,967,1717,6591,2035,14962,54371
,,,,,,,,5643,10883,1004,760,1506,172,932,1653,6356,1959,14337,52480
,,,,,,,,5644,10490,980,742,1470,168,909,1612,6206,1910,14023,51567
,,,,,,,,5645,10321,979,741,1468,167,908,1610,6200,1907,14117,52110
,,,,,,,,5646,10453,1018,770,1527,174,944,1674,6445,1983,14828,54888
,,,,,,,,5647,11192,1091,826,1637,187,1012,1799,6899,2133,16017,59867
,,,,,,,,5648,12315,1186,898,1780,203,1100,1957,7488,2324,17166,63136
,,,,,,,,5649,13727,1286,973,1929,220,1192,2121,8112,2520,18414,66818
,,,,,,,,5650,14880,1362,1031,2043,233,1262,2247,8589,2670,19606,70977
,,,,,,,,5651,15832,1437,1088,2155,246,1331,2372,9053,2821,20813,75056
,,,,,,,,5652,16672,1502,1137,2254,258,1392,2482,9461,2952,22136,78816
,,,,,,,,5653,17310,1544,1169,2315,265,1430,2552,9714,3037,23158,82343
,,,,,,,,5654,17779,1578,1195,2367,271,1461,2610,9924,3107,24074,85290
,,,,,,,,5655,18285,1604,1214,2406,275,1485,2654,10081,3162,24721,87899
,,,,,,,,5656,18571,1618,1225,2427,278,1498,2679,10162,3193,25178,89533
,,,,,,,,5657,18770,1623,1229,2435,279,1502,2689,10186,3207,25437,90659
,,,,,,,,5658,18867,1606,1216,2408,276,1485,2661,10068,3175,25340,90385
,,,,,,,,5659,18545,1538,1164,2307,264,1423,2548,9646,3041,24366,87697
,,,,,,,,5660,17840,1484,1124,2226,255,1374,2458,9317,2930,23207,83932
,,,,,,,,5661,17441,1485,1124,2227,255,1375,2457,9329,2928,23129,82638
,,,,,,,,5662,17459,1433,1085,2150,246,1327,2370,9012,2822,21878,79206
,,,,,,,,5663,16396,1339,1014,2008,230,1240,2213,8429,2633,19955,72730
,,,,,,,,5664,14858,1231,932,1847,211,1141,2033,7758,2418,18074,65910
,,,,,,,,5665,13379,1137,861,1706,195,1054,1876,7175,2228,16514,60511
,,,,,,,,5666,12277,1074,813,1612,184,996,1771,6789,2101,15445,56961
,,,,,,,,5667,11548,1034,782,1551,177,959,1702,6538,2018,14787,54639
,,,,,,,,5668,11102,1010,764,1515,173,937,1662,6389,1970,14436,53442
,,,,,,,,5669,10857,1005,761,1508,172,933,1654,6363,1960,14459,53765
,,,,,,,,5670,10970,1039,787,1559,178,964,1711,6578,2027,15140,56388
,,,,,,,,5671,11640,1107,838,1661,190,1027,1825,6996,2166,16263,60991
,,,,,,,,5672,12690,1203,911,1805,206,1115,1986,7591,2359,17414,64334
,,,,,,,,5673,14008,1308,991,1963,224,1213,2160,8250,2567,18737,68313
,,,,,,,,5674,15146,1397,1058,2096,239,1295,2307,8805,2743,19995,72644
,,,,,,,,5675,16122,1472,1115,2209,252,1364,2433,9267,2896,21208,77211
,,,,,,,,5676,17023,1531,1159,2296,263,1418,2531,9630,3013,22394,81394
,,,,,,,,5677,17663,1572,1191,2359,270,1456,2601,9885,3098,23445,84937
,,,,,,,,5678,18079,1611,1219,2416,276,1491,2666,10118,3176,24393,87964
,,,,,,,,5679,18490,1634,1237,2451,280,1513,2706,10260,3226,25041,90310
,,,,,,,,5680,18728,1651,1250,2476,283,1528,2735,10357,3263,25561,91527
,,,,,,,,5681,18763,1660,1257,2490,285,1536,2752,10408,3285,25757,91965
,,,,,,,,5682,18719,1639,1241,2458,281,1516,2718,10267,3246,25319,90592
,,,,,,,,5683,18257,1570,1189,2355,269,1452,2603,9837,3108,24307,87181
,,,,,,,,5684,17434,1506,1140,2259,258,1393,2496,9446,2978,23197,83165
,,,,,,,,5685,17080,1499,1135,2248,257,1387,2482,9407,2960,22918,81442
,,,,,,,,5686,16981,1443,1092,2164,247,1336,2388,9064,2845,21744,78304
,,,,,,,,5687,16006,1352,1024,2028,232,1252,2236,8503,2662,20060,72628
,,,,,,,,5688,14656,1257,952,1886,215,1165,2077,7916,2471,18370,66604
,,,,,,,,5689,13286,1170,886,1755,200,1084,1932,7379,2296,16916,61418
,,,,,,,,5690,12109,1108,839,1663,190,1028,1827,7001,2169,15773,57482
,,,,,,,,5691,11418,1063,805,1594,182,986,1751,6717,2077,15038,54967
,,,,,,,,5692,10944,1032,782,1549,177,958,1700,6531,2016,14569,53243
,,,,,,,,5693,10660,1020,772,1530,175,946,1679,6457,1990,14365,52390
,,,,,,,,5694,10627,1024,775,1536,175,950,1685,6479,1997,14546,52811
,,,,,,,,5695,10864,1036,785,1555,177,961,1708,6550,2027,14842,54227
,,,,,,,,5696,11252,1081,819,1622,185,1002,1785,6820,2120,15402,55984
,,,,,,,,5697,12163,1175,890,1763,201,1089,1941,7406,2309,16699,60454
,,,,,,,,5698,13385,1273,964,1909,218,1179,2105,8007,2506,18124,65969
,,,,,,,,5699,14457,1355,1026,2033,232,1255,2243,8514,2673,19477,71024
,,,,,,,,5700,15287,1425,1079,2137,244,1319,2358,8947,2811,20629,75437
,,,,,,,,5701,15803,1471,1113,2206,252,1361,2436,9228,2905,21249,78561
,,,,,,,,5702,16108,1490,1129,2236,256,1379,2470,9347,2948,21523,80361
,,,,,,,,5703,16278,1496,1133,2244,257,1384,2481,9374,2963,21498,81065
,,,,,,,,5704,16368,1486,1125,2229,255,1374,2465,9306,2944,21286,81457
,,,,,,,,5705,16371,1466,1110,2199,252,1355,2433,9174,2907,21076,81938
,,,,,,,,5706,16271,1437,1088,2156,247,1329,2386,8994,2852,20707,81427
,,,,,,,,5707,16093,1405,1064,2108,241,1299,2331,8797,2786,20357,79618
,,,,,,,,5708,15617,1378,1043,2067,236,1275,2286,8634,2729,20131,77309
,,,,,,,,5709,15389,1385,1049,2078,238,1282,2296,8689,2739,20313,76219
,,,,,,,,5710,15345,1348,1020,2022,231,1247,2232,8461,2662,19592,73574
,,,,,,,,5711,14559,1278,967,1917,219,1183,2114,8031,2519,18331,68752
,,,,,,,,5712,13404,1194,904,1791,205,1106,1973,7513,2349,16922,63513
,,,,,,,,5713,12199,1117,846,1676,191,1035,1843,7046,2190,15640,58748
,,,,,,,,5714,11217,1059,802,1589,181,982,1746,6694,2071,14685,55421
,,,,,,,,5715,10565,1018,771,1527,174,944,1677,6436,1988,14094,53053
,,,,,,,,5716,10150,989,748,1483,169,917,1628,6256,1929,13715,51559
,,,,,,,,5717,9883,973,737,1460,166,903,1601,6160,1897,13520,50664
,,,,,,,,5718,9811,970,735,1456,166,900,1597,6144,1892,13633,50554
,,,,,,,,5719,9930,969,734,1454,166,899,1597,6129,1895,13695,51404
,,,,,,,,5720,10043,999,756,1498,171,926,1647,6304,1956,14225,52389
,,,,,,,,5721,10801,1081,818,1621,185,1002,1784,6817,2119,15444,56724
,,,,,,,,5722,11970,1169,885,1753,200,1083,1931,7364,2296,16830,62092
,,,,,,,,5723,13045,1247,944,1870,214,1155,2061,7844,2453,18161,66996
,,,,,,,,5724,13883,1310,992,1966,225,1214,2167,8243,2580,19313,70989
,,,,,,,,5725,14544,1355,1026,2033,232,1255,2242,8518,2671,20185,74207
,,,,,,,,5726,15015,1388,1051,2083,238,1285,2298,8721,2740,20868,76372
,,,,,,,,5727,15286,1413,1070,2120,242,1308,2340,8871,2790,21412,77689
,,,,,,,,5728,15545,1430,1083,2145,245,1323,2368,8972,2825,21806,78340
,,,,,,,,5729,15809,1443,1093,2165,248,1335,2392,9051,2855,22089,79063
,,,,,,,,5730,16034,1440,1090,2159,247,1332,2386,9025,2848,21964,78736
,,,,,,,,5731,16209,1416,1072,2123,243,1310,2346,8877,2800,21477,77832
,,,,,,,,5732,15922,1382,1047,2074,237,1279,2291,8673,2733,20947,76428
,,,,,,,,5733,15723,1406,1065,2110,241,1302,2328,8831,2776,21163,76581
,,,,,,,,5734,15753,1373,1040,2060,236,1271,2273,8628,2708,20343,73823
,,,,,,,,5735,14775,1300,984,1950,223,1204,2150,8180,2559,18897,68498
,,,,,,,,5736,13385,1207,914,1810,207,1118,1993,7600,2371,17379,63180
,,,,,,,,5737,12088,1128,854,1692,193,1046,1860,7119,2209,15992,58775
,,,,,,,,5738,11136,1078,816,1618,185,1000,1777,6817,2107,15218,55985
,,,,,,,,5739,10560,1042,789,1564,178,967,1716,6595,2034,14705,54438
,,,,,,,,5740,10222,1027,777,1541,176,953,1690,6501,2003,14564,53780
,,,,,,,,5741,10066,1035,784,1553,177,961,1703,6555,2018,14799,54716
,,,,,,,,5742,10272,1082,819,1624,185,1004,1782,6854,2111,15701,58153
,,,,,,,,5743,11068,1163,880,1745,199,1079,1917,7350,2274,17206,64043
,,,,,,,,5744,12251,1261,955,1892,216,1169,2080,7958,2470,18535,67971
,,,,,,,,5745,13657,1370,1037,2055,235,1270,2261,8645,2686,19903,71697
,,,,,,,,5746,14781,1468,1112,2202,252,1361,2423,9260,2879,21311,75382
,,,,,,,,5747,15749,1538,1164,2306,264,1425,2540,9686,3020,22513,79436
,,,,,,,,5748,16589,1586,1201,2379,272,1469,2621,9987,3119,23378,82940
,,,,,,,,5749,17275,1601,1212,2402,275,1483,2647,10074,3152,23788,86004
,,,,,,,,5750,17755,1599,1210,2398,274,1480,2645,10052,3150,24352,88747
,,,,,,,,5751,18306,1597,1209,2396,274,1479,2643,10036,3150,24857,90697
,,,,,,,,5752,18621,1602,1213,2403,275,1483,2653,10057,3163,25261,91716
,,,,,,,,5753,18733,1607,1217,2410,276,1487,2662,10080,3176,25581,92432
,,,,,,,,5754,18740,1595,1208,2393,274,1476,2644,10002,3156,25583,92384
,,,,,,,,5755,18404,1552,1175,2328,266,1436,2572,9737,3068,25021,89839
,,,,,,,,5756,17819,1525,1155,2287,262,1411,2525,9574,3010,24391,86697
,,,,,,,,5757,17835,1541,1167,2312,264,1427,2551,9686,3040,24386,85279
,,,,,,,,5758,17784,1495,1132,2243,256,1385,2473,9404,2944,23081,80991
,,,,,,,,5759,16748,1407,1066,2111,241,1304,2326,8861,2767,21230,74329
,,,,,,,,5760,15279,1305,988,1958,224,1210,2156,8227,2563,19347,67627
,,,,,,,,5761,13888,1211,917,1817,207,1122,1999,7636,2375,17880,62455
,,,,,,,,5762,12931,1153,873,1730,197,1069,1901,7282,2257,16946,58931
,,,,,,,,5763,12331,1115,844,1672,191,1034,1836,7047,2178,16347,56829
,,,,,,,,5764,11973,1095,829,1643,187,1016,1803,6927,2138,16106,55867
,,,,,,,,5765,11831,1097,830,1645,188,1018,1806,6940,2141,16266,56368
,,,,,,,,5766,12064,1140,863,1710,195,1057,1877,7211,2225,17200,59410
,,,,,,,,5767,13008,1229,931,1844,211,1140,2027,7762,2406,18832,64917
,,,,,,,,5768,14570,1319,998,1978,226,1222,2177,8314,2588,19997,68351
,,,,,,,,5769,15876,1406,1065,2110,241,1303,2323,8862,2762,20992,71771
,,,,,,,,5770,16607,1485,1124,2228,255,1376,2454,9354,2918,21955,75713
,,,,,,,,5771,17064,1539,1166,2309,264,1426,2546,9682,3031,23004,79761
,,,,,,,,5772,17533,1591,1205,2387,273,1473,2632,10003,3135,24086,83719
,,,,,,,,5773,18071,1629,1233,2443,279,1508,2696,10234,3212,25034,87249
,,,,,,,,5774,18507,1660,1257,2490,285,1536,2748,10421,3277,25833,89941
,,,,,,,,5775,19032,1677,1270,2515,288,1552,2778,10520,3313,26334,91841
,,,,,,,,5776,19417,1685,1276,2527,289,1559,2793,10565,3333,26734,93207
,,,,,,,,5777,19603,1683,1274,2524,289,1557,2791,10546,3332,26939,93930
,,,,,,,,5778,19713,1657,1254,2485,284,1532,2748,10374,3283,26674,93022
,,,,,,,,5779,19348,1583,1199,2375,272,1464,2625,9918,3135,25483,89613
,,,,,,,,5780,18486,1518,1149,2277,260,1404,2515,9519,3001,24219,85171
,,,,,,,,5781,18150,1520,1151,2280,261,1406,2517,9539,3002,23814,83312
,,,,,,,,5782,17887,1456,1103,2184,250,1348,2410,9148,2872,22311,79002
,,,,,,,,5783,16557,1351,1023,2027,232,1251,2235,8498,2661,20153,72041
,,,,,,,,5784,14798,1239,938,1859,212,1148,2047,7802,2436,18194,65249
,,,,,,,,5785,13220,1141,864,1712,195,1058,1882,7208,2234,16516,60023
,,,,,,,,5786,11985,1077,815,1616,184,999,1774,6810,2104,15495,56432
,,,,,,,,5787,11202,1027,777,1540,176,952,1690,6496,2003,14756,54136
,,,,,,,,5788,10682,1000,757,1501,171,928,1646,6332,1951,14372,53043
,,,,,,,,5789,10394,994,752,1491,170,922,1636,6293,1938,14351,53378
,,,,,,,,5790,10445,1028,779,1543,176,954,1693,6512,2005,15060,56311
,,,,,,,,5791,11198,1094,828,1641,187,1014,1803,6912,2139,16294,61632
,,,,,,,,5792,12430,1175,890,1763,201,1090,1938,7422,2301,17392,64871
,,,,,,,,5793,13597,1264,957,1895,216,1171,2084,7977,2474,18495,68324
,,,,,,,,5794,14307,1326,1004,1990,227,1230,2187,8376,2597,19508,72072
,,,,,,,,5795,14844,1375,1041,2062,236,1274,2268,8674,2693,20376,75928
,,,,,,,,5796,15296,1403,1062,2105,240,1300,2315,8850,2750,21190,79347
,,,,,,,,5797,15581,1418,1074,2128,243,1314,2341,8944,2781,21768,82221
,,,,,,,,5798,15745,1437,1088,2155,246,1332,2372,9059,2819,22384,84781
,,,,,,,,5799,15998,1456,1102,2184,250,1349,2404,9175,2858,22946,86952
,,,,,,,,5800,16210,1473,1115,2209,252,1364,2433,9275,2894,23406,88735
,,,,,,,,5801,16385,1484,1123,2225,254,1374,2452,9337,2918,23721,89958
,,,,,,,,5802,16557,1474,1116,2211,253,1365,2438,9271,2903,23654,89651
,,,,,,,,5803,16378,1416,1072,2124,243,1311,2341,8907,2787,22750,86739
,,,,,,,,5804,15777,1363,1032,2045,234,1263,2253,8583,2681,21726,82558
,,,,,,,,5805,15608,1370,1038,2056,235,1270,2264,8633,2692,21639,81224
,,,,,,,,5806,15482,1314,995,1972,225,1218,2170,8286,2579,20389,77107
,,,,,,,,5807,14325,1223,926,1835,210,1134,2018,7719,2397,18469,70354
,,,,,,,,5808,12805,1123,850,1685,192,1041,1852,7093,2199,16730,63787
,,,,,,,,5809,11401,1040,787,1560,178,965,1713,6579,2030,15253,58895
,,,,,,,,5810,10450,984,745,1476,168,913,1619,6230,1917,14260,55472
,,,,,,,,5811,9880,946,716,1419,162,878,1556,5995,1842,13686,53265
,,,,,,,,5812,9545,927,702,1390,158,860,1524,5876,1804,13457,52342
,,,,,,,,5813,9412,927,702,1390,158,860,1524,5875,1804,13474,52701
,,,,,,,,5814,9589,966,731,1449,165,897,1589,6122,1880,14151,55449
,,,,,,,,5815,10410,1041,788,1562,178,966,1714,6584,2033,15413,60658
,,,,,,,,5816,11744,1133,858,1700,194,1051,1867,7161,2215,16580,64103
,,,,,,,,5817,12967,1231,932,1846,211,1141,2028,7779,2405,17714,67564
,,,,,,,,5818,13825,1297,982,1946,222,1203,2137,8198,2535,18724,71352
,,,,,,,,5819,14550,1357,1027,2035,232,1258,2236,8570,2654,19713,75407
,,,,,,,,5820,15205,1398,1058,2097,240,1296,2305,8828,2737,20621,79414
,,,,,,,,5821,15624,1426,1080,2139,244,1322,2352,9001,2793,21359,82888
,,,,,,,,5822,15877,1459,1105,2189,250,1353,2408,9206,2860,22192,86461
,,,,,,,,5823,16247,1492,1129,2238,256,1383,2462,9407,2925,22937,89255
,,,,,,,,5824,16525,1517,1149,2276,260,1406,2505,9563,2978,23691,91752
,,,,,,,,5825,16744,1532,1160,2298,263,1419,2530,9647,3009,24237,93506
,,,,,,,,5826,16926,1523,1153,2284,261,1411,2517,9586,2995,24280,93428
,,,,,,,,5827,16641,1462,1107,2193,251,1354,2417,9205,2875,23374,90662
,,,,,,,,5828,16000,1421,1076,2132,244,1317,2347,8957,2791,22404,86785
,,,,,,,,5829,15985,1430,1082,2145,245,1325,2360,9014,2804,22243,85278
,,,,,,,,5830,15932,1375,1041,2062,236,1274,2268,8674,2694,21001,80987
,,,,,,,,5831,14837,1286,974,1930,220,1193,2121,8123,2518,19138,74115
,,,,,,,,5832,13389,1190,901,1785,204,1104,1962,7520,2327,17457,67203
,,,,,,,,5833,11994,1094,829,1642,187,1015,1805,6910,2143,15852,61568
,,,,,,,,5834,11030,1035,784,1553,177,960,1705,6547,2022,14885,57923
,,,,,,,,5835,10412,994,753,1492,170,922,1637,6292,1940,14333,55843
,,,,,,,,5836,10065,972,736,1459,166,902,1601,6157,1896,13990,54579
,,,,,,,,5837,9904,972,736,1458,166,902,1599,6154,1894,13983,55096
,,,,,,,,5838,10085,1010,764,1514,173,937,1661,6392,1968,14737,57867
,,,,,,,,5839,10862,1082,819,1623,185,1003,1784,6837,2117,15958,62925
,,,,,,,,5840,12066,1171,887,1757,201,1086,1933,7389,2296,17169,66608
,,,,,,,,5841,13325,1277,967,1916,219,1184,2108,8052,2506,18584,70785
,,,,,,,,5842,14353,1369,1036,2054,235,1268,2261,8627,2688,20086,75817
,,,,,,,,5843,15236,1450,1097,2174,249,1343,2396,9123,2851,21668,81253
,,,,,,,,5844,16026,1517,1149,2276,260,1405,2509,9544,2987,23141,86151
,,,,,,,,5845,16651,1564,1184,2346,268,1448,2588,9831,3083,24281,90088
,,,,,,,,5846,17104,1613,1221,2419,277,1493,2670,10132,3182,25210,93743
,,,,,,,,5847,17641,1654,1253,2482,284,1531,2740,10384,3267,25993,96257
,,,,,,,,5848,17999,1678,1271,2517,288,1553,2781,10523,3319,26693,97897
,,,,,,,,5849,18223,1687,1277,2530,290,1560,2797,10566,3340,27114,98542
,,,,,,,,5850,18312,1674,1267,2511,287,1548,2778,10477,3320,26995,97371
,,,,,,,,5851,18048,1613,1222,2420,277,1492,2677,10101,3198,25893,93602
,,,,,,,,5852,17353,1561,1182,2342,268,1444,2589,9785,3090,24633,89122
,,,,,,,,5853,17155,1564,1184,2346,268,1447,2591,9812,3091,24087,87357
,,,,,,,,5854,17006,1506,1140,2259,258,1394,2493,9458,2972,22690,83309
,,,,,,,,5855,16070,1419,1074,2129,243,1314,2347,8923,2796,20920,77526
,,,,,,,,5856,14822,1320,999,1980,226,1222,2181,8306,2596,19071,71171
,,,,,,,,5857,13513,1233,933,1849,211,1142,2035,7771,2419,17553,65916
,,,,,,,,5858,12398,1161,879,1741,199,1076,1915,7328,2273,16474,61688
,,,,,,,,5859,11665,1111,841,1667,190,1030,1832,7021,2173,15678,59052
,,,,,,,,5860,11216,1076,814,1614,184,998,1772,6803,2102,15127,57228
,,,,,,,,5861,10911,1055,799,1583,181,979,1737,6677,2059,14892,56306
,,,,,,,,5862,10781,1053,797,1580,180,977,1735,6665,2056,15013,56506
,,,,,,,,5863,10969,1065,806,1598,182,988,1755,6731,2083,15290,57906
,,,,,,,,5864,11256,1099,832,1649,188,1018,1815,6927,2158,15930,59595
,,,,,,,,5865,12139,1194,904,1790,205,1105,1973,7509,2349,17503,63976
,,,,,,,,5866,13437,1294,980,1942,222,1199,2141,8138,2551,19292,69004
,,,,,,,,5867,14540,1376,1042,2064,236,1273,2278,8635,2717,20898,73490
,,,,,,,,5868,15329,1446,1095,2169,248,1338,2395,9076,2857,22301,76847
,,,,,,,,5869,15835,1495,1132,2242,256,1383,2477,9373,2955,23406,79436
,,,,,,,,5870,16074,1519,1150,2279,261,1405,2519,9519,3008,24181,81295
,,,,,,,,5871,16087,1526,1156,2289,262,1412,2533,9557,3026,24763,82382
,,,,,,,,5872,16058,1523,1153,2285,262,1409,2528,9534,3022,25037,82696
,,,,,,,,5873,15939,1521,1152,2282,261,1406,2526,9514,3020,25007,82258
,,,,,,,,5874,15817,1496,1132,2243,257,1382,2484,9350,2971,24524,80529
,,,,,,,,5875,15600,1454,1101,2180,250,1344,2414,9093,2886,23708,78207
,,,,,,,,5876,15107,1418,1074,2128,243,1312,2354,8881,2812,23145,76694
,,,,,,,,5877,14988,1423,1077,2134,244,1316,2359,8920,2816,22819,76266
,,,,,,,,5878,14841,1378,1043,2067,236,1275,2283,8645,2724,21705,73494
,,,,,,,,5879,14050,1308,990,1961,224,1210,2165,8212,2580,20279,69145
,,,,,,,,5880,12958,1229,930,1843,211,1138,2032,7726,2419,18623,64520
,,,,,,,,5881,11828,1154,874,1731,198,1069,1906,7273,2266,17192,60156
,,,,,,,,5882,10862,1096,830,1644,188,1016,1807,6918,2146,16174,56857
,,,,,,,,5883,10280,1049,794,1574,180,973,1729,6627,2052,15455,54768
,,,,,,,,5884,9903,1018,770,1527,174,944,1677,6434,1988,14972,53344
,,,,,,,,5885,9686,999,756,1498,171,927,1645,6319,1950,14712,52688
,,,,,,,,5886,9609,996,754,1494,170,924,1640,6302,1945,14740,52866
,,,,,,,,5887,9719,995,753,1492,170,922,1639,6286,1945,14844,53821
,,,,,,,,5888,9851,1009,764,1513,173,935,1666,6359,1980,15240,55232
,,,,,,,,5889,10521,1083,820,1624,186,1003,1790,6818,2129,16457,58957
,,,,,,,,5890,11597,1169,885,1753,200,1082,1932,7353,2300,17779,63496
,,,,,,,,5891,12498,1239,938,1858,212,1147,2050,7781,2444,18943,67183
,,,,,,,,5892,13118,1297,982,1945,222,1200,2147,8146,2558,19873,70191
,,,,,,,,5893,13557,1340,1014,2010,230,1240,2219,8411,2645,20438,72569
,,,,,,,,5894,13866,1358,1028,2037,233,1256,2250,8518,2684,20600,74225
,,,,,,,,5895,14001,1369,1037,2054,235,1267,2270,8583,2710,20528,75160
,,,,,,,,5896,14071,1377,1043,2066,236,1274,2284,8628,2727,20383,75893
,,,,,,,,5897,14120,1378,1044,2067,237,1275,2287,8630,2732,20361,76268
,,,,,,,,5898,14126,1371,1038,2056,235,1267,2274,8579,2718,20304,75878
,,,,,,,,5899,14184,1349,1022,2024,232,1248,2238,8449,2674,20124,74584
,,,,,,,,5900,14007,1337,1012,2005,229,1237,2217,8380,2646,20201,73391
,,,,,,,,5901,14058,1356,1026,2033,233,1254,2246,8505,2679,20280,72831
,,,,,,,,5902,13981,1322,1001,1982,227,1223,2188,8298,2608,19676,70505
,,,,,,,,5903,13280,1266,958,1899,217,1172,2094,7960,2494,18702,66556
,,,,,,,,5904,12284,1190,901,1785,204,1102,1967,7490,2340,17423,62108
,,,,,,,,5905,11203,1117,846,1676,191,1036,1843,7054,2188,16204,57914
,,,,,,,,5906,10351,1066,807,1599,182,989,1756,6741,2082,15322,54911
,,,,,,,,5907,9810,1028,778,1543,176,954,1693,6506,2007,14800,53045
,,,,,,,,5908,9474,1006,761,1509,172,933,1655,6366,1961,14526,51946
,,,,,,,,5909,9306,997,755,1496,171,925,1641,6313,1943,14530,51762
,,,,,,,,5910,9344,1007,763,1511,172,935,1658,6377,1965,14895,52552
,,,,,,,,5911,9791,1026,777,1540,176,952,1693,6482,2009,15409,54118
,,,,,,,,5912,10149,1051,795,1576,180,974,1734,6629,2059,15806,55406
,,,,,,,,5913,10801,1117,846,1676,191,1036,1843,7053,2188,16777,59079
,,,,,,,,5914,11775,1194,904,1791,204,1107,1969,7537,2337,17992,64292
,,,,,,,,5915,12754,1257,952,1885,215,1165,2074,7931,2463,18979,69196
,,,,,,,,5916,13505,1299,983,1948,223,1204,2144,8189,2549,19653,73283
,,,,,,,,5917,13964,1328,1005,1992,228,1230,2193,8364,2608,20020,76197
,,,,,,,,5918,14201,1339,1014,2009,230,1241,2213,8431,2633,20066,78232
,,,,,,,,5919,14357,1343,1017,2014,230,1244,2220,8448,2643,20080,79784
,,,,,,,,5920,14522,1347,1020,2021,231,1247,2229,8470,2655,20111,81096
,,,,,,,,5921,14684,1347,1019,2020,231,1246,2229,8458,2656,20188,81879
,,,,,,,,5922,14931,1351,1023,2027,232,1251,2238,8482,2668,20285,82197
,,,,,,,,5923,14973,1337,1012,2005,229,1237,2214,8395,2639,20064,80949
,,,,,,,,5924,14717,1337,1012,2005,229,1238,2213,8400,2637,20125,79505
,,,,,,,,5925,14997,1363,1032,2044,234,1262,2254,8569,2685,20312,79523
,,,,,,,,5926,14907,1323,1002,1985,227,1226,2188,8329,2604,19499,76117
,,,,,,,,5927,13847,1249,946,1874,214,1157,2063,7870,2452,18183,70647
,,,,,,,,5928,12485,1162,880,1744,199,1077,1918,7333,2279,16838,65265
,,,,,,,,5929,11227,1094,828,1641,187,1014,1804,6910,2141,15661,60926
,,,,,,,,5930,10325,1051,795,1576,180,974,1731,6641,2054,14963,57975
,,,,,,,,5931,9883,1021,773,1532,175,947,1682,6460,1994,14534,56133
,,,,,,,,5932,9680,1010,764,1515,173,937,1662,6392,1969,14409,55434
,,,,,,,,5933,9642,1017,770,1525,174,944,1673,6439,1982,14613,56369
,,,,,,,,5934,9910,1070,810,1606,183,993,1762,6775,2088,15666,60021
,,,,,,,,5935,10898,1179,893,1769,202,1093,1944,7446,2308,17563,66845
,,,,,,,,5936,12657,1285,973,1928,220,1191,2121,8106,2521,18934,71242
,,,,,,,,5937,13918,1376,1042,2064,236,1275,2271,8677,2698,19979,74275
,,,,,,,,5938,14599,1446,1095,2169,248,1340,2387,9117,2837,21119,77535
,,,,,,,,5939,15160,1508,1142,2262,259,1397,2491,9499,2963,22122,81081
,,,,,,,,5940,15620,1547,1171,2321,265,1433,2557,9739,3043,22918,84872
,,,,,,,,5941,15858,1564,1184,2346,268,1448,2586,9838,3079,23562,88354
,,,,,,,,5942,15925,1579,1195,2368,271,1461,2612,9921,3111,24062,91289
,,,,,,,,5943,16051,1589,1203,2384,273,1471,2631,9979,3136,24311,93262
,,,,,,,,5944,16074,1583,1199,2375,272,1465,2623,9932,3128,24466,94514
,,,,,,,,5945,16178,1573,1191,2359,270,1455,2608,9860,3113,24440,95099
,,,,,,,,5946,16376,1567,1187,2351,269,1450,2600,9817,3105,24236,94576
,,,,,,,,5947,16470,1542,1168,2313,265,1427,2557,9664,3054,23695,92150
,,,,,,,,5948,16421,1548,1172,2321,266,1432,2565,9706,3060,23766,89854
,,,,,,,,5949,16712,1555,1177,2333,267,1439,2576,9761,3071,23825,88937
,,,,,,,,5950,16440,1496,1132,2244,257,1385,2475,9398,2949,22694,84315
,,,,,,,,5951,15409,1400,1060,2100,240,1296,2315,8805,2756,21010,77473
,,,,,,,,5952,14031,1295,980,1943,222,1200,2140,8156,2545,19303,70669
,,,,,,,,5953,12762,1208,915,1812,207,1120,1994,7621,2369,17912,65085
,,,,,,,,5954,11907,1156,875,1734,198,1072,1906,7302,2262,17006,61179
,,,,,,,,5955,11437,1118,847,1678,191,1037,1842,7071,2185,16451,58877
,,,,,,,,5956,11226,1098,831,1647,188,1019,1808,6947,2143,16245,57729
,,,,,,,,5957,11169,1102,834,1654,189,1023,1815,6976,2150,16410,58298
,,,,,,,,5958,11479,1154,873,1731,197,1070,1900,7299,2252,17442,61371
,,,,,,,,5959,12514,1270,961,1905,218,1177,2094,8016,2487,19508,67746
,,,,,,,,5960,14434,1370,1037,2056,235,1270,2263,8636,2690,20808,71479
,,,,,,,,5961,15750,1453,1100,2179,249,1346,2399,9153,2853,21708,74252
,,,,,,,,5962,16457,1506,1140,2259,258,1395,2488,9485,2959,22677,77244
,,,,,,,,5963,17098,1548,1172,2322,265,1434,2560,9741,3047,23540,80266
,,,,,,,,5964,17391,1578,1195,2368,271,1462,2611,9924,3109,24103,83559
,,,,,,,,5965,17462,1576,1193,2364,270,1459,2608,9900,3108,24487,86591
,,,,,,,,5966,17410,1585,1200,2378,272,1467,2625,9951,3130,25065,89212
,,,,,,,,5967,17524,1586,1201,2380,272,1468,2628,9952,3136,25291,91244
,,,,,,,,5968,17682,1590,1204,2385,273,1471,2637,9969,3147,25491,92766
,,,,,,,,5969,17801,1608,1217,2411,276,1487,2666,10069,3185,25712,93428
,,,,,,,,5970,18004,1612,1220,2417,277,1490,2675,10089,3196,25698,92612
,,,,,,,,5971,17926,1567,1186,2350,269,1449,2599,9812,3104,24887,89900
,,,,,,,,5972,17513,1538,1164,2307,264,1423,2550,9639,3044,24265,87323
,,,,,,,,5973,17592,1542,1168,2314,265,1427,2556,9675,3049,24046,86562
,,,,,,,,5974,17255,1466,1110,2199,251,1357,2427,9206,2893,22402,81853
,,,,,,,,5975,15948,1354,1025,2031,232,1254,2240,8515,2667,20262,75135
,,,,,,,,5976,14303,1242,941,1864,213,1151,2053,7823,2442,18277,68671
,,,,,,,,5977,12808,1146,868,1720,196,1063,1892,7230,2249,16719,63461
,,,,,,,,5978,11716,1083,820,1624,185,1004,1785,6837,2119,15667,59984
,,,,,,,,5979,11044,1040,787,1560,178,965,1714,6574,2033,15015,57717
,,,,,,,,5980,10670,1018,771,1528,174,945,1677,6442,1989,14669,56571
,,,,,,,,5981,10511,1020,773,1531,175,947,1680,6458,1991,14772,57120
,,,,,,,,5982,10692,1067,808,1601,183,990,1757,6750,2083,15693,60350
,,,,,,,,5983,11575,1176,890,1764,201,1090,1939,7422,2303,17477,66480
,,,,,,,,5984,13146,1269,961,1903,217,1176,2095,7999,2490,18633,69953
,,,,,,,,5985,14330,1346,1019,2019,231,1247,2222,8485,2640,19444,72794
,,,,,,,,5986,15000,1403,1062,2105,240,1300,2316,8846,2753,20186,75941
,,,,,,,,5987,15574,1451,1098,2176,249,1344,2397,9139,2850,20952,79246
,,,,,,,,5988,16109,1487,1126,2230,255,1377,2457,9358,2923,21532,82174
,,,,,,,,5989,16420,1516,1148,2275,260,1404,2507,9540,2985,21938,84737
,,,,,,,,5990,16551,1550,1174,2326,266,1436,2565,9749,3054,22407,87468
,,,,,,,,5991,16901,1573,1191,2359,270,1456,2603,9883,3102,22723,89270
,,,,,,,,5992,17233,1583,1199,2375,272,1465,2621,9939,3125,23175,90869
,,,,,,,,5993,17429,1588,1202,2381,272,1469,2630,9959,3137,23584,92027
,,,,,,,,5994,17486,1577,1194,2366,271,1459,2614,9888,3120,23773,91436
,,,,,,,,5995,17171,1530,1158,2294,262,1415,2535,9593,3025,23268,88482
,,,,,,,,5996,16741,1512,1145,2268,259,1399,2505,9490,2988,23045,85296
,,,,,,,,5997,17064,1515,1147,2272,260,1402,2508,9513,2990,23013,84081
,,,,,,,,5998,16803,1447,1096,2171,248,1340,2394,9100,2852,21632,79545
,,,,,,,,5999,15634,1347,1020,2020,231,1248,2226,8479,2649,19618,72710
,,,,,,,,6000,14075,1239,938,1859,212,1148,2047,7810,2434,17775,66191
,,,,,,,,6001,12667,1144,866,1716,196,1060,1888,7216,2243,16324,60778
,,,,,,,,6002,11672,1086,822,1629,186,1007,1790,6858,2125,15360,57175
,,,,,,,,6003,11075,1042,789,1564,178,967,1718,6589,2037,14765,55193
,,,,,,,,6004,10726,1020,772,1531,175,946,1680,6455,1992,14502,54167
,,,,,,,,6005,10567,1026,777,1540,176,952,1690,6495,2002,14630,54624
,,,,,,,,6006,10781,1072,812,1609,184,995,1766,6784,2094,15494,57548
,,,,,,,,6007,11693,1179,892,1768,202,1093,1944,7440,2309,17197,63306
,,,,,,,,6008,13301,1271,963,1907,218,1178,2100,8013,2496,18430,67147
,,,,,,,,6009,14523,1362,1031,2043,233,1262,2249,8582,2674,19676,70434
,,,,,,,,6010,15343,1445,1094,2167,248,1339,2387,9102,2838,21054,74365
,,,,,,,,6011,16137,1520,1151,2280,261,1408,2513,9565,2991,22436,78427
,,,,,,,,6012,16916,1581,1197,2371,271,1464,2614,9941,3112,23860,82657
,,,,,,,,6013,17628,1627,1232,2441,279,1506,2692,10226,3207,25047,85966
,,,,,,,,6014,18124,1673,1267,2510,287,1549,2770,10510,3302,26242,89008
,,,,,,,,6015,18582,1704,1290,2557,292,1577,2823,10697,3366,27045,90689
,,,,,,,,6016,18962,1725,1306,2587,296,1596,2858,10816,3410,27572,91153
,,,,,,,,6017,19169,1729,1309,2593,297,1599,2867,10834,3423,27731,90617
,,,,,,,,6018,19186,1685,1276,2528,289,1558,2796,10553,3340,27278,88483
,,,,,,,,6019,18698,1609,1218,2414,276,1489,2669,10082,3187,26015,84477
,,,,,,,,6020,17962,1581,1197,2371,271,1463,2620,9912,3127,25085,80643
,,,,,,,,6021,17971,1565,1185,2347,268,1448,2592,9817,3092,24437,79072
,,,,,,,,6022,17574,1500,1136,2251,257,1389,2483,9425,2960,22979,75150
,,,,,,,,6023,16491,1405,1064,2108,241,1301,2324,8837,2767,21037,69958
,,,,,,,,6024,15074,1301,985,1952,223,1205,2150,8194,2557,19147,64364
,,,,,,,,6025,13685,1212,917,1818,208,1123,2001,7635,2380,17548,59618
,,,,,,,,6026,12577,1141,864,1712,195,1058,1883,7203,2236,16337,56168
,,,,,,,,6027,11883,1100,833,1650,188,1020,1813,6948,2152,15616,53934
,,,,,,,,6028,11448,1073,812,1609,184,995,1767,6781,2096,15181,52574
,,,,,,,,6029,11202,1052,796,1578,180,976,1732,6653,2054,15042,52221
,,,,,,,,6030,11185,1067,808,1600,183,990,1757,6747,2084,15276,52656
,,,,,,,,6031,11510,1095,829,1643,188,1016,1805,6920,2142,15762,54232
,,,,,,,,6032,12022,1140,863,1710,195,1056,1883,7183,2239,16491,55961
,,,,,,,,6033,12917,1234,934,1851,211,1143,2040,7763,2428,17959,59762
,,,,,,,,6034,14156,1316,996,1974,226,1218,2177,8273,2593,19419,63675
,,,,,,,,6035,15209,1367,1035,2050,234,1265,2264,8580,2700,20651,67143
,,,,,,,,6036,15989,1402,1062,2103,241,1298,2323,8800,2770,21741,69642
,,,,,,,,6037,16426,1430,1083,2145,245,1323,2370,8969,2828,22536,71071
,,,,,,,,6038,16625,1447,1096,2170,248,1338,2400,9066,2865,23080,71913
,,,,,,,,6039,16635,1451,1098,2176,249,1342,2407,9083,2876,23388,71895
,,,,,,,,6040,16599,1453,1100,2179,249,1343,2411,9094,2882,23439,70908
,,,,,,,,6041,16557,1440,1090,2160,247,1331,2391,9009,2859,23119,68321
,,,,,,,,6042,16514,1411,1068,2116,242,1304,2343,8822,2802,21969,66638
,,,,,,,,6043,16558,1361,1030,2041,234,1258,2259,8514,2700,20847,64843
,,,,,,,,6044,16603,1351,1023,2026,232,1249,2241,8462,2677,20323,63933
,,,,,,,,6045,16702,1332,1008,1998,228,1232,2208,8350,2635,19580,63902
,,,,,,,,6046,16216,1263,956,1895,217,1169,2092,7926,2496,18499,61540
,,,,,,,,6047,15225,1184,896,1776,203,1096,1960,7439,2335,17207,57886
,,,,,,,,6048,13842,1103,835,1655,189,1022,1825,6941,2173,15774,53825
,,,,,,,,6049,12448,1031,781,1547,177,956,1701,6509,2021,14571,50269
,,,,,,,,6050,11364,978,740,1467,167,907,1612,6182,1912,13678,47628
,,,,,,,,6051,10668,942,713,1414,161,874,1553,5959,1841,13104,46052
,,,,,,,,6052,10166,917,694,1376,157,851,1510,5801,1790,12753,44914
,,,,,,,,6053,9872,903,684,1355,154,838,1487,5716,1762,12540,44437
,,,,,,,,6054,9754,906,686,1359,155,840,1491,5733,1767,12573,44512
,,,,,,,,6055,9848,913,691,1370,156,847,1504,5771,1784,12710,45496
,,,,,,,,6056,10089,928,703,1393,159,861,1531,5861,1818,13024,46601
,,,,,,,,6057,10611,993,752,1490,170,920,1639,6264,1947,13945,49700
,,,,,,,,6058,11510,1066,807,1600,183,989,1760,6729,2090,15041,53095
,,,,,,,,6059,12289,1126,853,1690,193,1044,1860,7101,2211,15947,55910
,,,,,,,,6060,12776,1165,882,1747,200,1079,1923,7342,2285,16644,58218
,,,,,,,,6061,13114,1189,900,1784,204,1102,1964,7496,2335,17186,60048
,,,,,,,,6062,13325,1205,912,1807,206,1116,1991,7589,2368,17576,61044
,,,,,,,,6063,13347,1214,919,1822,208,1125,2007,7647,2388,17860,61727
,,,,,,,,6064,13411,1226,928,1839,210,1135,2026,7715,2411,18124,62615
,,,,,,,,6065,13562,1234,934,1851,211,1142,2040,7760,2429,18415,63319
,,,,,,,,6066,13786,1239,938,1859,212,1147,2050,7791,2441,18550,63594
,,,,,,,,6067,14040,1227,929,1841,210,1136,2030,7717,2417,18272,63023
,,,,,,,,6068,13998,1242,941,1864,213,1151,2054,7819,2444,18431,62841
,,,,,,,,6069,14338,1260,954,1890,216,1167,2081,7938,2474,18469,63757
,,,,,,,,6070,14072,1203,911,1805,206,1115,1986,7584,2361,17430,61062
,,,,,,,,6071,13033,1125,852,1688,193,1043,1856,7099,2205,16033,56659
,,,,,,,,6072,11761,1037,785,1556,178,962,1711,6552,2030,14622,52347
,,,,,,,,6073,10609,974,738,1462,167,904,1602,6176,1896,13571,49040
,,,,,,,,6074,9826,925,700,1388,158,859,1521,5866,1801,12906,46876
,,,,,,,,6075,9349,896,678,1344,153,831,1473,5678,1743,12502,45813
,,,,,,,,6076,9113,879,666,1319,150,816,1446,5575,1711,12361,45654
,,,,,,,,6077,9042,883,669,1325,151,820,1453,5600,1719,12528,46595
,,,,,,,,6078,9294,929,704,1394,159,863,1529,5889,1811,13375,49853
,,,,,,,,6079,10211,1030,780,1545,176,955,1697,6508,2013,14976,55347
,,,,,,,,6080,11733,1119,847,1679,192,1038,1844,7072,2188,15993,58456
,,,,,,,,6081,12777,1191,902,1787,204,1105,1961,7535,2325,16684,60741
,,,,,,,,6082,13377,1245,942,1867,213,1155,2049,7878,2427,17322,63335
,,,,,,,,6083,13872,1283,972,1925,220,1191,2113,8124,2503,17870,65614
,,,,,,,,6084,14283,1305,988,1958,224,1211,2149,8262,2546,18226,67236
,,,,,,,,6085,14490,1313,994,1969,225,1218,2161,8309,2561,18464,68354
,,,,,,,,6086,14496,1324,1003,1987,227,1229,2180,8383,2583,18702,69365
,,,,,,,,6087,14518,1327,1004,1990,227,1231,2184,8396,2588,18855,70090
,,,,,,,,6088,14454,1329,1006,1994,228,1233,2188,8408,2594,18962,70858
,,,,,,,,6089,14398,1336,1011,2004,229,1239,2200,8449,2608,19172,71456
,,,,,,,,6090,14468,1330,1007,1995,228,1234,2191,8411,2597,19130,71347
,,,,,,,,6091,14341,1284,972,1926,220,1191,2115,8125,2507,18513,69701
,,,,,,,,6092,14058,1267,959,1901,217,1176,2087,8019,2473,18476,68162
,,,,,,,,6093,14373,1268,960,1902,217,1176,2088,8023,2475,18419,68315
,,,,,,,,6094,13970,1199,908,1799,205,1113,1974,7594,2339,17268,64834
,,,,,,,,6095,12851,1100,833,1650,188,1021,1809,6966,2143,15612,59402
,,,,,,,,6096,11465,997,755,1496,171,925,1640,6319,1941,14170,54227
,,,,,,,,6097,10245,918,695,1377,157,852,1510,5821,1787,13073,50517
,,,,,,,,6098,9465,874,661,1311,149,811,1436,5539,1700,12453,48229
,,,,,,,,6099,9016,845,639,1267,144,784,1389,5355,1643,12102,46891
,,,,,,,,6100,8782,831,629,1247,142,772,1367,5273,1618,11971,46351
,,,,,,,,6101,8715,836,633,1255,143,776,1375,5302,1628,12137,47191
,,,,,,,,6102,8956,884,669,1326,151,820,1454,5600,1721,12998,50229
,,,,,,,,6103,9885,992,751,1487,170,920,1634,6267,1939,14607,55831
,,,,,,,,6104,11390,1080,818,1620,185,1002,1780,6826,2111,15631,58711
,,,,,,,,6105,12396,1148,869,1723,197,1065,1891,7265,2241,16142,60765
,,,,,,,,6106,12884,1192,903,1789,204,1107,1963,7550,2325,16648,62935
,,,,,,,,6107,13312,1226,928,1840,210,1138,2018,7763,2391,17206,65199
,,,,,,,,6108,13675,1252,948,1878,214,1162,2061,7926,2442,17548,66888
,,,,,,,,6109,13910,1265,958,1898,217,1174,2083,8010,2468,17807,68356
,,,,,,,,6110,14019,1280,969,1921,219,1188,2107,8105,2497,18104,69809
,,,,,,,,6111,14216,1288,975,1931,220,1195,2119,8149,2511,18387,70919
,,,,,,,,6112,14307,1300,985,1951,223,1207,2141,8229,2538,18720,72416
,,,,,,,,6113,14403,1317,997,1975,225,1221,2168,8330,2570,19087,73666
,,,,,,,,6114,14543,1321,1000,1982,226,1225,2176,8355,2579,19188,73878
,,,,,,,,6115,14439,1287,974,1930,220,1194,2119,8142,2511,18675,72131
,,,,,,,,6116,14139,1276,966,1914,218,1184,2101,8076,2490,18699,70351
,,,,,,,,6117,14518,1277,967,1915,219,1185,2102,8078,2492,18672,70525
,,,,,,,,6118,14133,1207,914,1811,207,1120,1987,7644,2354,17506,66791
,,,,,,,,6119,12993,1109,839,1663,190,1029,1824,7024,2160,15846,61102
,,,,,,,,6120,11576,1009,764,1514,173,937,1660,6397,1965,14362,55713
,,,,,,,,6121,10345,931,704,1396,159,864,1530,5901,1811,13290,51724
,,,,,,,,6122,9515,888,672,1332,152,824,1460,5631,1727,12662,49182
,,,,,,,,6123,9060,859,650,1289,147,797,1412,5447,1671,12293,47890
,,,,,,,,6124,8826,848,642,1272,145,787,1394,5377,1649,12158,47207
,,,,,,,,6125,8760,853,646,1279,146,792,1402,5407,1659,12329,48013
,,,,,,,,6126,8983,900,681,1350,154,835,1480,5704,1753,13197,51047
,,,,,,,,6127,9882,1007,763,1511,172,934,1660,6367,1969,14817,56558
,,,,,,,,6128,11452,1101,834,1652,189,1021,1815,6962,2153,15811,59632
,,,,,,,,6129,12484,1174,889,1761,201,1089,1933,7426,2291,16421,61855
,,,,,,,,6130,12994,1231,932,1847,211,1142,2027,7793,2401,17070,64302
,,,,,,,,6131,13475,1283,971,1924,220,1190,2112,8119,2502,17809,66993
,,,,,,,,6132,13995,1319,998,1978,226,1223,2171,8344,2573,18250,69480
,,,,,,,,6133,14359,1340,1015,2011,230,1244,2207,8482,2616,18638,71847
,,,,,,,,6134,14556,1368,1036,2052,234,1269,2252,8656,2669,19162,73771
,,,,,,,,6135,14824,1387,1050,2080,237,1287,2283,8775,2706,19631,75295
,,,,,,,,6136,14977,1405,1063,2107,241,1303,2313,8885,2743,20083,77028
,,,,,,,,6137,15112,1423,1077,2134,244,1320,2344,8997,2779,20616,78524
,,,,,,,,6138,15246,1418,1074,2128,243,1316,2336,8967,2771,20701,78648
,,,,,,,,6139,15080,1366,1034,2049,234,1267,2250,8640,2667,20009,76579
,,,,,,,,6140,14709,1348,1021,2023,231,1251,2220,8531,2632,19810,74370
,,,,,,,,6141,15094,1338,1013,2007,229,1241,2203,8463,2612,19704,74228
,,,,,,,,6142,14692,1271,962,1906,218,1179,2092,8045,2478,18420,70181
,,,,,,,,6143,13541,1170,886,1755,200,1086,1925,7410,2280,16635,64341
,,,,,,,,6144,12128,1063,805,1594,182,986,1748,6734,2069,15012,58471
,,,,,,,,6145,10801,975,738,1463,167,905,1605,6177,1901,13805,54084
,,,,,,,,6146,9943,928,702,1392,159,861,1526,5881,1807,13110,51289
,,,,,,,,6147,9452,895,677,1342,153,830,1471,5672,1741,12666,49707
,,,,,,,,6148,9198,879,665,1319,150,816,1445,5574,1710,12499,48923
,,,,,,,,6149,9107,882,668,1323,151,819,1450,5593,1716,12619,49512
,,,,,,,,6150,9323,930,704,1395,159,863,1530,5895,1811,13469,52691
,,,,,,,,6151,10224,1035,783,1552,177,960,1705,6541,2022,15124,58476
,,,,,,,,6152,11813,1130,855,1695,193,1048,1862,7139,2209,16112,61638
,,,,,,,,6153,12901,1211,917,1817,207,1124,1996,7659,2367,16848,63773
,,,,,,,,6154,13583,1273,964,1910,218,1181,2098,8053,2487,17586,66296
,,,,,,,,6155,14193,1328,1005,1992,227,1232,2188,8394,2595,18342,68953
,,,,,,,,6156,14802,1367,1035,2051,234,1268,2254,8635,2675,18933,71259
,,,,,,,,6157,15250,1392,1054,2088,238,1290,2295,8784,2726,19401,73065
,,,,,,,,6158,15530,1416,1072,2125,243,1313,2337,8933,2777,19922,74679
,,,,,,,,6159,15884,1436,1087,2154,246,1331,2371,9052,2818,20400,75772
,,,,,,,,6160,16102,1454,1101,2181,249,1347,2402,9155,2856,20976,76504
,,,,,,,,6161,16297,1465,1109,2198,251,1357,2422,9219,2882,21348,76857
,,,,,,,,6162,16438,1451,1099,2176,249,1343,2400,9123,2858,21294,76172
,,,,,,,,6163,16151,1393,1054,2089,239,1290,2303,8759,2743,20501,73814
,,,,,,,,6164,15666,1378,1043,2067,236,1276,2278,8673,2711,20392,72714
,,,,,,,,6165,15985,1373,1039,2059,235,1272,2268,8646,2697,20140,72408
,,,,,,,,6166,15547,1304,987,1956,223,1209,2152,8225,2557,18834,68380
,,,,,,,,6167,14344,1204,912,1807,206,1117,1986,7605,2358,17046,62789
,,,,,,,,6168,12841,1098,832,1648,188,1019,1810,6943,2147,15410,57394
,,,,,,,,6169,11424,1015,769,1523,174,942,1671,6425,1981,14149,53093
,,,,,,,,6170,10467,964,730,1447,165,895,1587,6108,1879,13424,50667
,,,,,,,,6171,9907,929,704,1394,159,863,1529,5889,1811,12929,48987
,,,,,,,,6172,9587,913,691,1370,156,848,1501,5788,1777,12703,48419
,,,,,,,,6173,9466,915,693,1373,157,850,1505,5803,1782,12826,48962
,,,,,,,,6174,9643,957,725,1436,164,888,1575,6065,1865,13618,51909
,,,,,,,,6175,10515,1061,803,1591,182,984,1748,6706,2074,15265,57364
,,,,,,,,6176,12070,1154,874,1732,198,1070,1903,7290,2259,16232,60645
,,,,,,,,6177,13150,1231,932,1846,211,1141,2028,7775,2407,16991,62960
,,,,,,,,6178,13868,1296,981,1944,222,1201,2136,8186,2534,17859,65571
,,,,,,,,6179,14539,1351,1023,2027,231,1253,2228,8531,2645,18676,68064
,,,,,,,,6180,15151,1393,1055,2090,239,1292,2300,8790,2732,19285,69914
,,,,,,,,6181,15597,1417,1073,2125,243,1313,2339,8929,2781,19726,70983
,,,,,,,,6182,15872,1438,1089,2158,247,1332,2376,9058,2826,20285,71764
,,,,,,,,6183,16200,1443,1092,2164,247,1336,2385,9081,2839,20708,72209
,,,,,,,,6184,16373,1446,1095,2170,248,1339,2392,9095,2849,21042,72206
,,,,,,,,6185,16425,1435,1086,2152,246,1328,2375,9013,2830,21151,72076
,,,,,,,,6186,16352,1399,1059,2098,240,1294,2316,8780,2761,20775,71103
,,,,,,,,6187,15821,1343,1017,2015,230,1243,2224,8436,2651,19846,68794
,,,,,,,,6188,15233,1336,1012,2005,229,1237,2211,8401,2634,19766,66954
,,,,,,,,6189,15412,1316,997,1975,226,1219,2177,8283,2591,19433,66561
,,,,,,,,6190,14930,1259,953,1888,216,1166,2079,7930,2472,18418,63673
,,,,,,,,6191,14031,1179,892,1768,202,1092,1945,7435,2311,17033,59461
,,,,,,,,6192,12817,1088,824,1632,186,1009,1793,6872,2129,15570,54870
,,,,,,,,6193,11656,1014,768,1521,174,941,1670,6416,1979,14458,51138
,,,,,,,,6194,10679,957,725,1436,164,888,1575,6062,1865,13582,48469
,,,,,,,,6195,10106,922,698,1383,158,856,1517,5841,1797,13054,46923
,,,,,,,,6196,9757,901,682,1352,154,836,1482,5710,1755,12736,46039
,,,,,,,,6197,9562,889,673,1333,152,825,1462,5634,1730,12602,45779
,,,,,,,,6198,9559,890,674,1335,152,826,1464,5640,1733,12682,46332
,,,,,,,,6199,9870,915,693,1372,156,849,1506,5792,1784,13105,47989
,,,,,,,,6200,10357,944,715,1417,162,876,1556,5971,1846,13452,49506
,,,,,,,,6201,11104,1015,768,1522,174,941,1673,6409,1985,14417,52817
,,,,,,,,6202,12099,1078,816,1617,185,999,1778,6806,2110,15250,56017
,,,,,,,,6203,12771,1121,849,1682,192,1039,1851,7074,2199,15797,58337
,,,,,,,,6204,13117,1145,867,1718,196,1062,1890,7225,2245,16050,59625
,,,,,,,,6205,13247,1152,872,1729,197,1068,1902,7265,2261,16238,60385
,,,,,,,,6206,13236,1150,871,1725,197,1065,1900,7244,2260,16296,60869
,,,,,,,,6207,13138,1144,866,1716,196,1060,1891,7201,2250,16363,61311
,,,,,,,,6208,13050,1139,862,1709,195,1055,1883,7168,2242,16500,61954
,,,,,,,,6209,13028,1139,862,1708,195,1054,1883,7161,2242,16655,62170
,,,,,,,,6210,13041,1133,858,1700,194,1049,1874,7128,2231,16610,61704
,,,,,,,,6211,13097,1124,851,1685,193,1041,1858,7069,2211,16393,60720
,,,,,,,,6212,13021,1147,868,1721,197,1063,1895,7223,2255,16753,60638
,,,,,,,,6213,13355,1151,871,1727,197,1067,1901,7256,2259,16701,61004
,,,,,,,,6214,13001,1108,839,1662,190,1027,1829,6991,2173,15954,58581
,,,,,,,,6215,12230,1044,790,1566,179,968,1721,6592,2043,14880,54975
,,,,,,,,6216,11238,974,737,1461,167,903,1605,6155,1903,13746,51041
,,,,,,,,6217,10219,917,694,1376,157,851,1509,5812,1787,12758,47789
,,,,,,,,6218,9407,870,658,1305,149,807,1430,5514,1692,12035,45457
,,,,,,,,6219,8926,837,634,1256,143,777,1376,5306,1629,11644,44124
,,,,,,,,6220,8625,818,619,1228,140,760,1346,5188,1593,11392,43323
,,,,,,,,6221,8447,807,611,1211,138,749,1327,5116,1570,11263,42891
,,,,,,,,6222,8437,810,613,1216,139,752,1333,5136,1578,11460,43303
,,,,,,,,6223,8637,824,624,1237,141,765,1357,5221,1607,11671,44467
,,,,,,,,6224,8898,854,647,1282,146,793,1407,5407,1667,12001,45623
,,,,,,,,6225,9540,924,699,1386,158,857,1521,5841,1804,12858,48578
,,,,,,,,6226,10552,992,751,1488,170,920,1633,6272,1936,13781,51719
,,,,,,,,6227,11337,1039,787,1559,178,964,1712,6568,2031,14400,53897
,,,,,,,,6228,11812,1072,812,1609,184,995,1766,6784,2094,14887,55773
,,,,,,,,6229,12111,1097,831,1646,188,1018,1807,6943,2142,15275,57212
,,,,,,,,6230,12278,1107,838,1660,189,1027,1823,7001,2161,15522,58137
,,,,,,,,6231,12282,1115,844,1673,191,1034,1836,7054,2177,15701,58845
,,,,,,,,6232,12292,1122,849,1683,192,1041,1847,7096,2190,15899,59573
,,,,,,,,6233,12381,1135,859,1703,194,1053,1870,7178,2217,16178,60493
,,,,,,,,6234,12577,1147,868,1721,196,1064,1889,7256,2239,16343,61264
,,,,,,,,6235,12924,1147,868,1721,196,1064,1889,7257,2239,16384,61298
,,,,,,,,6236,13051,1176,890,1764,201,1091,1936,7437,2295,16956,62333
,,,,,,,,6237,13561,1181,894,1772,202,1096,1944,7474,2304,16956,63200
,,,,,,,,6238,13113,1131,856,1696,194,1049,1861,7157,2206,16072,60205
,,,,,,,,6239,12079,1055,799,1583,181,979,1736,6681,2057,14715,55968
,,,,,,,,6240,10878,975,738,1462,167,905,1604,6173,1900,13516,51736
,,,,,,,,6241,9762,906,686,1359,155,841,1489,5744,1763,12553,48616
,,,,,,,,6242,9103,867,656,1301,148,805,1426,5498,1687,12023,46699
,,,,,,,,6243,8715,841,637,1262,144,781,1383,5334,1637,11731,45754
,,,,,,,,6244,8539,830,628,1245,142,770,1364,5261,1614,11666,45585
,,,,,,,,6245,8509,840,636,1260,144,780,1381,5327,1635,11875,46556
,,,,,,,,6246,8777,885,670,1327,151,821,1455,5605,1723,12774,49992
,,,,,,,,6247,9693,980,742,1470,168,909,1615,6192,1915,14293,55817
,,,,,,,,6248,11227,1064,806,1597,182,987,1754,6728,2081,15264,59235
,,,,,,,,6249,12259,1142,864,1713,195,1059,1880,7224,2229,16008,61386
,,,,,,,,6250,12844,1203,911,1805,206,1116,1980,7617,2346,16652,63412
,,,,,,,,6251,13325,1246,943,1869,213,1156,2051,7888,2430,17327,65523
,,,,,,,,6252,13797,1278,968,1917,219,1186,2104,8089,2493,17785,66899
,,,,,,,,6253,14083,1301,985,1952,223,1208,2142,8237,2539,18152,68166
,,,,,,,,6254,14216,1323,1002,1985,227,1228,2179,8377,2581,18536,69048
,,,,,,,,6255,14426,1335,1010,2002,229,1238,2197,8447,2604,18778,69666
,,,,,,,,6256,14559,1342,1016,2013,230,1245,2209,8488,2619,19035,69889
,,,,,,,,6257,14659,1348,1020,2021,231,1250,2219,8523,2631,19275,70222
,,,,,,,,6258,14773,1339,1014,2008,229,1242,2205,8467,2615,19245,70296
,,,,,,,,6259,14704,1295,981,1943,222,1201,2133,8193,2528,18850,69525
,,,,,,,,6260,14528,1303,987,1955,223,1209,2146,8246,2543,19256,70093
,,,,,,,,6261,14956,1286,974,1929,220,1193,2118,8135,2510,18999,69694
,,,,,,,,6262,14369,1218,922,1828,209,1130,2005,7713,2376,17937,66324
,,,,,,,,6263,13209,1131,856,1696,194,1049,1860,7163,2203,16427,61535
,,,,,,,,6264,11793,1040,787,1560,178,965,1711,6592,2025,15117,56655
,,,,,,,,6265,10559,962,728,1443,165,892,1583,6090,1875,14050,52965
,,,,,,,,6266,9746,922,698,1383,158,855,1516,5840,1795,13494,50883
,,,,,,,,6267,9267,899,680,1348,154,834,1478,5697,1750,13178,49353
,,,,,,,,6268,9029,891,674,1337,152,827,1465,5649,1734,13113,49020
,,,,,,,,6269,8978,900,681,1350,154,835,1480,5704,1751,13387,49970
,,,,,,,,6270,9236,952,721,1429,163,884,1567,6034,1855,14432,53384
,,,,,,,,6271,10199,1068,809,1602,183,991,1760,6751,2088,16464,59630
,,,,,,,,6272,11888,1177,891,1766,202,1092,1940,7437,2303,17880,63807
,,,,,,,,6273,13034,1253,949,1880,215,1162,2065,7923,2449,18678,65489
,,,,,,,,6274,13663,1306,989,1960,224,1212,2152,8260,2552,19357,66964
,,,,,,,,6275,14164,1344,1018,2016,230,1247,2215,8495,2628,19906,68449
,,,,,,,,6276,14632,1363,1032,2045,234,1264,2248,8609,2668,20274,69234
,,,,,,,,6277,14883,1371,1038,2056,235,1271,2261,8650,2685,20474,69537
,,,,,,,,6278,14979,1378,1044,2068,236,1278,2275,8695,2703,20601,69487
,,,,,,,,6279,15135,1380,1045,2070,237,1279,2279,8700,2709,20592,69093
,,,,,,,,6280,15173,1380,1045,2070,236,1278,2279,8691,2710,20612,68327
,,,,,,,,6281,15235,1383,1047,2074,237,1281,2285,8703,2720,20769,68032
,,,,,,,,6282,15494,1388,1051,2081,238,1285,2294,8729,2731,20961,67744
,,,,,,,,6283,15649,1375,1041,2062,236,1273,2272,8651,2705,20723,66755
,,,,,,,,6284,15669,1377,1042,2065,236,1275,2275,8671,2705,20721,66948
,,,,,,,,6285,15776,1334,1010,2001,229,1236,2202,8406,2618,20100,67001
,,,,,,,,6286,15172,1261,955,1892,216,1169,2080,7959,2471,18832,63686
,,,,,,,,6287,14036,1167,884,1751,200,1082,1924,7374,2283,17186,58923
,,,,,,,,6288,12647,1071,811,1607,183,994,1764,6775,2092,15659,54084
,,,,,,,,6289,11447,999,756,1498,171,927,1642,6332,1944,14563,50568
,,,,,,,,6290,10620,944,715,1416,161,876,1552,5986,1837,13782,48271
,,,,,,,,6291,10128,912,690,1368,156,847,1500,5783,1775,13302,46949
,,,,,,,,6292,9847,884,669,1327,151,821,1454,5607,1720,12885,46579
,,,,,,,,6293,9722,875,663,1313,150,812,1439,5549,1703,12910,47224
,,,,,,,,6294,9881,915,692,1372,156,849,1504,5794,1781,13702,50278
,,,,,,,,6295,10725,1019,771,1529,174,945,1679,6440,1992,15453,55942
,,,,,,,,6296,12339,1106,837,1659,189,1026,1823,6989,2163,16346,58960
,,,,,,,,6297,13338,1159,877,1738,198,1075,1908,7329,2262,16740,60066
,,,,,,,,6298,13671,1194,904,1791,204,1108,1966,7558,2329,17079,61287
,,,,,,,,6299,13925,1226,928,1840,210,1138,2019,7762,2392,17386,62438
,,,,,,,,6300,14216,1245,942,1867,213,1155,2049,7878,2429,17645,63212
,,,,,,,,6301,14411,1252,948,1878,214,1161,2061,7922,2442,17779,63731
,,,,,,,,6302,14447,1258,953,1887,215,1167,2071,7964,2454,17983,64128
,,,,,,,,6303,14572,1261,955,1892,216,1170,2076,7983,2460,18116,64337
,,,,,,,,6304,14591,1264,957,1897,216,1173,2082,8000,2468,18301,64613
,,,,,,,,6305,14613,1273,964,1910,218,1181,2096,8052,2485,18501,64948
,,,,,,,,6306,14666,1268,960,1902,217,1176,2088,8017,2476,18504,65014
,,,,,,,,6307,14425,1232,933,1849,211,1143,2029,7796,2405,18019,63633
,,,,,,,,6308,14178,1245,943,1868,213,1155,2050,7880,2430,18275,64057
,,,,,,,,6309,14607,1232,933,1848,211,1143,2028,7794,2404,18048,64634
,,,,,,,,6310,14081,1169,885,1754,200,1085,1925,7404,2280,16919,61565
,,,,,,,,6311,12959,1077,815,1615,184,999,1771,6820,2098,15405,56958
,,,,,,,,6312,11534,978,740,1467,167,907,1608,6195,1903,13948,52374
,,,,,,,,6313,10318,900,681,1350,154,835,1479,5704,1751,12904,49031
,,,,,,,,6314,9500,855,647,1282,146,793,1405,5419,1663,12387,46978
,,,,,,,,6315,9053,826,625,1240,141,767,1359,5239,1608,12036,45937
,,,,,,,,6316,8819,818,619,1227,140,759,1345,5185,1591,11932,45632
,,,,,,,,6317,8744,824,624,1236,141,765,1355,5223,1604,12110,46606
,,,,,,,,6318,8982,871,659,1306,149,808,1433,5516,1697,12989,49837
,,,,,,,,6319,9899,982,743,1473,168,910,1618,6204,1920,14727,55859
,,,,,,,,6320,11532,1074,813,1611,184,996,1770,6786,2100,15640,58927
,,,,,,,,6321,12497,1134,859,1702,194,1052,1868,7176,2214,16114,60234
,,,,,,,,6322,12908,1176,891,1765,201,1091,1936,7447,2294,16517,61530
,,,,,,,,6323,13255,1207,914,1811,207,1120,1986,7641,2353,16968,63115
,,,,,,,,6324,13595,1226,928,1839,210,1137,2017,7760,2390,17283,64012
,,,,,,,,6325,13757,1234,935,1852,211,1145,2032,7816,2407,17542,64786
,,,,,,,,6326,13783,1243,941,1865,213,1153,2046,7870,2423,17785,65554
,,,,,,,,6327,13886,1243,941,1864,213,1153,2045,7868,2423,17859,65986
,,,,,,,,6328,13895,1243,941,1864,213,1153,2046,7865,2424,17988,66304
,,,,,,,,6329,13871,1250,946,1875,214,1160,2058,7910,2440,18209,66637
,,,,,,,,6330,13923,1252,948,1879,214,1162,2063,7923,2445,18262,66177
,,,,,,,,6331,13808,1229,930,1844,210,1140,2023,7777,2398,17966,64909
,,,,,,,,6332,13745,1245,943,1868,213,1156,2050,7882,2429,18354,65626
,,,,,,,,6333,14265,1231,932,1847,211,1143,2028,7792,2403,18165,65837
,,,,,,,,6334,13803,1169,885,1754,200,1085,1924,7403,2279,17135,62752
,,,,,,,,6335,12765,1081,818,1622,185,1003,1779,6849,2106,15618,57846
,,,,,,,,6336,11422,984,745,1476,168,913,1618,6237,1916,14202,53132
,,,,,,,,6337,10213,907,687,1361,155,842,1492,5753,1766,13147,49707
,,,,,,,,6338,9430,865,655,1298,148,803,1423,5487,1684,12600,47483
,,,,,,,,6339,8994,836,633,1255,143,776,1375,5302,1627,12243,46406
,,,,,,,,6340,8771,826,625,1239,141,766,1357,5235,1606,12132,45931
,,,,,,,,6341,8710,832,630,1248,142,772,1368,5272,1619,12315,46935
,,,,,,,,6342,8939,877,664,1315,150,813,1442,5553,1708,13141,49734
,,,,,,,,6343,9836,991,751,1487,170,919,1634,6265,1939,14907,55544
,,,,,,,,6344,11489,1088,823,1632,186,1009,1792,6874,2126,15909,58624
,,,,,,,,6345,12495,1150,871,1726,197,1067,1894,7278,2245,16493,60332
,,,,,,,,6346,12951,1195,905,1793,205,1109,1967,7567,2331,17077,62188
,,,,,,,,6347,13284,1230,931,1845,211,1141,2025,7787,2399,17661,63975
,,,,,,,,6348,13556,1253,949,1880,215,1163,2063,7931,2444,18038,65152
,,,,,,,,6349,13678,1262,955,1893,216,1171,2077,7987,2462,18250,65958
,,,,,,,,6350,13695,1272,963,1908,218,1180,2094,8051,2481,18521,66672
,,,,,,,,6351,13746,1277,967,1916,219,1185,2102,8082,2492,18696,67248
,,,,,,,,6352,13755,1277,967,1916,219,1185,2103,8080,2493,18907,67527
,,,,,,,,6353,13747,1279,968,1918,219,1186,2106,8088,2497,19014,67541
,,,,,,,,6354,13775,1266,958,1899,217,1174,2085,8006,2473,18899,66995
,,,,,,,,6355,13574,1227,929,1840,210,1138,2020,7761,2395,18237,65235
,,,,,,,,6356,13465,1235,935,1853,211,1146,2034,7815,2410,18355,65029
,,,,,,,,6357,13832,1215,920,1822,208,1127,2000,7685,2371,17909,64191
,,,,,,,,6358,13358,1160,878,1741,199,1077,1910,7346,2262,16984,61476
,,,,,,,,6359,12480,1081,818,1621,185,1003,1778,6846,2106,15718,57511
,,,,,,,,6360,11375,996,754,1495,170,925,1639,6315,1940,14396,53353
,,,,,,,,6361,10286,925,700,1387,158,858,1521,5859,1801,13247,49507
,,,,,,,,6362,9448,873,661,1310,149,810,1435,5536,1699,12528,47256
,,,,,,,,6363,8968,843,638,1265,144,782,1386,5344,1640,12083,45823
,,,,,,,,6364,8694,824,624,1236,141,765,1355,5225,1604,11877,45084
,,,,,,,,6365,8591,816,618,1224,139,757,1341,5173,1587,11842,44899
,,,,,,,,6366,8613,829,627,1243,142,769,1363,5254,1613,12101,45849
,,,,,,,,6367,8938,864,654,1296,148,801,1422,5469,1684,12630,47774
,,,,,,,,6368,9511,906,686,1358,155,840,1491,5730,1767,13167,49876
,,,,,,,,6369,10290,982,744,1474,168,911,1618,6212,1919,14207,52970
,,,,,,,,6370,11316,1052,796,1578,180,975,1732,6651,2054,15142,56200
,,,,,,,,6371,12029,1098,831,1647,188,1018,1810,6940,2147,15819,58422
,,,,,,,,6372,12413,1132,857,1699,194,1050,1865,7161,2211,16397,60199
,,,,,,,,6373,12560,1147,869,1721,196,1064,1890,7257,2241,16846,61246
,,,,,,,,6374,12555,1147,869,1721,196,1064,1890,7254,2241,17071,61877
,,,,,,,,6375,12465,1148,869,1723,197,1065,1892,7263,2243,17347,62124
,,,,,,,,6376,12427,1151,871,1726,197,1067,1895,7276,2248,17655,62247
,,,,,,,,6377,12458,1155,875,1733,198,1071,1903,7304,2257,17894,62141
,,,,,,,,6378,12547,1161,879,1742,199,1077,1913,7346,2268,17889,61411
,,,,,,,,6379,12778,1173,888,1760,201,1088,1932,7421,2291,17870,60694
,,,,,,,,6380,13078,1211,917,1817,207,1124,1995,7662,2365,18428,61433
,,,,,,,,6381,13457,1201,909,1802,206,1114,1977,7600,2343,18049,61174
,,,,,,,,6382,13047,1155,874,1733,198,1072,1901,7311,2253,17170,58650
,,,,,,,,6383,12345,1084,821,1627,186,1006,1785,6866,2114,15992,55209
,,,,,,,,6384,11396,1008,763,1512,172,935,1659,6384,1965,14726,51224
,,,,,,,,6385,10386,938,710,1407,160,871,1543,5945,1827,13657,47992
,,,,,,,,6386,9621,886,671,1330,152,823,1457,5619,1724,12811,45601
,,,,,,,,6387,9149,854,647,1282,146,793,1405,5416,1663,12236,44150
,,,,,,,,6388,8851,834,631,1251,143,774,1371,5287,1623,11843,43368
,,,,,,,,6389,8693,820,621,1231,140,762,1349,5202,1597,11625,43069
,,,,,,,,6390,8657,823,623,1234,141,763,1353,5214,1601,11621,43421
,,,,,,,,6391,8856,834,631,1251,143,774,1372,5280,1626,11816,44750
,,,,,,,,6392,9160,851,644,1277,146,790,1402,5387,1661,12115,46095
,,,,,,,,6393,9722,914,692,1372,156,848,1506,5782,1786,12882,48821
,,,,,,,,6394,10680,974,738,1462,167,904,1605,6163,1903,13581,51213
,,,,,,,,6395,11416,1020,772,1530,175,946,1681,6447,1994,14024,52556
,,,,,,,,6396,11875,1046,792,1569,179,970,1722,6616,2042,14283,53438
,,,,,,,,6397,12141,1063,805,1595,182,986,1750,6725,2075,14501,54235
,,,,,,,,6398,12220,1066,807,1600,182,989,1756,6744,2082,14595,54549
,,,,,,,,6399,12189,1067,808,1600,183,989,1757,6748,2082,14740,54545
,,,,,,,,6400,12165,1070,810,1605,183,993,1762,6768,2089,14907,54724
,,,,,,,,6401,12240,1077,815,1616,184,999,1774,6812,2104,15190,55217
,,,,,,,,6402,12404,1089,824,1634,186,1010,1793,6889,2126,15414,55514
,,,,,,,,6403,12754,1098,831,1647,188,1018,1808,6944,2143,15610,56019
,,,,,,,,6404,13046,1145,867,1718,196,1062,1886,7245,2236,16409,58217
,,,,,,,,6405,13539,1141,863,1711,195,1058,1878,7218,2225,16230,58931
,,,,,,,,6406,12989,1085,821,1627,186,1006,1786,6865,2116,15346,56473
,,,,,,,,6407,11955,1006,762,1509,172,934,1656,6370,1962,14117,52772
,,,,,,,,6408,10830,926,701,1389,158,859,1523,5861,1804,12978,49228
,,,,,,,,6409,9727,861,652,1292,147,799,1416,5459,1676,12100,46738
,,,,,,,,6410,8973,821,622,1232,140,762,1351,5207,1599,11604,45176
,,,,,,,,6411,8534,803,608,1205,137,745,1321,5091,1563,11373,44589
,,,,,,,,6412,8343,794,601,1191,136,737,1306,5033,1546,11337,44759
,,,,,,,,6413,8319,802,607,1204,137,745,1320,5084,1563,11582,46077
,,,,,,,,6414,8591,853,646,1279,146,791,1403,5400,1663,12561,49632
,,,,,,,,6415,9547,970,734,1455,166,899,1599,6125,1898,14394,56051
,,,,,,,,6416,11254,1064,805,1595,182,986,1753,6718,2081,15439,59616
,,,,,,,,6417,12321,1120,848,1680,192,1039,1845,7083,2187,15857,60795
,,,,,,,,6418,12782,1155,875,1733,198,1072,1902,7313,2253,16148,61526
,,,,,,,,6419,13152,1183,896,1775,203,1098,1948,7492,2308,16447,62337
,,,,,,,,6420,13460,1200,909,1801,205,1114,1976,7599,2341,16660,62990
,,,,,,,,6421,13648,1205,912,1807,206,1118,1983,7628,2349,16736,63100
,,,,,,,,6422,13671,1209,915,1814,207,1122,1990,7655,2357,16824,63079
,,,,,,,,6423,13762,1209,915,1814,207,1122,1990,7656,2358,16856,63045
,,,,,,,,6424,13723,1211,917,1817,207,1124,1994,7666,2363,16927,63105
,,,,,,,,6425,13700,1220,924,1830,209,1132,2009,7718,2381,17115,63428
,,,,,,,,6426,13783,1225,927,1837,210,1136,2017,7747,2391,17251,63488
,,,,,,,,6427,13815,1208,914,1812,207,1121,1988,7643,2357,17175,62796
,,,,,,,,6428,13922,1234,934,1851,211,1145,2032,7810,2408,17691,63863
,,,,,,,,6429,14348,1210,916,1815,207,1123,1993,7656,2362,17435,64173
,,,,,,,,6430,13698,1143,866,1715,196,1061,1882,7240,2229,16357,61030
,,,,,,,,6431,12552,1053,797,1579,180,977,1732,6667,2051,14893,56459
,,,,,,,,6432,11196,956,723,1434,163,887,1572,6055,1861,13549,51995
,,,,,,,,6433,10010,883,668,1324,151,819,1452,5597,1718,12632,48867
,,,,,,,,6434,9259,842,638,1263,144,782,1385,5339,1639,12062,46912
,,,,,,,,6435,8859,817,619,1226,140,758,1344,5180,1591,11780,46022
,,,,,,,,6436,8657,807,611,1211,138,749,1328,5116,1571,11720,46033
,,,,,,,,6437,8622,815,617,1223,139,756,1341,5164,1588,11933,46972
,,,,,,,,6438,8874,863,653,1295,148,801,1420,5464,1682,12855,50378
,,,,,,,,6439,9830,977,740,1465,167,906,1611,6170,1912,14745,56706
,,,,,,,,6440,11568,1070,810,1605,183,992,1764,6761,2093,15690,59982
,,,,,,,,6441,12579,1123,850,1685,192,1042,1849,7103,2192,16013,60813
,,,,,,,,6442,12933,1160,878,1741,199,1077,1910,7346,2263,16297,61840
,,,,,,,,6443,13225,1191,902,1787,204,1105,1960,7541,2322,16648,62974
,,,,,,,,6444,13531,1210,916,1815,207,1122,1991,7657,2359,16836,63567
,,,,,,,,6445,13677,1222,925,1833,209,1134,2011,7734,2382,16976,64171
,,,,,,,,6446,13699,1231,932,1846,211,1142,2026,7792,2400,17202,64685
,,,,,,,,6447,13808,1236,936,1854,212,1147,2035,7825,2411,17299,65049
,,,,,,,,6448,13840,1243,941,1865,213,1153,2047,7867,2426,17451,65083
,,,,,,,,6449,13875,1252,948,1879,214,1162,2062,7922,2444,17689,65589
,,,,,,,,6450,14011,1249,946,1874,214,1159,2057,7900,2439,17796,65751
,,,,,,,,6451,13967,1227,929,1841,210,1138,2020,7764,2394,17690,65347
,,,,,,,,6452,14080,1257,951,1885,215,1166,2069,7952,2451,18228,66477
,,,,,,,,6453,14495,1226,928,1839,210,1137,2018,7756,2392,17803,65840
,,,,,,,,6454,13846,1164,881,1747,199,1080,1916,7371,2270,16754,62749
,,,,,,,,6455,12767,1072,811,1608,183,995,1763,6790,2088,15301,58009
,,,,,,,,6456,11400,980,742,1470,168,909,1611,6209,1907,13965,53627
,,,,,,,,6457,10238,903,683,1354,154,838,1485,5719,1759,12963,50322
,,,,,,,,6458,9463,864,654,1297,148,802,1422,5480,1683,12410,48288
,,,,,,,,6459,9050,839,635,1259,143,779,1380,5319,1633,12148,47158
,,,,,,,,6460,8844,829,628,1244,142,770,1363,5256,1613,12053,46776
,,,,,,,,6461,8804,836,633,1255,143,776,1376,5302,1628,12272,47672
,,,,,,,,6462,9089,883,669,1325,151,820,1453,5595,1721,13151,50975
,,,,,,,,6463,10030,988,748,1482,169,916,1628,6241,1932,14882,56936
,,,,,,,,6464,11730,1082,819,1623,185,1003,1783,6836,2116,15950,60776
,,,,,,,,6465,12836,1148,869,1722,197,1065,1891,7259,2242,16557,62233
,,,,,,,,6466,13407,1195,905,1792,205,1108,1968,7558,2333,17044,63789
,,,,,,,,6467,13873,1224,927,1837,210,1136,2017,7743,2392,17516,65326
,,,,,,,,6468,14263,1244,942,1866,213,1154,2050,7861,2432,17862,66464
,,,,,,,,6469,14458,1250,946,1875,214,1159,2061,7895,2446,18148,67534
,,,,,,,,6470,14489,1261,955,1892,216,1169,2081,7962,2471,18566,68447
,,,,,,,,6471,14563,1266,958,1899,217,1173,2089,7984,2481,18759,69086
,,,,,,,,6472,14539,1269,961,1904,217,1176,2096,8000,2491,18909,69610
,,,,,,,,6473,14483,1275,965,1912,218,1181,2106,8026,2505,19092,70021
,,,,,,,,6474,14639,1284,972,1925,220,1189,2122,8077,2526,19226,69833
,,,,,,,,6475,14766,1275,965,1913,219,1181,2108,8025,2508,19105,68614
,,,,,,,,6476,14931,1284,972,1926,220,1189,2121,8084,2523,19464,69542
,,,,,,,,6477,15038,1257,952,1886,215,1165,2076,7925,2468,19084,68930
,,,,,,,,6478,14375,1198,907,1797,205,1111,1976,7562,2347,18049,65267
,,,,,,,,6479,13287,1109,840,1664,190,1029,1828,7008,2170,16494,60242
,,,,,,,,6480,11926,1011,765,1516,173,937,1665,6392,1974,14993,55287
,,,,,,,,6481,10699,936,708,1404,160,868,1540,5924,1825,13849,51528
,,,,,,,,6482,9886,892,676,1339,153,828,1468,5653,1739,13240,49230
,,,,,,,,6483,9423,864,654,1296,148,802,1421,5474,1683,12851,47848
,,,,,,,,6484,9151,850,643,1275,145,789,1398,5388,1655,12695,47405
,,,,,,,,6485,9065,855,647,1283,146,794,1406,5419,1665,12877,48308
,,,,,,,,6486,9300,907,686,1360,155,841,1492,5744,1767,13838,51565
,,,,,,,,6487,10280,1031,780,1546,176,956,1699,6511,2016,15776,57751
,,,,,,,,6488,12054,1130,855,1695,193,1048,1863,7135,2212,16960,61328
,,,,,,,,6489,13034,1195,905,1793,205,1108,1970,7553,2337,17501,62819
,,,,,,,,6490,13456,1231,932,1846,211,1141,2028,7779,2406,18008,64184
,,,,,,,,6491,13772,1255,950,1883,215,1164,2069,7929,2455,18304,66176
,,,,,,,,6492,14036,1270,961,1905,218,1177,2094,8017,2486,18598,67554
,,,,,,,,6493,14183,1280,969,1920,219,1186,2111,8075,2508,18698,68693
,,,,,,,,6494,14185,1290,976,1935,221,1195,2129,8134,2529,18867,69706
,,,,,,,,6495,14236,1285,973,1927,220,1190,2121,8097,2521,19011,70163
,,,,,,,,6496,14213,1281,970,1921,219,1186,2116,8066,2517,19118,70363
,,,,,,,,6497,14197,1284,972,1927,220,1190,2123,8083,2526,19264,70417
,,,,,,,,6498,14217,1279,968,1919,219,1185,2115,8047,2518,19141,69684
,,,,,,,,6499,14073,1264,957,1896,217,1171,2090,7956,2487,19087,68452
,,,,,,,,6500,14189,1294,979,1940,222,1198,2137,8147,2542,19516,69270
,,,,,,,,6501,14542,1264,957,1897,217,1172,2088,7968,2482,19054,68437
,,,,,,,,6502,13924,1199,908,1798,205,1111,1978,7563,2350,17975,64837
,,,,,,,,6503,12864,1108,839,1662,190,1027,1826,6996,2167,16513,60233
,,,,,,,,6504,11529,1014,768,1521,174,940,1671,6411,1982,14992,55255
,,,,,,,,6505,10332,942,713,1414,161,875,1550,5974,1834,13906,51747
,,,,,,,,6506,9512,896,678,1344,153,831,1473,5679,1743,13232,49425
,,,,,,,,6507,9059,867,656,1300,148,805,1425,5495,1687,12876,48148
,,,,,,,,6508,8811,856,648,1283,146,794,1407,5424,1665,12690,47662
,,,,,,,,6509,8743,862,653,1294,147,800,1418,5465,1679,12861,48385
,,,,,,,,6510,8976,912,690,1368,156,846,1500,5775,1777,13784,51466
,,,,,,,,6511,9843,1029,779,1543,176,954,1696,6500,2012,15673,57321
,,,,,,,,6512,11577,1144,866,1716,196,1060,1885,7225,2237,16951,60812
,,,,,,,,6513,12687,1207,914,1811,207,1120,1988,7636,2358,17626,62372
,,,,,,,,6514,13198,1253,949,1880,215,1163,2063,7931,2444,18199,64105
,,,,,,,,6515,13546,1284,972,1926,220,1191,2114,8127,2504,18633,65777
,,,,,,,,6516,13805,1299,983,1949,222,1205,2138,8221,2534,18907,66949
,,,,,,,,6517,13926,1298,983,1947,222,1204,2136,8215,2531,19014,67592
,,,,,,,,6518,13897,1296,981,1944,222,1203,2133,8204,2528,19192,67813
,,,,,,,,6519,13924,1293,979,1940,221,1200,2129,8186,2522,19269,67563
,,,,,,,,6520,13858,1294,979,1941,222,1200,2130,8186,2525,19266,67091
,,,,,,,,6521,13863,1299,984,1949,222,1205,2140,8220,2537,19186,66646
,,,,,,,,6522,13993,1297,982,1946,222,1203,2137,8205,2533,18931,65645
,,,,,,,,6523,14030,1281,970,1922,219,1188,2109,8105,2500,18563,64154
,,,,,,,,6524,14096,1284,972,1926,220,1191,2114,8125,2505,18732,64407
,,,,,,,,6525,13957,1236,936,1855,212,1147,2036,7822,2413,18178,63536
,,,,,,,,6526,13345,1176,890,1764,201,1091,1935,7445,2293,17237,60936
,,,,,,,,6527,12507,1097,831,1646,188,1018,1805,6949,2138,15950,57179
,,,,,,,,6528,11434,1008,763,1512,172,935,1657,6386,1962,14580,52778
,,,,,,,,6529,10391,930,704,1395,159,863,1529,5890,1811,13565,49400
,,,,,,,,6530,9524,879,665,1318,150,816,1445,5570,1710,12718,46909
,,,,,,,,6531,9044,846,641,1270,145,786,1392,5365,1648,12257,45374
,,,,,,,,6532,8766,827,626,1241,141,768,1360,5242,1610,11949,44509
,,,,,,,,6533,8631,820,621,1230,140,761,1349,5197,1597,11888,44416
,,,,,,,,6534,8665,833,630,1249,142,773,1370,5275,1623,12103,45388
,,,,,,,,6535,9013,869,658,1304,149,806,1431,5497,1696,12660,47330
,,,,,,,,6536,9632,911,690,1367,156,845,1501,5763,1779,13120,49376
,,,,,,,,6537,10450,977,739,1465,167,906,1609,6175,1909,14041,51836
,,,,,,,,6538,11462,1037,785,1555,177,962,1708,6555,2025,14753,54399
,,,,,,,,6539,12193,1074,813,1611,184,996,1770,6787,2100,15220,55892
,,,,,,,,6540,12577,1089,824,1633,186,1010,1793,6887,2126,15368,56638
,,,,,,,,6541,12692,1093,827,1639,187,1014,1800,6912,2133,15346,56975
,,,,,,,,6542,12607,1085,821,1627,186,1006,1786,6859,2118,15194,56869
,,,,,,,,6543,12417,1074,813,1611,184,996,1769,6793,2097,15094,56664
,,,,,,,,6544,12265,1067,808,1601,183,990,1757,6749,2084,14958,56559
,,,,,,,,6545,12196,1069,809,1604,183,992,1761,6760,2088,15062,56488
,,,,,,,,6546,12284,1074,813,1612,184,997,1769,6796,2097,15180,56324
,,,,,,,,6547,12604,1099,832,1648,188,1019,1809,6951,2145,15618,56298
,,,,,,,,6548,13025,1143,866,1715,196,1061,1883,7233,2232,16285,58106
,,,,,,,,6549,13086,1127,854,1691,193,1046,1856,7135,2200,16003,57918
,,,,,,,,6550,12611,1084,821,1626,186,1006,1785,6862,2115,15350,55842
,,,,,,,,6551,11909,1023,775,1535,175,950,1684,6480,1995,14414,52697
,,,,,,,,6552,10983,956,724,1434,164,887,1573,6055,1864,13338,49209
,,,,,,,,6553,9993,891,675,1337,152,827,1466,5646,1736,12343,46174
,,,,,,,,6554,9211,844,639,1266,144,783,1388,5350,1642,11705,44158
,,,,,,,,6555,8745,815,617,1223,139,757,1341,5168,1587,11285,42946
,,,,,,,,6556,8475,796,603,1194,136,739,1309,5046,1550,11084,42166
,,,,,,,,6557,8326,789,597,1183,135,732,1297,4998,1535,11040,42041
,,,,,,,,6558,8335,795,602,1193,136,738,1308,5038,1549,11208,42509
,,,,,,,,6559,8572,820,621,1230,140,761,1350,5189,1599,11560,43880
,,,,,,,,6560,8985,848,642,1272,145,787,1397,5367,1655,11896,45404
,,,,,,,,6561,9612,908,687,1362,155,842,1496,5742,1775,12680,48019
,,,,,,,,6562,10600,971,735,1457,166,901,1600,6142,1897,13325,50524
,,,,,,,,6563,11491,1015,769,1523,174,942,1673,6418,1985,13810,52110
,,,,,,,,6564,12048,1046,792,1569,179,970,1722,6616,2042,14158,53361
,,,,,,,,6565,12386,1062,804,1593,182,985,1749,6720,2073,14461,54240
,,,,,,,,6566,12516,1070,810,1605,183,992,1762,6765,2089,14633,54734
,,,,,,,,6567,12405,1069,809,1604,183,992,1760,6762,2087,14668,55005
,,,,,,,,6568,12314,1070,810,1604,183,992,1761,6765,2088,14688,55356
,,,,,,,,6569,12260,1079,817,1619,185,1001,1778,6825,2108,14929,55872
,,,,,,,,6570,12419,1088,824,1633,186,1010,1792,6885,2125,15165,56383
,,,,,,,,6571,12738,1114,843,1671,191,1033,1834,7045,2174,15656,57133
,,,,,,,,6572,13259,1168,884,1752,200,1083,1923,7388,2280,16503,59517
,,,,,,,,6573,13531,1146,868,1720,196,1064,1887,7255,2237,16237,59570
,,,,,,,,6574,12951,1088,824,1632,186,1010,1791,6887,2123,15371,56686
,,,,,,,,6575,11939,1014,767,1521,173,941,1668,6418,1976,14255,52942
,,,,,,,,6576,10781,934,707,1401,160,867,1537,5914,1820,13134,49307
,,,,,,,,6577,9691,862,653,1293,147,800,1418,5465,1678,12114,46299
,,,,,,,,6578,8978,821,621,1232,140,762,1350,5206,1597,11627,44765
,,,,,,,,6579,8588,799,605,1198,137,741,1313,5063,1554,11372,44076
,,,,,,,,6580,8412,792,600,1189,135,736,1303,5024,1542,11332,44293
,,,,,,,,6581,8384,800,606,1201,137,743,1317,5072,1559,11558,45318
,,,,,,,,6582,8685,852,645,1278,146,791,1402,5396,1660,12547,48755
,,,,,,,,6583,9676,970,734,1455,166,900,1599,6129,1898,14399,55062
,,,,,,,,6584,11458,1064,806,1596,182,987,1754,6722,2082,15464,58942
,,,,,,,,6585,12498,1114,843,1671,191,1033,1834,7043,2175,15827,59965
,,,,,,,,6586,12900,1152,872,1728,197,1069,1896,7293,2247,16092,60845
,,,,,,,,6587,13230,1181,894,1772,202,1096,1944,7476,2303,16374,61983
,,,,,,,,6588,13536,1195,905,1793,205,1109,1968,7565,2331,16630,62716
,,,,,,,,6589,13679,1201,909,1801,206,1114,1976,7600,2341,16723,63131
,,,,,,,,6590,13689,1207,914,1811,207,1120,1987,7642,2354,16891,63310
,,,,,,,,6591,13723,1208,915,1812,207,1121,1989,7646,2357,16993,63171
,,,,,,,,6592,13713,1212,918,1819,208,1125,1996,7671,2366,17171,62939
,,,,,,,,6593,13711,1223,926,1834,209,1134,2013,7733,2387,17337,63131
,,,,,,,,6594,13810,1229,930,1843,210,1140,2024,7769,2399,17528,63634
,,,,,,,,6595,13933,1221,925,1832,209,1133,2011,7725,2385,17712,63996
,,,,,,,,6596,14315,1254,950,1882,215,1164,2066,7936,2449,18201,65472
,,,,,,,,6597,14560,1222,925,1833,209,1133,2012,7731,2384,17719,64456
,,,,,,,,6598,13893,1153,873,1730,197,1070,1898,7298,2248,16668,61226
,,,,,,,,6599,12761,1062,804,1594,182,986,1748,6726,2071,15153,56671
,,,,,,,,6600,11396,968,733,1452,166,898,1592,6135,1885,13803,52302
,,,,,,,,6601,10169,891,675,1337,152,827,1465,5649,1735,12815,48995
,,,,,,,,6602,9354,849,643,1274,145,789,1397,5387,1653,12276,47087
,,,,,,,,6603,8918,823,623,1235,141,764,1353,5218,1602,12005,46109
,,,,,,,,6604,8712,813,616,1220,139,755,1337,5157,1582,11928,46041
,,,,,,,,6605,8666,819,620,1229,140,760,1347,5191,1595,12140,46958
,,,,,,,,6606,8922,871,659,1306,149,808,1432,5517,1696,13107,50238
,,,,,,,,6607,9862,991,750,1486,170,919,1633,6261,1937,15034,56679
,,,,,,,,6608,11664,1096,829,1644,188,1016,1806,6921,2143,16269,60769
,,,,,,,,6609,12645,1151,872,1727,197,1068,1896,7282,2249,16763,61993
,,,,,,,,6610,13067,1188,899,1782,203,1102,1956,7520,2317,17233,63170
,,,,,,,,6611,13412,1218,922,1826,208,1130,2004,7705,2375,17679,64629
,,,,,,,,6612,13743,1235,935,1853,211,1146,2034,7817,2410,17979,65835
,,,,,,,,6613,13957,1239,938,1859,212,1149,2040,7840,2417,18093,66071
,,,,,,,,6614,13983,1240,939,1860,212,1150,2041,7845,2419,18196,66573
,,,,,,,,6615,14052,1235,935,1853,212,1146,2034,7816,2411,18130,66645
,,,,,,,,6616,14012,1235,935,1853,211,1146,2034,7813,2412,18226,66836
,,,,,,,,6617,14020,1250,946,1875,214,1159,2059,7903,2441,18470,67304
,,,,,,,,6618,14172,1265,958,1898,217,1174,2084,7999,2472,18708,67701
,,,,,,,,6619,14374,1270,961,1905,217,1178,2091,8029,2480,18843,67477
,,,,,,,,6620,14705,1277,967,1916,219,1185,2104,8079,2494,19043,68596
,,,,,,,,6621,14676,1241,939,1861,212,1151,2043,7850,2422,18591,67914
,,,,,,,,6622,13985,1178,892,1767,202,1093,1939,7457,2298,17567,64600
,,,,,,,,6623,12902,1088,824,1633,186,1010,1791,6891,2122,16077,59936
,,,,,,,,6624,11549,995,754,1493,170,924,1637,6308,1939,14719,55162
,,,,,,,,6625,10343,917,694,1375,157,851,1508,5805,1787,13483,51491
,,,,,,,,6626,9538,873,661,1310,149,811,1436,5536,1700,12959,49315
,,,,,,,,6627,9097,847,641,1271,145,786,1393,5369,1649,12610,48127
,,,,,,,,6628,8894,835,632,1253,143,775,1373,5297,1625,12505,47846
,,,,,,,,6629,8855,841,637,1262,144,781,1383,5331,1638,12726,48618
,,,,,,,,6630,9091,893,676,1339,153,828,1468,5656,1739,13724,52155
,,,,,,,,6631,10051,1016,770,1525,174,943,1675,6425,1987,15700,58635
,,,,,,,,6632,11913,1127,853,1690,193,1045,1858,7117,2205,16987,62848
,,,,,,,,6633,13070,1188,899,1782,203,1102,1957,7508,2321,17567,64109
,,,,,,,,6634,13484,1227,929,1840,210,1138,2020,7757,2396,18079,65863
,,,,,,,,6635,13818,1257,952,1886,215,1166,2071,7945,2457,18549,66759
,,,,,,,,6636,14139,1273,964,1910,218,1181,2099,8043,2491,18795,67821
,,,,,,,,6637,14290,1280,969,1920,219,1187,2111,8082,2507,19104,68856
,,,,,,,,6638,14268,1289,976,1934,221,1195,2127,8131,2527,19384,69595
,,,,,,,,6639,14317,1287,975,1931,221,1193,2125,8115,2526,19457,70274
,,,,,,,,6640,14298,1285,973,1928,220,1191,2123,8095,2525,19569,69937
,,,,,,,,6641,14332,1294,979,1940,222,1198,2138,8142,2544,19758,70043
,,,,,,,,6642,14492,1300,984,1950,223,1204,2149,8176,2559,19774,69791
,,,,,,,,6643,14677,1300,984,1950,223,1204,2149,8178,2559,19942,69470
,,,,,,,,6644,14995,1318,998,1977,226,1221,2179,8298,2593,20332,70758
,,,,,,,,6645,14940,1286,974,1930,220,1192,2124,8107,2526,19894,69671
,,,,,,,,6646,14332,1221,924,1831,209,1131,2014,7702,2393,18666,66069
,,,,,,,,6647,13192,1137,861,1706,195,1054,1875,7182,2226,17139,61284
,,,,,,,,6648,11916,1046,792,1569,179,970,1723,6614,2043,15630,56357
,,,,,,,,6649,10694,966,731,1449,165,896,1589,6114,1883,14396,52450
,,,,,,,,6650,9794,918,695,1377,157,852,1510,5818,1787,13672,49972
,,,,,,,,6651,9306,886,671,1330,152,823,1458,5618,1726,13252,48623
,,,,,,,,6652,9064,873,661,1310,149,810,1435,5536,1698,13025,48200
,,,,,,,,6653,8997,878,665,1318,150,815,1444,5567,1710,13238,48971
,,,,,,,,6654,9229,929,703,1394,159,862,1528,5887,1809,14201,52281
,,,,,,,,6655,10167,1054,798,1581,180,977,1736,6661,2059,16212,58663
,,,,,,,,6656,12037,1166,882,1749,200,1081,1922,7361,2281,17396,62594
,,,,,,,,6657,13211,1226,928,1838,210,1137,2020,7744,2396,18008,63707
,,,,,,,,6658,13671,1272,963,1907,218,1179,2095,8037,2485,18554,65093
,,,,,,,,6659,14013,1303,987,1955,223,1208,2148,8233,2549,19054,66782
,,,,,,,,6660,14309,1319,999,1979,226,1223,2175,8326,2583,19354,68275
,,,,,,,,6661,14447,1321,1000,1982,226,1225,2180,8336,2589,19479,69249
,,,,,,,,6662,14411,1321,1000,1982,226,1224,2181,8329,2592,19633,69895
,,,,,,,,6663,14412,1316,996,1974,225,1219,2173,8290,2584,19625,70364
,,,,,,,,6664,14350,1316,996,1974,226,1219,2175,8288,2587,19677,70379
,,,,,,,,6665,14309,1319,999,1979,226,1222,2181,8302,2596,19798,70351
,,,,,,,,6666,14459,1316,996,1974,226,1218,2176,8275,2592,19766,69611
,,,,,,,,6667,14640,1304,987,1956,224,1207,2156,8201,2567,19639,68302
,,,,,,,,6668,14930,1328,1005,1991,228,1230,2194,8356,2611,20026,69199
,,,,,,,,6669,14850,1299,983,1948,223,1203,2145,8183,2551,19432,67842
,,,,,,,,6670,14219,1233,933,1850,211,1143,2035,7776,2418,18234,64261
,,,,,,,,6671,13195,1140,863,1710,195,1057,1881,7196,2233,16607,59282
,,,,,,,,6672,11881,1044,790,1566,179,968,1720,6597,2040,14941,54245
,,,,,,,,6673,10625,965,731,1448,165,896,1589,6109,1884,13737,50513
,,,,,,,,6674,9777,913,691,1369,156,847,1502,5782,1778,12984,48129
,,,,,,,,6675,9285,878,665,1318,150,815,1445,5566,1711,12564,46829
,,,,,,,,6676,9030,864,654,1297,148,802,1421,5480,1682,12370,46375
,,,,,,,,6677,8952,867,656,1301,148,805,1426,5495,1688,12517,47195
,,,,,,,,6678,9169,913,691,1369,156,847,1501,5783,1777,13307,50130
,,,,,,,,6679,10042,1024,776,1537,175,950,1688,6476,2002,15038,55990
,,,,,,,,6680,11764,1120,848,1679,192,1038,1847,7067,2193,16044,59589
,,,,,,,,6681,12814,1177,891,1765,201,1091,1940,7431,2302,16546,61057
,,,,,,,,6682,13281,1223,926,1835,209,1134,2016,7728,2393,17101,62657
,,,,,,,,6683,13730,1260,954,1890,216,1168,2077,7953,2466,17686,64376
,,,,,,,,6684,14155,1284,972,1927,220,1191,2119,8104,2517,18174,65677
,,,,,,,,6685,14371,1295,980,1943,222,1200,2137,8168,2540,18559,66633
,,,,,,,,6686,14389,1307,990,1961,224,1211,2158,8238,2565,19013,67215
,,,,,,,,6687,14469,1310,992,1965,225,1214,2164,8252,2574,19315,67802
,,,,,,,,6688,14471,1315,996,1973,225,1218,2173,8278,2586,19570,67795
,,,,,,,,6689,14441,1314,995,1971,225,1217,2173,8265,2587,19658,67820
,,,,,,,,6690,14380,1297,982,1946,222,1201,2146,8156,2556,19417,66995
,,,,,,,,6691,14116,1277,967,1915,219,1182,2112,8031,2515,18966,65536
,,,,,,,,6692,14306,1285,973,1928,220,1191,2125,8090,2529,18974,65567
,,,,,,,,6693,14395,1247,944,1871,214,1156,2060,7859,2450,18411,63616
,,,,,,,,6694,13794,1190,901,1785,204,1103,1964,7504,2335,17462,60782
,,,,,,,,6695,12957,1115,844,1673,191,1034,1839,7037,2185,16169,57143
,,,,,,,,6696,11877,1034,783,1552,177,959,1705,6536,2023,14833,52815
,,,,,,,,6697,10804,962,728,1443,165,892,1585,6086,1879,13751,49565
,,,,,,,,6698,9871,907,687,1361,155,842,1493,5744,1770,12956,47242
,,,,,,,,6699,9313,871,660,1307,149,809,1434,5519,1699,12453,45857
,,,,,,,,6700,8993,851,644,1277,146,790,1400,5394,1658,12122,45068
,,,,,,,,6701,8817,842,637,1263,144,782,1385,5337,1640,12065,44954
,,,,,,,,6702,8836,854,646,1281,146,793,1405,5410,1664,12281,46162
,,,,,,,,6703,9141,890,674,1335,152,826,1465,5632,1736,12825,48303
,,,,,,,,6704,9760,931,705,1397,159,864,1535,5886,1821,13323,50553
,,,,,,,,6705,10489,1004,760,1506,172,931,1656,6336,1967,14270,53092
,,,,,,,,6706,11544,1073,812,1609,184,994,1770,6768,2103,15165,55660
,,,,,,,,6707,12323,1122,849,1683,192,1040,1852,7075,2201,15875,57722
,,,,,,,,6708,12771,1148,869,1722,197,1064,1895,7236,2253,16361,58497
,,,,,,,,6709,13028,1154,874,1731,198,1069,1906,7269,2267,16634,58877
,,,,,,,,6710,13048,1151,871,1726,197,1066,1902,7246,2262,16707,58443
,,,,,,,,6711,12966,1142,865,1713,196,1058,1888,7185,2247,16532,57519
,,,,,,,,6712,12887,1126,852,1689,193,1042,1862,7079,2218,16260,57108
,,,,,,,,6713,12873,1113,843,1670,191,1031,1842,7000,2194,16041,56990
,,,,,,,,6714,12958,1096,830,1645,188,1015,1814,6893,2160,15771,56698
,,,,,,,,6715,13262,1106,837,1658,189,1024,1829,6952,2178,15964,57099
,,,,,,,,6716,13557,1145,867,1718,196,1061,1893,7207,2253,16527,59246
,,,,,,,,6717,13373,1116,845,1675,191,1034,1845,7031,2195,16095,58603
,,,,,,,,6718,12802,1075,814,1613,184,996,1775,6779,2110,15392,56529
,,,,,,,,6719,12054,1015,768,1523,174,941,1675,6405,1989,14419,53630
,,,,,,,,6720,11057,949,718,1423,162,880,1564,5993,1855,13371,50356
,,,,,,,,6721,10049,889,673,1334,152,825,1463,5633,1732,12457,47436
,,,,,,,,6722,9239,842,638,1264,144,782,1386,5337,1640,11815,45271
,,,,,,,,6723,8761,807,611,1211,138,749,1328,5113,1572,11435,44157
,,,,,,,,6724,8489,793,600,1190,136,736,1305,5024,1545,11216,43506
,,,,,,,,6725,8359,785,594,1178,134,729,1292,4972,1531,11183,43457
,,,,,,,,6726,8375,792,600,1188,135,735,1304,5013,1546,11361,44156
,,,,,,,,6727,8592,816,618,1225,140,757,1345,5163,1595,11785,45702
,,,,,,,,6728,8973,844,639,1266,144,782,1390,5333,1649,12211,47429
,,,,,,,,6729,9568,903,684,1355,155,837,1489,5701,1768,13078,50065
,,,,,,,,6730,10524,963,729,1445,165,893,1589,6085,1886,13921,52568
,,,,,,,,6731,11215,1005,761,1508,172,932,1657,6348,1967,14444,53465
,,,,,,,,6732,11584,1031,781,1547,177,957,1700,6519,2017,14816,54693
,,,,,,,,6733,11826,1046,792,1569,179,970,1723,6611,2044,15023,55119
,,,,,,,,6734,11958,1047,792,1570,179,971,1724,6618,2045,14977,54969
,,,,,,,,6735,11967,1046,792,1569,179,970,1723,6613,2043,14841,54832
,,,,,,,,6736,11966,1045,791,1567,179,969,1722,6604,2042,14871,54732
,,,,,,,,6737,12045,1057,800,1585,181,980,1741,6680,2065,15179,55212
,,,,,,,,6738,12236,1080,818,1621,185,1002,1780,6830,2111,15545,56239
,,,,,,,,6739,12588,1121,849,1682,192,1040,1847,7087,2191,16310,58000
,,,,,,,,6740,13247,1146,867,1719,196,1063,1888,7244,2239,16665,60542
,,,,,,,,6741,13165,1119,847,1678,192,1038,1843,7072,2186,16242,60078
,,,,,,,,6742,12631,1076,815,1614,184,998,1772,6807,2101,15495,57815
,,,,,,,,6743,11791,1012,766,1518,173,939,1666,6399,1976,14431,54950
,,,,,,,,6744,10789,941,713,1412,161,873,1550,5956,1838,13480,51860
,,,,,,,,6745,9763,877,664,1316,150,814,1444,5552,1711,12606,49459
,,,,,,,,6746,9075,836,633,1254,143,775,1376,5291,1630,12140,48014
,,,,,,,,6747,8671,812,615,1218,139,753,1337,5138,1585,11909,47591
,,,,,,,,6748,8497,802,607,1204,137,744,1322,5076,1567,11921,47776
,,,,,,,,6749,8466,809,612,1214,138,750,1333,5114,1581,12195,49228
,,,,,,,,6750,8694,850,644,1275,145,788,1401,5373,1662,13097,52198
,,,,,,,,6751,9384,929,704,1394,159,861,1534,5862,1822,14776,57947
,,,,,,,,6752,10499,1007,762,1510,172,933,1661,6351,1973,15817,62578
,,,,,,,,6753,11460,1075,813,1612,184,996,1771,6788,2102,16309,64034
,,,,,,,,6754,12241,1123,850,1685,192,1042,1850,7105,2194,16778,65019
,,,,,,,,6755,12807,1153,873,1729,197,1069,1898,7291,2251,17024,65718
,,,,,,,,6756,13118,1165,882,1748,199,1081,1918,7370,2274,17157,65640
,,,,,,,,6757,13227,1164,881,1747,199,1080,1917,7368,2272,17175,65346
,,,,,,,,6758,13154,1161,879,1742,199,1077,1911,7348,2265,17208,64738
,,,,,,,,6759,13101,1157,876,1736,198,1074,1905,7322,2258,17097,64083
,,,,,,,,6760,13082,1157,876,1736,198,1073,1906,7320,2259,17136,63760
,,,,,,,,6761,13087,1174,889,1761,201,1089,1933,7422,2292,17426,64236
,,,,,,,,6762,13322,1199,908,1798,205,1112,1975,7578,2343,17891,65090
,,,,,,,,6763,13686,1227,929,1841,210,1138,2021,7758,2397,18388,66163
,,,,,,,,6764,14328,1244,942,1866,213,1154,2049,7867,2429,18491,67800
,,,,,,,,6765,14334,1208,915,1813,207,1121,1990,7646,2359,17963,66880
,,,,,,,,6766,13657,1143,865,1714,196,1060,1881,7230,2230,16917,63864
,,,,,,,,6767,12572,1059,801,1588,181,982,1743,6699,2066,15504,59711
,,,,,,,,6768,11284,969,733,1453,166,899,1594,6133,1889,14219,55494
,,,,,,,,6769,10127,896,678,1345,153,832,1475,5674,1748,13200,52315
,,,,,,,,6770,9347,853,646,1280,146,792,1405,5401,1664,12741,50555
,,,,,,,,6771,8921,829,627,1243,142,769,1365,5244,1618,12414,49802
,,,,,,,,6772,8741,819,620,1229,140,760,1350,5185,1600,12353,49778
,,,,,,,,6773,8714,827,626,1241,142,767,1363,5231,1617,12652,51114
,,,,,,,,6774,8986,880,667,1321,151,817,1451,5565,1721,13577,54710
,,,,,,,,6775,9974,1002,759,1503,172,929,1654,6318,1966,15567,61001
,,,,,,,,6776,11837,1105,837,1658,189,1024,1824,6970,2168,16787,64719
,,,,,,,,6777,12971,1151,871,1726,197,1067,1897,7268,2251,17019,64778
,,,,,,,,6778,13301,1174,889,1761,201,1089,1933,7424,2292,17079,64636
,,,,,,,,6779,13533,1190,901,1786,204,1104,1960,7529,2324,17262,64506
,,,,,,,,6780,13708,1199,908,1799,205,1112,1974,7586,2340,17272,63982
,,,,,,,,6781,13795,1196,905,1794,205,1110,1969,7569,2333,17227,63525
,,,,,,,,6782,13745,1194,904,1792,204,1108,1966,7558,2330,17178,63135
,,,,,,,,6783,13747,1188,899,1782,203,1102,1955,7515,2317,17070,62548
,,,,,,,,6784,13691,1186,898,1779,203,1100,1953,7501,2315,17089,62176
,,,,,,,,6785,13690,1200,908,1800,205,1113,1976,7586,2343,17345,62439
,,,,,,,,6786,13877,1221,924,1831,209,1132,2011,7717,2385,17703,62984
,,,,,,,,6787,14167,1240,939,1861,212,1151,2043,7844,2423,18145,63835
,,,,,,,,6788,14715,1256,951,1883,215,1165,2068,7941,2452,18343,65815
,,,,,,,,6789,14654,1221,924,1832,209,1133,2011,7723,2384,17861,64882
,,,,,,,,6790,13962,1156,875,1734,198,1072,1903,7314,2255,16825,62017
,,,,,,,,6791,12836,1066,807,1599,182,989,1754,6745,2078,15354,57638
,,,,,,,,6792,11459,967,732,1450,165,897,1590,6122,1883,13994,53450
,,,,,,,,6793,10246,893,676,1339,153,828,1468,5654,1739,13055,50417
,,,,,,,,6794,9460,851,645,1277,146,790,1401,5395,1659,12529,48774
,,,,,,,,6795,9032,824,624,1237,141,765,1356,5220,1607,12228,47915
,,,,,,,,6796,8832,815,617,1223,139,756,1341,5161,1589,12153,47860
,,,,,,,,6797,8795,820,621,1230,140,761,1350,5189,1600,12403,49145
,,,,,,,,6798,9048,869,658,1304,149,806,1432,5498,1697,13381,52642
,,,,,,,,6799,10003,990,750,1486,170,918,1634,6249,1941,15331,59004
,,,,,,,,6800,11860,1096,830,1645,188,1016,1809,6919,2149,16558,62847
,,,,,,,,6801,13045,1146,867,1719,196,1062,1888,7240,2240,16749,63154
,,,,,,,,6802,13366,1176,890,1764,201,1091,1937,7441,2295,16919,63194
,,,,,,,,6803,13607,1198,907,1797,205,1111,1973,7580,2338,17120,63455
,,,,,,,,6804,13833,1211,917,1817,207,1124,1994,7663,2363,17125,63433
,,,,,,,,6805,13944,1213,918,1819,208,1125,1997,7675,2366,17068,63309
,,,,,,,,6806,13932,1215,920,1822,208,1127,2000,7687,2370,17034,63135
,,,,,,,,6807,13953,1211,917,1817,207,1124,1994,7663,2363,16935,62681
,,,,,,,,6808,13958,1212,917,1818,207,1124,1996,7665,2366,16940,62535
,,,,,,,,6809,13998,1223,926,1834,209,1134,2014,7732,2388,17154,62793
,,,,,,,,6810,14222,1230,931,1845,211,1141,2026,7775,2403,17415,63343
,,,,,,,,6811,14428,1241,940,1862,213,1151,2045,7849,2425,17814,64244
,,,,,,,,6812,14794,1265,957,1897,217,1173,2083,7999,2470,18203,66174
,,,,,,,,6813,14706,1222,925,1834,209,1134,2013,7732,2387,17739,65444
,,,,,,,,6814,14021,1159,877,1739,198,1075,1908,7335,2261,16767,62688
,,,,,,,,6815,12919,1070,810,1606,183,993,1762,6775,2087,15328,58498
,,,,,,,,6816,11550,974,737,1461,167,904,1603,6170,1898,14001,54469
,,,,,,,,6817,10321,897,679,1345,153,832,1476,5680,1748,13008,51655
,,,,,,,,6818,9498,853,645,1279,146,791,1403,5401,1661,12461,50105
,,,,,,,,6819,9060,827,626,1240,141,767,1360,5234,1612,12220,49387
,,,,,,,,6820,8848,819,620,1229,140,760,1349,5189,1598,12162,49748
,,,,,,,,6821,8827,827,626,1240,141,767,1361,5232,1614,12477,51194
,,,,,,,,6822,9105,879,666,1319,150,816,1448,5563,1717,13522,55075
,,,,,,,,6823,10085,1000,757,1501,171,927,1651,6313,1961,15538,61804
,,,,,,,,6824,11950,1100,833,1650,188,1019,1815,6938,2156,16581,65512
,,,,,,,,6825,12952,1142,865,1713,196,1059,1883,7215,2234,16673,65540
,,,,,,,,6826,13212,1171,887,1757,201,1087,1929,7410,2287,16664,65036
,,,,,,,,6827,13366,1185,897,1777,203,1099,1951,7494,2312,16649,64480
,,,,,,,,6828,13456,1189,900,1783,204,1103,1957,7522,2320,16552,63906
,,,,,,,,6829,13485,1184,896,1776,203,1099,1949,7494,2310,16465,63320
,,,,,,,,6830,13395,1182,895,1773,202,1096,1945,7479,2305,16476,62955
,,,,,,,,6831,13389,1177,891,1765,201,1092,1937,7447,2296,16375,62297
,,,,,,,,6832,13305,1177,891,1765,201,1092,1938,7444,2297,16458,61900
,,,,,,,,6833,13287,1187,899,1780,203,1101,1955,7506,2318,16698,61939
,,,,,,,,6834,13397,1201,909,1802,206,1114,1979,7594,2347,17073,62186
,,,,,,,,6835,13572,1220,924,1830,209,1132,2010,7714,2383,17562,63047
,,,,,,,,6836,14266,1253,949,1880,215,1162,2064,7924,2447,18153,65339
,,,,,,,,6837,14462,1221,924,1832,209,1133,2011,7723,2385,17771,64666
,,,,,,,,6838,13900,1162,880,1744,199,1078,1914,7355,2268,16808,61967
,,,,,,,,6839,12870,1077,815,1616,184,999,1773,6816,2101,15450,58130
,,,,,,,,6840,11646,988,748,1483,169,917,1626,6259,1927,14291,54467
,,,,,,,,6841,10467,907,687,1361,155,842,1493,5744,1769,13279,51501
,,,,,,,,6842,9619,860,651,1290,147,798,1416,5445,1677,12777,49711
,,,,,,,,6843,9184,833,631,1250,143,773,1372,5274,1627,12534,48674
,,,,,,,,6844,8973,823,623,1234,141,763,1355,5206,1606,12494,48915
,,,,,,,,6845,8929,830,628,1245,142,770,1367,5247,1622,12773,50374
,,,,,,,,6846,9175,880,666,1320,151,816,1450,5562,1721,13783,53562
,,,,,,,,6847,10145,999,756,1499,171,926,1649,6298,1960,15737,59822
,,,,,,,,6848,11970,1102,834,1653,189,1021,1819,6947,2162,16810,63737
,,,,,,,,6849,13000,1149,870,1724,197,1065,1895,7256,2250,16915,63973
,,,,,,,,6850,13307,1176,891,1765,201,1091,1938,7436,2299,16887,63612
,,,,,,,,6851,13604,1197,906,1795,205,1110,1972,7566,2338,17116,63479
,,,,,,,,6852,13839,1206,913,1809,206,1119,1986,7627,2355,17125,62999
,,,,,,,,6853,13911,1198,907,1797,205,1111,1973,7576,2339,16882,62578
,,,,,,,,6854,13787,1190,901,1785,204,1104,1960,7528,2323,16774,61979
,,,,,,,,6855,13690,1181,894,1772,202,1096,1946,7471,2307,16504,61288
,,,,,,,,6856,13508,1176,890,1764,201,1091,1937,7434,2297,16443,60458
,,,,,,,,6857,13392,1178,892,1767,202,1092,1941,7444,2302,16620,60487
,,,,,,,,6858,13478,1188,899,1782,203,1102,1958,7506,2324,16912,60530
,,,,,,,,6859,13634,1208,914,1812,207,1120,1990,7634,2361,17301,60913
,,,,,,,,6860,14216,1229,930,1844,210,1140,2025,7768,2402,17619,62276
,,,,,,,,6861,14241,1200,908,1800,205,1113,1977,7584,2345,17251,61757
,,,,,,,,6862,13750,1154,874,1731,198,1070,1900,7299,2253,16584,60051
,,,,,,,,6863,12987,1084,820,1626,185,1005,1785,6855,2116,15602,57404
,,,,,,,,6864,11934,1003,759,1505,172,931,1652,6348,1958,14489,53962
,,,,,,,,6865,10951,935,708,1403,160,867,1542,5910,1830,13668,51241
,,,,,,,,6866,10120,890,674,1336,152,825,1468,5623,1743,13097,49409
,,,,,,,,6867,9690,862,653,1293,148,799,1422,5441,1688,12848,48622
,,,,,,,,6868,9478,848,642,1272,145,786,1399,5353,1662,12793,48745
,,,,,,,,6869,9392,847,641,1271,145,785,1398,5345,1661,12907,48911
,,,,,,,,6870,9500,864,654,1297,148,801,1427,5449,1697,13372,50341
,,,,,,,,6871,9917,909,688,1364,156,842,1502,5725,1787,14208,53117
,,,,,,,,6872,10605,959,726,1438,164,888,1583,6041,1883,14819,55841
,,,,,,,,6873,11417,1021,773,1531,175,946,1686,6428,2006,15419,57864
,,,,,,,,6874,12285,1063,805,1595,182,985,1756,6700,2087,15606,58761
,,,,,,,,6875,12721,1084,820,1626,186,1004,1790,6830,2127,15536,58554
,,,,,,,,6876,12784,1087,823,1631,186,1007,1794,6857,2131,15246,57847
,,,,,,,,6877,12655,1077,815,1615,184,998,1777,6794,2110,14873,57127
,,,,,,,,6878,12397,1058,801,1587,181,981,1745,6678,2072,14595,56166
,,,,,,,,6879,12099,1043,790,1565,179,967,1721,6587,2043,14381,55117
,,,,,,,,6880,11865,1037,785,1555,177,961,1710,6544,2030,14338,54640
,,,,,,,,6881,11814,1046,792,1569,179,970,1725,6605,2047,14559,55001
,,,,,,,,6882,11982,1064,805,1596,182,986,1755,6717,2083,14925,55346
,,,,,,,,6883,12519,1120,848,1681,192,1039,1847,7076,2192,15926,57223
,,,,,,,,6884,13482,1156,875,1734,198,1072,1906,7301,2262,16556,59293
,,,,,,,,6885,13454,1131,857,1697,194,1049,1866,7145,2215,16313,58630
,,,,,,,,6886,13027,1094,828,1642,187,1015,1804,6912,2141,15770,56956
,,,,,,,,6887,12367,1038,786,1557,178,962,1711,6554,2031,14874,54091
,,,,,,,,6888,11459,969,734,1454,166,898,1598,6120,1896,13887,50853
,,,,,,,,6889,10475,908,687,1362,155,842,1495,5739,1773,12973,48131
,,,,,,,,6890,9710,862,653,1294,148,800,1421,5451,1685,12373,46027
,,,,,,,,6891,9216,830,628,1245,142,770,1368,5246,1623,12012,44892
,,,,,,,,6892,8959,813,615,1219,139,753,1339,5135,1589,11823,44394
,,,,,,,,6893,8818,804,608,1206,137,745,1325,5078,1573,11786,44466
,,,,,,,,6894,8814,812,615,1218,139,753,1339,5129,1589,11986,45135
,,,,,,,,6895,9046,837,634,1256,143,776,1381,5286,1639,12454,46635
,,,,,,,,6896,9477,872,660,1308,149,808,1437,5505,1706,12838,48218
,,,,,,,,6897,10139,925,700,1388,158,857,1526,5838,1812,13472,50534
,,,,,,,,6898,11110,983,744,1474,168,911,1621,6205,1924,14034,52332
,,,,,,,,6899,11934,1023,774,1534,175,948,1686,6459,2002,14316,53410
,,,,,,,,6900,12391,1043,790,1565,179,967,1719,6591,2039,14368,54072
,,,,,,,,6901,12678,1050,795,1576,180,974,1731,6640,2053,14308,54573
,,,,,,,,6902,12735,1048,793,1572,179,972,1726,6624,2047,14228,54610
,,,,,,,,6903,12596,1045,791,1567,179,969,1721,6604,2041,14173,54421
,,,,,,,,6904,12391,1045,791,1568,179,969,1722,6606,2043,14276,54765
,,,,,,,,6905,12324,1058,801,1587,181,981,1743,6687,2068,14599,55426
,,,,,,,,6906,12457,1076,815,1615,184,998,1773,6804,2103,15018,56281
,,,,,,,,6907,12910,1134,858,1701,194,1051,1868,7166,2216,16047,58290
,,,,,,,,6908,13743,1173,888,1760,201,1088,1933,7419,2293,16713,60677
,,,,,,,,6909,13747,1147,868,1720,196,1064,1889,7250,2241,16308,60059
,,,,,,,,6910,13197,1092,827,1638,187,1013,1798,6907,2132,15442,57214
,,,,,,,,6911,12142,1017,770,1526,174,944,1675,6435,1986,14364,53866
,,,,,,,,6912,10977,938,710,1408,161,871,1545,5940,1831,13230,50112
,,,,,,,,6913,9888,872,660,1308,149,809,1434,5524,1697,12310,46834
,,,,,,,,6914,9196,834,631,1251,143,774,1372,5288,1623,11841,44876
,,,,,,,,6915,8853,812,615,1218,139,754,1335,5145,1581,11609,44239
,,,,,,,,6916,8700,804,609,1207,137,746,1323,5097,1566,11570,44210
,,,,,,,,6917,8702,814,616,1221,139,755,1339,5154,1586,11834,45292
,,,,,,,,6918,8992,866,655,1299,148,803,1425,5481,1688,12843,48766
,,,,,,,,6919,9988,990,749,1485,169,918,1632,6252,1938,14783,54922
,,,,,,,,6920,11851,1100,833,1650,188,1020,1814,6946,2153,16063,59481
,,,,,,,,6921,12941,1153,873,1729,197,1069,1899,7287,2252,16485,60753
,,,,,,,,6922,13360,1192,902,1788,204,1106,1962,7541,2325,16836,61666
,,,,,,,,6923,13720,1217,922,1826,208,1129,2004,7704,2375,17272,62741
,,,,,,,,6924,14026,1231,932,1846,211,1142,2026,7786,2402,17486,63348
,,,,,,,,6925,14166,1237,936,1855,212,1147,2036,7825,2413,17599,63815
,,,,,,,,6926,14149,1238,937,1857,212,1148,2038,7830,2415,17618,63755
,,,,,,,,6927,14185,1233,934,1850,211,1144,2031,7803,2408,17510,63322
,,,,,,,,6928,14141,1234,934,1851,211,1144,2032,7802,2409,17638,63388
,,,,,,,,6929,14130,1249,945,1873,214,1158,2057,7895,2439,17846,63320
,,,,,,,,6930,14279,1277,967,1915,219,1184,2104,8072,2495,18155,63961
,,,,,,,,6931,14591,1294,980,1941,222,1200,2132,8183,2528,18505,65332
,,,,,,,,6932,15132,1284,972,1926,220,1191,2114,8119,2507,18389,66173
,,,,,,,,6933,14881,1238,937,1857,212,1148,2038,7830,2416,17733,64887
,,,,,,,,6934,14134,1166,882,1748,199,1081,1919,7377,2274,16713,61566
,,,,,,,,6935,12994,1071,810,1606,183,993,1762,6778,2088,15372,57471
,,,,,,,,6936,11634,974,738,1462,167,904,1603,6174,1898,13895,53148
,,,,,,,,6937,10435,897,679,1345,153,832,1475,5683,1746,12836,50150
,,,,,,,,6938,9620,853,645,1279,146,791,1402,5405,1659,12252,48194
,,,,,,,,6939,9147,823,623,1235,141,764,1354,5218,1603,11958,47161
,,,,,,,,6940,8901,812,615,1218,139,754,1336,5147,1581,11837,47280
,,,,,,,,6941,8800,818,619,1227,140,759,1345,5178,1594,11999,48516
,,,,,,,,6942,8993,869,658,1303,149,806,1430,5499,1694,12955,52113
,,,,,,,,6943,9901,989,748,1483,169,917,1631,6242,1936,15002,58723
,,,,,,,,6944,11730,1096,830,1645,188,1016,1809,6921,2148,16184,62801
,,,,,,,,6945,12853,1136,860,1705,195,1054,1873,7182,2222,16380,63486
,,,,,,,,6946,13066,1160,878,1740,199,1076,1910,7338,2263,16398,63216
,,,,,,,,6947,13250,1180,893,1770,202,1094,1942,7465,2302,16463,63233
,,,,,,,,6948,13458,1189,900,1784,204,1103,1958,7526,2321,16516,63260
,,,,,,,,6949,13517,1188,899,1782,203,1102,1956,7520,2318,16472,63091
,,,,,,,,6950,13441,1184,896,1776,203,1098,1948,7492,2309,16419,62800
,,,,,,,,6951,13420,1179,892,1768,202,1094,1941,7460,2300,16400,62536
,,,,,,,,6952,13346,1180,893,1770,202,1095,1943,7466,2303,16437,62388
,,,,,,,,6953,13305,1191,901,1786,204,1104,1961,7531,2325,16690,62375
,,,,,,,,6954,13492,1208,915,1812,207,1121,1990,7638,2360,17079,62793
,,,,,,,,6955,13784,1243,941,1865,213,1153,2048,7863,2428,17767,63929
,,,,,,,,6956,14539,1263,956,1895,216,1172,2080,7988,2467,18151,65833
,,,,,,,,6957,14522,1226,928,1839,210,1137,2019,7752,2393,17699,64933
,,,,,,,,6958,13915,1157,876,1736,198,1074,1905,7324,2258,16744,61758
,,,,,,,,6959,12847,1071,811,1606,183,993,1763,6777,2088,15380,57988
,,,,,,,,6960,11643,982,744,1474,168,912,1617,6222,1915,14187,54059
,,,,,,,,6961,10492,902,683,1354,154,837,1485,5715,1759,13182,51138
,,,,,,,,6962,9616,860,651,1290,147,798,1415,5444,1675,12690,48945
,,,,,,,,6963,9206,835,632,1253,143,775,1375,5288,1629,12457,48112
,,,,,,,,6964,9053,826,625,1239,141,766,1360,5227,1611,12457,48055
,,,,,,,,6965,9046,833,630,1249,142,772,1371,5267,1626,12747,49408
,,,,,,,,6966,9363,885,670,1327,151,821,1458,5595,1729,13862,53164
,,,,,,,,6967,10364,1010,765,1515,173,936,1667,6371,1981,15931,59478
,,,,,,,,6968,12300,1111,841,1666,190,1029,1833,7006,2178,17037,63511
,,,,,,,,6969,13301,1147,869,1721,196,1064,1891,7247,2245,17046,63765
,,,,,,,,6970,13470,1167,883,1751,200,1082,1922,7381,2279,16868,63440
,,,,,,,,6971,13509,1179,892,1768,202,1093,1941,7456,2301,16845,63237
,,,,,,,,6972,13543,1180,893,1770,202,1095,1943,7466,2303,16692,63162
,,,,,,,,6973,13507,1175,890,1763,201,1090,1935,7436,2293,16677,63175
,,,,,,,,6974,13413,1175,889,1762,201,1090,1934,7434,2292,16669,63072
,,,,,,,,6975,13394,1165,882,1747,199,1080,1917,7369,2272,16626,62880
,,,,,,,,6976,13337,1161,879,1742,199,1077,1912,7345,2267,16651,62731
,,,,,,,,6977,13315,1170,886,1756,200,1086,1928,7401,2286,16845,63080
,,,,,,,,6978,13426,1186,898,1779,203,1100,1954,7496,2317,17125,63720
,,,,,,,,6979,13719,1227,929,1840,210,1138,2021,7757,2396,17860,64857
,,,,,,,,6980,14534,1241,939,1861,212,1151,2044,7846,2423,18128,65903
,,,,,,,,6981,14471,1201,910,1802,206,1114,1979,7599,2346,17659,64724
,,,,,,,,6982,13887,1141,864,1712,195,1059,1879,7223,2227,16699,61606
,,,,,,,,6983,12819,1048,793,1572,179,972,1725,6634,2044,15267,57102
,,,,,,,,6984,11487,950,719,1425,163,882,1563,6017,1852,13996,52940
,,,,,,,,6985,10336,878,665,1318,150,815,1445,5564,1712,13038,49659
,,,,,,,,6986,9566,837,634,1256,143,777,1378,5306,1632,12533,47752
,,,,,,,,6987,9175,813,616,1220,139,755,1339,5150,1586,12316,46792
,,,,,,,,6988,9002,804,608,1206,137,746,1323,5089,1567,12278,46707
,,,,,,,,6989,8961,814,616,1221,139,755,1340,5150,1588,12521,47943
,,,,,,,,6990,9247,867,656,1300,148,804,1427,5482,1692,13591,51518
,,,,,,,,6991,10248,984,745,1476,169,912,1624,6210,1929,15581,57890
,,,,,,,,6992,12157,1091,826,1636,187,1011,1800,6884,2138,16673,61985
,,,,,,,,6993,13196,1129,855,1694,193,1047,1861,7138,2208,16721,62558
,,,,,,,,6994,13366,1154,874,1731,198,1071,1900,7303,2252,16695,62744
,,,,,,,,6995,13468,1173,888,1759,201,1088,1931,7423,2288,16801,63007
,,,,,,,,6996,13589,1186,898,1779,203,1100,1952,7504,2313,16825,63118
,,,,,,,,6997,13612,1185,897,1777,203,1099,1950,7499,2310,16803,63195
,,,,,,,,6998,13513,1182,895,1774,202,1097,1946,7484,2305,16788,63201
,,,,,,,,6999,13520,1174,889,1761,201,1089,1933,7432,2290,16760,62872
,,,,,,,,7000,13472,1176,890,1764,201,1091,1936,7442,2295,16815,62550
,,,,,,,,7001,13430,1189,900,1784,204,1103,1958,7523,2321,17070,62856
,,,,,,,,7002,13531,1208,915,1813,207,1121,1990,7642,2360,17501,63613
,,,,,,,,7003,13750,1244,942,1867,213,1154,2049,7871,2429,18215,64852
,,,,,,,,7004,14473,1245,942,1868,213,1155,2050,7876,2430,18238,66048
,,,,,,,,7005,14414,1207,914,1810,207,1120,1987,7636,2355,17740,64750
,,,,,,,,7006,13817,1148,869,1721,196,1065,1889,7264,2238,16747,61848
,,,,,,,,7007,12788,1060,803,1591,181,984,1745,6713,2067,15365,57636
,,,,,,,,7008,11480,967,732,1451,165,898,1591,6128,1884,14030,53476
,,,,,,,,7009,10290,895,678,1343,153,831,1472,5673,1743,13055,50279
,,,,,,,,7010,9473,855,648,1283,146,794,1407,5423,1665,12511,48843
,,,,,,,,7011,9044,833,630,1249,142,773,1369,5276,1621,12214,47715
,,,,,,,,7012,8847,821,622,1232,140,762,1351,5204,1599,12127,47488
,,,,,,,,7013,8799,829,628,1244,142,769,1364,5251,1616,12338,48566
,,,,,,,,7014,9048,877,664,1316,150,814,1444,5554,1711,13221,51581
,,,,,,,,7015,9958,994,753,1491,170,922,1640,6278,1947,15115,57359
,,,,,,,,7016,11765,1116,845,1674,191,1034,1840,7046,2184,16596,61982
,,,,,,,,7017,12992,1170,886,1756,200,1086,1928,7400,2286,17117,63475
,,,,,,,,7018,13410,1216,921,1824,208,1128,2002,7697,2372,17455,63779
,,,,,,,,7019,13751,1242,940,1863,213,1152,2044,7861,2422,17799,64152
,,,,,,,,7020,14012,1255,950,1883,215,1164,2066,7943,2448,17877,64267
,,,,,,,,7021,14113,1253,949,1880,214,1163,2062,7931,2444,17835,64001
,,,,,,,,7022,14029,1249,946,1874,214,1159,2056,7905,2436,17765,63835
,,,,,,,,7023,14037,1238,937,1857,212,1148,2038,7833,2415,17607,63478
,,,,,,,,7024,13986,1234,934,1851,211,1145,2032,7805,2408,17558,63073
,,,,,,,,7025,13992,1237,937,1856,212,1148,2038,7826,2416,17583,63195
,,,,,,,,7026,14175,1236,936,1854,212,1146,2036,7815,2414,17625,63216
,,,,,,,,7027,14421,1247,944,1871,214,1157,2054,7888,2436,17979,63496
,,,,,,,,7028,14601,1236,936,1855,212,1147,2036,7820,2414,17845,63600
,,,,,,,,7029,14200,1194,904,1791,204,1108,1966,7554,2330,17273,62213
,,,,,,,,7030,13610,1139,863,1709,195,1057,1876,7212,2222,16465,59744
,,,,,,,,7031,12789,1065,806,1598,182,988,1753,6745,2077,15294,56290
,,,,,,,,7032,11703,983,744,1475,168,912,1617,6229,1914,14064,52633
,,,,,,,,7033,10619,907,687,1361,155,842,1492,5748,1767,13073,49540
,,,,,,,,7034,9724,853,646,1280,146,792,1403,5408,1661,12372,47390
,,,,,,,,7035,9234,827,626,1240,141,767,1360,5240,1609,11909,46192
,,,,,,,,7036,8948,811,614,1217,139,753,1334,5140,1579,11690,45613
,,,,,,,,7037,8808,803,608,1205,137,745,1321,5089,1564,11638,45813
,,,,,,,,7038,8849,816,618,1224,140,757,1343,5167,1590,11891,47013
,,,,,,,,7039,9168,858,650,1287,147,796,1413,5429,1676,12535,49381
,,,,,,,,7040,9838,910,689,1365,156,844,1499,5753,1777,13128,52023
,,,,,,,,7041,10677,967,732,1451,166,897,1595,6109,1893,13839,54338
,,,,,,,,7042,11657,1028,778,1541,176,953,1694,6491,2010,14468,56248
,,,,,,,,7043,12407,1067,808,1601,183,990,1760,6743,2089,14829,57049
,,,,,,,,7044,12802,1086,822,1629,186,1007,1790,6862,2124,14891,57147
,,,,,,,,7045,12936,1092,826,1638,187,1012,1799,6898,2135,14872,56676
,,,,,,,,7046,12851,1082,819,1623,185,1003,1782,6836,2115,14722,56101
,,,,,,,,7047,12644,1068,809,1602,183,991,1760,6750,2088,14542,55317
,,,,,,,,7048,12405,1059,802,1589,181,982,1746,6692,2071,14521,54848
,,,,,,,,7049,12275,1057,801,1586,181,981,1743,6683,2068,14662,54978
,,,,,,,,7050,12286,1065,806,1598,182,988,1755,6733,2082,14870,55068
,,,,,,,,7051,12607,1117,846,1676,191,1036,1841,7060,2184,15753,56767
,,,,,,,,7052,13373,1141,864,1712,195,1059,1881,7216,2231,16086,58985
,,,,,,,,7053,13158,1108,839,1662,190,1028,1826,7005,2166,15708,58083
,,,,,,,,7054,12652,1065,806,1598,182,988,1754,6737,2080,15126,56218
,,,,,,,,7055,11924,1006,762,1509,172,933,1657,6366,1964,14230,53693
,,,,,,,,7056,10983,937,710,1406,160,870,1543,5934,1828,13249,50650
,,,,,,,,7057,10000,874,661,1311,149,811,1437,5537,1702,12331,48038
,,,,,,,,7058,9194,829,628,1244,142,769,1363,5254,1614,11724,46325
,,,,,,,,7059,8713,800,605,1199,137,742,1315,5067,1557,11411,45391
,,,,,,,,7060,8446,781,592,1172,134,725,1285,4953,1522,11240,45091
,,,,,,,,7061,8302,776,587,1164,133,720,1276,4916,1511,11245,45355
,,,,,,,,7062,8323,785,594,1178,134,729,1292,4973,1530,11468,46430
,,,,,,,,7063,8548,815,617,1222,139,756,1341,5156,1590,12016,48266
,,,,,,,,7064,9009,847,641,1270,145,785,1394,5357,1653,12443,50404
,,,,,,,,7065,9584,896,679,1345,153,831,1478,5664,1754,13099,52307
,,,,,,,,7066,10492,952,721,1428,163,883,1569,6016,1862,13584,53606
,,,,,,,,7067,11216,987,748,1481,169,916,1627,6240,1931,13782,53747
,,,,,,,,7068,11567,1008,763,1513,173,935,1661,6374,1970,13877,53635
,,,,,,,,7069,11811,1022,773,1533,175,948,1683,6460,1996,13950,53560
,,,,,,,,7070,11883,1024,775,1536,175,950,1687,6476,2000,13923,53196
,,,,,,,,7071,11818,1023,775,1535,175,949,1685,6471,1999,13926,52802
,,,,,,,,7072,11766,1025,776,1538,175,951,1689,6481,2003,14027,52803
,,,,,,,,7073,11820,1043,789,1564,178,967,1718,6594,2037,14364,53401
,,,,,,,,7074,12075,1064,805,1596,182,987,1753,6728,2078,14812,54286
,,,,,,,,7075,12683,1123,851,1685,192,1042,1851,7103,2195,15977,56918
,,,,,,,,7076,13659,1156,875,1734,198,1072,1905,7310,2259,16492,59914
,,,,,,,,7077,13380,1130,855,1695,193,1048,1861,7143,2207,16178,59212
,,,,,,,,7078,12903,1071,811,1606,183,993,1763,6774,2090,15313,56866
,,,,,,,,7079,11889,997,755,1495,171,925,1641,6307,1945,14251,53801
,,,,,,,,7080,10716,917,694,1376,157,851,1509,5805,1788,13152,50400
,,,,,,,,7081,9626,849,643,1274,145,788,1396,5382,1653,12277,47881
,,,,,,,,7082,8929,813,615,1219,139,755,1337,5154,1582,11842,46604
,,,,,,,,7083,8570,796,602,1194,136,739,1309,5043,1549,11678,46161
,,,,,,,,7084,8441,790,598,1185,135,733,1299,5004,1537,11691,46578
,,,,,,,,7085,8453,799,605,1199,137,741,1315,5060,1557,12029,47996
,,,,,,,,7086,8752,853,645,1279,146,791,1403,5399,1663,13137,51807
,,,,,,,,7087,9746,975,738,1463,167,904,1608,6157,1909,15185,58696
,,,,,,,,7088,11660,1082,819,1624,185,1003,1785,6835,2119,16427,63100
,,,,,,,,7089,12720,1122,849,1683,192,1040,1848,7093,2192,16576,63843
,,,,,,,,7090,12982,1149,870,1723,197,1066,1891,7271,2240,16545,63832
,,,,,,,,7091,13251,1169,885,1754,200,1085,1924,7399,2280,16628,64075
,,,,,,,,7092,13478,1177,891,1765,201,1092,1937,7449,2295,16567,63832
,,,,,,,,7093,13580,1178,892,1767,202,1093,1939,7456,2297,16508,63835
,,,,,,,,7094,13526,1179,893,1769,202,1094,1941,7463,2299,16543,63874
,,,,,,,,7095,13527,1175,890,1763,201,1090,1934,7438,2292,16507,63657
,,,,,,,,7096,13471,1178,892,1767,202,1093,1939,7452,2298,16582,63540
,,,,,,,,7097,13446,1186,898,1780,203,1101,1954,7505,2316,16830,63540
,,,,,,,,7098,13593,1202,910,1804,206,1115,1980,7604,2348,17196,64243
,,,,,,,,7099,13910,1243,941,1864,213,1153,2046,7860,2426,17989,65381
,,,,,,,,7100,14677,1245,943,1868,213,1155,2051,7878,2431,18065,66365
,,,,,,,,7101,14473,1204,912,1806,206,1117,1982,7618,2350,17503,64908
,,,,,,,,7102,13736,1137,861,1706,195,1055,1872,7198,2218,16427,61684
,,,,,,,,7103,12625,1046,792,1569,179,970,1721,6622,2039,15006,57647
,,,,,,,,7104,11354,955,723,1432,163,886,1570,6050,1859,13760,53275
,,,,,,,,7105,10183,878,665,1318,150,815,1445,5568,1710,12744,49658
,,,,,,,,7106,9349,835,632,1253,143,776,1374,5297,1626,12193,47897
,,,,,,,,7107,8898,810,613,1215,139,752,1333,5134,1578,11908,46572
,,,,,,,,7108,8670,800,606,1200,137,743,1316,5070,1558,11870,46412
,,,,,,,,7109,8662,809,612,1213,138,750,1331,5122,1577,12100,47534
,,,,,,,,7110,8912,860,651,1291,147,798,1416,5446,1679,13095,50703
,,,,,,,,7111,9925,983,744,1475,168,912,1622,6207,1926,15122,57286
,,,,,,,,7112,11843,1096,829,1644,188,1016,1807,6916,2146,16430,61663
,,,,,,,,7113,12874,1133,858,1700,194,1051,1867,7163,2215,16453,62339
,,,,,,,,7114,13068,1164,881,1746,199,1080,1916,7364,2270,16647,62720
,,,,,,,,7115,13222,1188,899,1782,203,1102,1955,7517,2317,16922,63395
,,,,,,,,7116,13382,1199,908,1798,205,1112,1973,7587,2338,17006,63793
,,,,,,,,7117,13481,1203,911,1805,206,1116,1980,7616,2346,16983,64176
,,,,,,,,7118,13439,1205,912,1808,206,1118,1984,7629,2350,17050,64657
,,,,,,,,7119,13482,1199,908,1799,205,1113,1974,7590,2339,16999,64721
,,,,,,,,7120,13427,1204,911,1806,206,1117,1982,7616,2348,16998,64745
,,,,,,,,7121,13434,1224,927,1837,210,1136,2016,7745,2390,17148,64824
,,,,,,,,7122,13614,1249,945,1873,214,1158,2057,7897,2439,17622,65136
,,,,,,,,7123,14055,1282,970,1923,219,1189,2111,8107,2502,18306,65888
,,,,,,,,7124,14765,1263,956,1894,216,1171,2079,7986,2465,18198,66950
,,,,,,,,7125,14467,1214,919,1821,208,1126,1999,7680,2370,17566,65089
,,,,,,,,7126,13768,1148,869,1722,196,1065,1890,7266,2239,16523,61491
,,,,,,,,7127,12697,1052,797,1578,180,976,1732,6661,2052,15097,57337
,,,,,,,,7128,11347,954,722,1431,163,885,1569,6043,1858,13724,53055
,,,,,,,,7129,10170,884,669,1327,151,821,1455,5604,1723,12735,49450
,,,,,,,,7130,9405,843,638,1265,144,783,1387,5343,1642,12170,47235
,,,,,,,,7131,9000,818,620,1228,140,759,1347,5184,1595,11907,46241
,,,,,,,,7132,8803,808,612,1213,138,750,1330,5120,1575,11821,46189
,,,,,,,,7133,8762,814,616,1222,139,756,1341,5156,1588,12039,47026
,,,,,,,,7134,9029,864,654,1296,148,802,1423,5469,1687,13020,50132
,,,,,,,,7135,10000,984,745,1476,168,912,1623,6210,1927,14969,56172
,,,,,,,,7136,11924,1102,834,1653,189,1021,1817,6954,2158,16295,60745
,,,,,,,,7137,13055,1142,865,1713,196,1059,1882,7220,2232,16486,61256
,,,,,,,,7138,13272,1176,890,1764,201,1091,1936,7443,2294,16670,62147
,,,,,,,,7139,13429,1192,902,1788,204,1106,1962,7543,2324,16843,62975
,,,,,,,,7140,13564,1200,909,1800,205,1113,1975,7596,2341,16953,63968
,,,,,,,,7141,13603,1199,908,1799,205,1112,1973,7590,2338,16931,64886
,,,,,,,,7142,13544,1197,906,1795,205,1110,1970,7575,2333,16998,65721
,,,,,,,,7143,13536,1193,903,1790,204,1107,1964,7552,2327,17080,66241
,,,,,,,,7144,13473,1195,904,1792,205,1108,1967,7560,2331,17171,66581
,,,,,,,,7145,13455,1209,915,1813,207,1121,1991,7647,2360,17399,66903
,,,,,,,,7146,13663,1237,936,1855,212,1147,2037,7822,2415,17695,66610
,,,,,,,,7147,14126,1270,962,1905,217,1178,2092,8034,2480,18360,67059
,,,,,,,,7148,14738,1254,949,1880,215,1163,2064,7930,2447,18251,68022
,,,,,,,,7149,14468,1210,916,1815,207,1122,1992,7654,2361,17663,66175
,,,,,,,,7150,13823,1144,866,1717,196,1062,1884,7244,2232,16710,62986
,,,,,,,,7151,12782,1050,795,1576,180,975,1729,6651,2048,15194,58300
,,,,,,,,7152,11412,956,724,1434,163,887,1572,6057,1861,13846,53856
,,,,,,,,7153,10250,880,666,1320,151,817,1447,5579,1713,12836,50760
,,,,,,,,7154,9470,838,634,1257,143,778,1378,5313,1630,12277,48578
,,,,,,,,7155,9067,813,615,1219,139,754,1337,5152,1582,11949,47208
,,,,,,,,7156,8889,802,607,1203,137,744,1319,5083,1561,11862,46516
,,,,,,,,7157,8868,809,613,1214,138,751,1331,5127,1577,12051,47109
,,,,,,,,7158,9134,860,651,1290,147,798,1415,5446,1677,13003,50219
,,,,,,,,7159,10121,981,743,1472,168,910,1617,6197,1920,14974,56287
,,,,,,,,7160,12027,1093,827,1640,187,1013,1802,6903,2139,16338,61084
,,,,,,,,7161,13051,1138,861,1707,195,1055,1874,7196,2222,16558,61902
,,,,,,,,7162,13192,1166,883,1749,200,1082,1919,7380,2274,16795,62559
,,,,,,,,7163,13364,1185,897,1778,203,1100,1951,7502,2312,17088,63957
,,,,,,,,7164,13495,1196,905,1794,205,1109,1968,7566,2332,17223,64712
,,,,,,,,7165,13527,1196,905,1794,205,1110,1969,7570,2333,17214,65385
,,,,,,,,7166,13447,1197,906,1796,205,1111,1970,7576,2335,17220,65864
,,,,,,,,7167,13431,1196,905,1794,205,1110,1969,7568,2333,17175,66280
,,,,,,,,7168,13360,1196,906,1795,205,1110,1970,7569,2335,17173,66377
,,,,,,,,7169,13317,1203,911,1804,206,1116,1981,7607,2349,17352,66468
,,,,,,,,7170,13461,1221,924,1832,209,1133,2011,7722,2385,17738,66345
,,,,,,,,7171,13845,1257,951,1885,215,1166,2070,7947,2454,18276,66591
,,,,,,,,7172,14579,1248,945,1872,214,1158,2055,7894,2436,18092,67103
,,,,,,,,7173,14384,1206,913,1809,206,1119,1985,7629,2353,17593,65309
,,,,,,,,7174,13789,1145,867,1718,196,1063,1885,7249,2233,16611,62200
,,,,,,,,7175,12786,1056,800,1585,181,980,1738,6688,2059,15205,57619
,,,,,,,,7176,11473,969,733,1453,166,899,1593,6138,1886,13911,53101
,,,,,,,,7177,10279,887,672,1331,152,824,1459,5624,1727,12902,49918
,,,,,,,,7178,9485,842,637,1263,144,781,1384,5339,1637,12286,47981
,,,,,,,,7179,9048,816,618,1225,140,758,1342,5177,1588,11947,46648
,,,,,,,,7180,8849,804,609,1207,138,747,1322,5102,1565,11858,46262
,,,,,,,,7181,8811,810,613,1215,139,752,1332,5136,1577,12013,46736
,,,,,,,,7182,9067,857,649,1286,147,796,1410,5434,1670,12943,49743
,,,,,,,,7183,9996,975,738,1463,167,904,1607,6163,1906,14870,56089
,,,,,,,,7184,11832,1090,825,1635,187,1011,1796,6885,2132,16232,60880
,,,,,,,,7185,12906,1135,859,1703,194,1053,1870,7180,2217,16572,62069
,,,,,,,,7186,13148,1164,881,1745,199,1080,1915,7365,2269,16797,62670
,,,,,,,,7187,13380,1186,898,1779,203,1100,1951,7505,2312,17050,63257
,,,,,,,,7188,13554,1199,907,1798,205,1112,1973,7586,2338,17125,63376
,,,,,,,,7189,13590,1203,911,1805,206,1116,1981,7616,2347,17051,63415
,,,,,,,,7190,13481,1204,911,1806,206,1117,1982,7619,2348,17032,63222
,,,,,,,,7191,13435,1192,902,1788,204,1106,1963,7544,2326,16964,62726
,,,,,,,,7192,13354,1189,900,1784,204,1103,1958,7523,2321,16975,62427
,,,,,,,,7193,13298,1196,905,1794,205,1109,1970,7564,2335,17139,62582
,,,,,,,,7194,13345,1211,917,1817,207,1124,1996,7661,2366,17469,62801
,,,,,,,,7195,13566,1237,937,1856,212,1148,2038,7824,2416,17894,64052
,,,,,,,,7196,14073,1211,916,1816,207,1123,1994,7657,2363,17440,63663
,,,,,,,,7197,13726,1167,884,1751,200,1083,1922,7385,2278,16905,62009
,,,,,,,,7198,13151,1114,844,1672,191,1034,1834,7053,2173,16152,59841
,,,,,,,,7199,12346,1044,790,1566,179,969,1718,6609,2035,15000,56443
,,,,,,,,7200,11279,961,727,1442,164,892,1581,6090,1871,13817,52600
,,,,,,,,7201,10210,864,654,1297,148,802,1422,5479,1683,12811,49447
,,,,,,,,7202,9321,810,613,1215,138,752,1331,5133,1576,12033,47140
,,,,,,,,7203,8844,774,586,1162,132,719,1273,4910,1507,11601,45719
,,,,,,,,7204,8579,752,570,1129,129,699,1237,4772,1464,11364,45276
,,,,,,,,7205,8470,745,564,1117,127,691,1224,4721,1449,11310,45003
,,,,,,,,7206,8558,754,571,1131,129,700,1240,4777,1468,11608,46131
,,,,,,,,7207,8993,794,601,1191,136,737,1307,5026,1549,12268,48524
,,,,,,,,7208,9787,864,654,1296,148,801,1423,5466,1687,13343,52641
,,,,,,,,7209,10673,937,709,1405,160,869,1544,5918,1832,14225,55534
,,,,,,,,7210,11606,991,750,1487,170,919,1634,6262,1938,14753,57385
,,,,,,,,7211,12070,1016,769,1525,174,942,1675,6421,1988,14803,57593
,,,,,,,,7212,12270,1038,786,1557,178,963,1711,6559,2030,14897,57932
,,,,,,,,7213,12183,1033,782,1550,177,958,1703,6530,2020,14674,57528
,,,,,,,,7214,11997,1023,774,1534,175,949,1685,6465,1999,14506,56800
,,,,,,,,7215,11774,1015,769,1523,174,942,1673,6418,1985,14323,55870
,,,,,,,,7216,11584,1012,766,1518,173,939,1668,6396,1980,14277,55337
,,,,,,,,7217,11560,1023,774,1535,175,949,1686,6466,2000,14471,55609
,,,,,,,,7218,11660,1034,783,1552,177,959,1705,6538,2022,14695,55751
,,,,,,,,7219,12316,1101,834,1652,189,1021,1815,6960,2153,15819,57919
,,,,,,,,7220,13222,1129,855,1693,193,1047,1860,7136,2206,16346,59709
,,,,,,,,7221,13134,1101,833,1651,188,1021,1813,6958,2151,16059,58950
,,,,,,,,7222,12590,1053,797,1580,180,977,1734,6662,2056,15380,57073
,,,,,,,,7223,11869,994,752,1491,170,922,1637,6289,1940,14431,54098
,,,,,,,,7224,10863,915,693,1373,157,849,1506,5793,1785,13273,50572
,,,,,,,,7225,9940,864,654,1297,148,802,1422,5476,1684,12577,48978
,,,,,,,,7226,9109,813,615,1220,139,754,1337,5151,1583,11860,46856
,,,,,,,,7227,8588,778,589,1167,133,722,1280,4928,1515,11419,45777
,,,,,,,,7228,8325,759,575,1139,130,705,1249,4811,1479,11160,45224
,,,,,,,,7229,8205,752,570,1129,129,698,1238,4766,1466,11061,45142
,,,,,,,,7230,8256,766,580,1149,131,711,1261,4850,1494,11257,45727
,,,,,,,,7231,8553,797,603,1195,136,739,1312,5040,1555,11798,47296
,,,,,,,,7232,9092,843,639,1265,144,782,1390,5334,1648,12451,49277
,,,,,,,,7233,9861,907,687,1361,155,841,1496,5729,1775,13214,51386
,,,,,,,,7234,10882,971,735,1456,166,900,1600,6132,1899,13892,53299
,,,,,,,,7235,11727,1015,768,1522,174,941,1673,6411,1985,14276,54620
,,,,,,,,7236,12237,1040,787,1560,178,964,1714,6573,2033,14394,55205
,,,,,,,,7237,12546,1049,794,1574,180,973,1729,6633,2051,14366,55521
,,,,,,,,7238,12632,1046,792,1569,179,970,1723,6613,2044,14270,55299
,,,,,,,,7239,12519,1043,790,1565,179,967,1719,6595,2038,14227,55039
,,,,,,,,7240,12327,1044,790,1566,179,968,1720,6597,2041,14331,55350
,,,,,,,,7241,12272,1056,800,1585,181,980,1741,6679,2065,14634,55990
,,,,,,,,7242,12411,1078,816,1616,184,999,1775,6812,2106,15115,57178
,,,,,,,,7243,12930,1136,860,1705,195,1054,1873,7182,2221,16122,59181
,,,,,,,,7244,13753,1173,888,1760,201,1088,1932,7416,2292,16717,61431
,,,,,,,,7245,13719,1146,868,1719,196,1063,1888,7245,2239,16303,60838
,,,,,,,,7246,13134,1091,826,1637,187,1012,1797,6902,2130,15440,58205
,,,,,,,,7247,12056,1017,770,1525,174,943,1674,6431,1985,14378,55278
,,,,,,,,7248,10883,939,711,1409,161,872,1547,5945,1833,13270,51958
,,,,,,,,7249,9833,877,664,1316,150,814,1443,5560,1709,12423,49607
,,,,,,,,7250,9129,840,636,1260,144,780,1382,5325,1636,12010,48229
,,,,,,,,7251,8787,817,619,1226,140,759,1345,5180,1593,11799,47935
,,,,,,,,7252,8634,810,613,1215,138,751,1332,5130,1577,11777,48250
,,,,,,,,7253,8637,818,620,1228,140,759,1347,5183,1596,12024,49511
,,,,,,,,7254,8932,869,658,1304,149,807,1431,5504,1696,13002,53142
,,,,,,,,7255,9919,989,749,1483,169,917,1630,6245,1935,14812,59261
,,,,,,,,7256,11701,1097,831,1646,188,1017,1809,6930,2148,16039,63607
,,,,,,,,7257,12803,1151,871,1726,197,1067,1896,7277,2248,16477,64734
,,,,,,,,7258,13245,1187,899,1781,203,1101,1954,7512,2315,16773,65204
,,,,,,,,7259,13610,1210,916,1815,207,1123,1992,7659,2360,17165,66115
,,,,,,,,7260,13918,1220,924,1830,209,1132,2009,7722,2380,17249,65826
,,,,,,,,7261,14059,1225,927,1838,210,1137,2017,7755,2389,17301,65892
,,,,,,,,7262,14043,1225,927,1837,210,1136,2016,7752,2388,17260,65529
,,,,,,,,7263,14076,1219,923,1829,209,1131,2007,7718,2379,17118,64867
,,,,,,,,7264,14000,1219,923,1828,209,1131,2007,7712,2378,17215,65027
,,,,,,,,7265,13948,1232,933,1849,211,1143,2029,7796,2406,17403,65146
,,,,,,,,7266,14079,1262,955,1893,216,1170,2078,7980,2464,17730,66333
,,,,,,,,7267,14388,1277,967,1916,219,1185,2103,8079,2493,18020,67371
,,,,,,,,7268,14870,1265,957,1897,216,1173,2082,8002,2467,17826,68235
,,,,,,,,7269,14590,1219,923,1829,209,1131,2007,7718,2378,17208,67223
,,,,,,,,7270,13877,1149,870,1724,197,1066,1891,7276,2239,16214,63758
,,,,,,,,7271,12784,1056,800,1585,181,980,1738,6692,2058,15016,60154
,,,,,,,,7272,11502,964,730,1446,165,895,1585,6110,1876,13762,56731
,,,,,,,,7273,10341,889,673,1334,152,825,1462,5636,1730,12933,55584
,,,,,,,,7274,9540,846,641,1270,145,786,1392,5368,1647,12446,54173
,,,,,,,,7275,9053,816,618,1224,139,757,1342,5173,1588,12156,53402
,,,,,,,,7276,8803,803,608,1205,137,745,1320,5091,1562,12110,53983
,,,,,,,,7277,8692,802,607,1204,137,745,1319,5085,1562,12252,55265
,,,,,,,,7278,8883,852,645,1279,146,791,1402,5400,1661,13193,59040
,,,,,,,,7279,9674,955,723,1432,163,885,1573,6036,1866,14703,65057
,,,,,,,,7280,11410,1052,796,1578,180,976,1733,6649,2056,15703,68791
,,,,,,,,7281,12609,1099,832,1649,188,1020,1810,6957,2145,16161,69547
,,,,,,,,7282,12946,1133,858,1700,194,1051,1864,7175,2208,16363,69246
,,,,,,,,7283,13167,1153,873,1730,197,1070,1897,7303,2247,16446,69033
,,,,,,,,7284,13410,1168,884,1752,200,1083,1921,7394,2275,16390,67941
,,,,,,,,7285,13496,1167,884,1751,200,1083,1921,7394,2275,16348,67201
,,,,,,,,7286,13444,1166,883,1749,200,1082,1918,7384,2272,16268,66415
,,,,,,,,7287,13424,1160,878,1741,199,1077,1909,7348,2262,16215,65807
,,,,,,,,7288,13334,1160,878,1740,199,1076,1909,7344,2262,16207,65547
,,,,,,,,7289,13272,1169,885,1753,200,1084,1924,7397,2280,16414,65614
,,,,,,,,7290,13448,1183,896,1775,203,1098,1948,7487,2309,16807,66653
,,,,,,,,7291,13790,1223,926,1834,209,1134,2013,7738,2386,17484,67449
,,,,,,,,7292,14499,1238,938,1858,212,1149,2039,7838,2416,17919,69334
,,,,,,,,7293,14431,1200,908,1800,205,1113,1975,7594,2340,17553,68653
,,,,,,,,7294,13838,1140,863,1710,195,1058,1875,7217,2221,16623,65362
,,,,,,,,7295,12771,1053,797,1580,180,977,1733,6670,2052,15409,62247
,,,,,,,,7296,11567,964,730,1447,165,895,1586,6112,1877,14446,59320
,,,,,,,,7297,10378,890,674,1335,152,826,1464,5641,1734,13649,57459
,,,,,,,,7298,9474,845,639,1267,144,784,1389,5354,1645,13245,55811
,,,,,,,,7299,9012,819,620,1228,140,760,1347,5188,1595,12986,55001
,,,,,,,,7300,8782,810,613,1215,139,752,1333,5132,1579,12974,55050
,,,,,,,,7301,8719,819,620,1229,140,760,1348,5184,1598,13206,56327
,,,,,,,,7302,9006,869,658,1304,149,806,1431,5499,1696,14276,60313
,,,,,,,,7303,9954,968,732,1451,166,897,1595,6112,1893,15964,66449
,,,,,,,,7304,11891,1083,820,1625,185,1004,1787,6839,2121,17019,70340
,,,,,,,,7305,12948,1131,856,1697,194,1049,1864,7148,2211,17201,70202
,,,,,,,,7306,13202,1158,877,1737,198,1074,1907,7326,2260,17107,68985
,,,,,,,,7307,13261,1172,888,1759,201,1088,1931,7419,2288,17077,68231
,,,,,,,,7308,13402,1174,889,1761,201,1089,1933,7430,2290,16805,67044
,,,,,,,,7309,13402,1171,886,1756,200,1086,1927,7409,2283,16760,66391
,,,,,,,,7310,13335,1168,884,1752,200,1084,1923,7395,2278,16697,65807
,,,,,,,,7311,13327,1157,876,1736,198,1074,1905,7325,2257,16602,65140
,,,,,,,,7312,13275,1154,873,1731,197,1070,1899,7300,2251,16601,64966
,,,,,,,,7313,13262,1162,880,1744,199,1078,1914,7353,2269,16784,65487
,,,,,,,,7314,13376,1180,893,1770,202,1095,1944,7463,2306,17109,66643
,,,,,,,,7315,13688,1220,924,1831,209,1132,2010,7719,2383,17819,67426
,,,,,,,,7316,14407,1233,934,1850,211,1144,2031,7801,2407,18099,68349
,,,,,,,,7317,14292,1197,906,1796,205,1111,1972,7573,2337,17694,67549
,,,,,,,,7318,13772,1137,861,1706,195,1055,1872,7197,2218,16748,64255
,,,,,,,,7319,12694,1048,794,1573,179,973,1726,6635,2045,15435,60213
,,,,,,,,7320,11316,957,725,1436,164,888,1575,6060,1866,14335,56867
,,,,,,,,7321,10141,899,681,1349,154,834,1481,5691,1755,13728,55228
,,,,,,,,7322,9390,865,655,1298,148,803,1425,5474,1689,13351,54122
,,,,,,,,7323,8882,833,631,1250,143,773,1372,5271,1627,13010,52866
,,,,,,,,7324,8829,831,629,1247,142,771,1370,5256,1624,13055,53282
,,,,,,,,7325,8756,837,634,1256,143,776,1380,5292,1637,13177,54231
,,,,,,,,7326,9104,891,675,1337,153,827,1469,5632,1744,14246,58234
,,,,,,,,7327,10160,1003,759,1504,172,929,1655,6322,1967,16023,64780
,,,,,,,,7328,12099,1113,843,1670,191,1032,1838,7020,2184,17141,68775
,,,,,,,,7329,13119,1155,875,1733,198,1071,1905,7295,2262,17232,68481
,,,,,,,,7330,13402,1187,899,1781,203,1101,1956,7504,2320,17269,68044
,,,,,,,,7331,13542,1209,915,1813,207,1121,1992,7641,2362,17361,67802
,,,,,,,,7332,13700,1216,921,1825,208,1128,2004,7691,2376,17201,66916
,,,,,,,,7333,13756,1216,921,1824,208,1128,2003,7691,2375,17148,66517
,,,,,,,,7334,13549,1204,911,1806,206,1117,1982,7615,2350,16937,65453
,,,,,,,,7335,13531,1197,906,1795,205,1110,1971,7568,2336,16859,64698
,,,,,,,,7336,13440,1196,905,1794,205,1109,1970,7562,2335,16859,64159
,,,,,,,,7337,13392,1207,914,1811,207,1119,1989,7631,2358,17120,64595
,,,,,,,,7338,13570,1233,933,1849,211,1143,2032,7790,2410,17670,66059
,,,,,,,,7339,13930,1273,964,1910,218,1181,2098,8046,2489,18446,67630
,,,,,,,,7340,14572,1268,960,1902,217,1176,2089,8016,2478,18448,68614
,,,,,,,,7341,14440,1227,929,1840,210,1138,2021,7756,2396,17960,67279
,,,,,,,,7342,13868,1163,881,1745,199,1079,1916,7360,2271,16975,64327
,,,,,,,,7343,12853,1079,817,1619,185,1001,1777,6828,2106,15705,60625
,,,,,,,,7344,11669,1000,757,1500,171,928,1647,6328,1952,14666,57721
,,,,,,,,7345,10478,937,710,1406,160,870,1544,5930,1830,13900,55606
,,,,,,,,7346,9739,906,686,1360,155,841,1493,5733,1770,13565,55249
,,,,,,,,7347,9206,875,662,1313,150,812,1441,5534,1709,13208,54004
,,,,,,,,7348,9124,870,659,1305,149,807,1434,5502,1701,13271,54471
,,,,,,,,7349,9012,871,660,1307,149,808,1436,5507,1704,13380,55392
,,,,,,,,7350,9295,921,698,1382,158,854,1519,5822,1803,14357,58946
,,,,,,,,7351,10246,1033,782,1550,177,958,1706,6516,2028,16123,65090
,,,,,,,,7352,12137,1162,880,1744,199,1077,1919,7329,2281,17470,69139
,,,,,,,,7353,13282,1216,921,1824,208,1128,2006,7679,2381,17826,69548
,,,,,,,,7354,13690,1264,957,1896,216,1172,2083,7988,2471,18045,69093
,,,,,,,,7355,14021,1290,976,1935,221,1196,2125,8150,2521,18269,69070
,,,,,,,,7356,14217,1293,979,1940,221,1200,2131,8176,2528,18070,67909
,,,,,,,,7357,14311,1292,978,1938,221,1198,2128,8166,2524,17976,67195
,,,,,,,,7358,14079,1277,967,1915,219,1184,2103,8074,2494,17710,66025
,,,,,,,,7359,14059,1265,957,1897,217,1173,2083,7996,2471,17495,65166
,,,,,,,,7360,13961,1257,952,1886,215,1166,2072,7948,2457,17379,64452
,,,,,,,,7361,13974,1260,954,1891,216,1169,2077,7966,2464,17424,64592
,,,,,,,,7362,14250,1270,962,1906,218,1178,2094,8023,2485,17651,65324
,,,,,,,,7363,14615,1288,975,1932,221,1194,2124,8137,2521,18089,66046
,,,,,,,,7364,14753,1275,965,1913,218,1182,2102,8055,2494,17954,66151
,,,,,,,,7365,14322,1232,933,1848,211,1143,2031,7786,2409,17437,64894
,,,,,,,,7366,13740,1172,887,1759,201,1087,1931,7412,2290,16657,62451
,,,,,,,,7367,12944,1101,833,1651,188,1021,1813,6960,2150,15626,59640
,,,,,,,,7368,11995,1033,782,1549,177,958,1701,6531,2017,14697,57289
,,,,,,,,7369,11080,970,734,1455,166,900,1599,6131,1897,14016,56238
,,,,,,,,7370,10202,920,696,1380,157,853,1516,5812,1799,13383,54354
,,,,,,,,7371,9770,897,679,1345,153,831,1478,5665,1754,13021,53407
,,,,,,,,7372,9613,889,673,1333,152,824,1466,5614,1740,12954,53235
,,,,,,,,7373,9441,877,664,1316,150,813,1447,5540,1718,12902,53351
,,,,,,,,7374,9495,894,676,1340,153,828,1474,5639,1751,13233,54750
,,,,,,,,7375,9846,935,708,1403,160,867,1544,5896,1835,13857,56929
,,,,,,,,7376,10455,985,746,1477,169,913,1626,6209,1932,14323,59645
,,,,,,,,7377,11174,1029,779,1543,176,953,1699,6482,2020,14839,61531
,,,,,,,,7378,12117,1085,822,1628,186,1006,1792,6843,2130,15386,63145
,,,,,,,,7379,12769,1118,847,1678,192,1037,1846,7053,2194,15609,63247
,,,,,,,,7380,13041,1126,853,1690,193,1044,1858,7107,2208,15457,62350
,,,,,,,,7381,13039,1123,850,1685,192,1041,1853,7091,2200,15287,61117
,,,,,,,,7382,12949,1113,843,1670,191,1032,1836,7028,2180,15130,60358
,,,,,,,,7383,12758,1102,834,1653,189,1021,1817,6955,2158,14989,59386
,,,,,,,,7384,12222,1073,812,1610,184,995,1769,6777,2100,14647,57426
,,,,,,,,7385,12164,1078,816,1618,185,1000,1778,6811,2111,14889,57710
,,,,,,,,7386,12199,1093,828,1640,187,1014,1803,6903,2140,15158,57924
,,,,,,,,7387,12506,1138,861,1707,195,1055,1876,7186,2227,15909,59221
,,,,,,,,7388,13536,1182,895,1773,202,1096,1949,7461,2314,16538,62558
,,,,,,,,7389,13161,1139,862,1708,195,1056,1878,7190,2229,16021,61146
,,,,,,,,7390,12944,1119,847,1678,192,1037,1845,7062,2190,15836,60838
,,,,,,,,7391,12073,1048,793,1572,179,972,1728,6620,2050,14802,58109
,,,,,,,,7392,11438,1002,759,1503,172,929,1652,6326,1962,14230,56541
,,,,,,,,7393,10712,959,726,1438,164,889,1581,6052,1877,13464,54353
,,,,,,,,7394,9906,917,694,1375,157,850,1512,5786,1795,12933,52848
,,,,,,,,7395,9454,890,674,1335,152,825,1468,5615,1744,12712,52227
,,,,,,,,7396,9292,879,665,1318,150,814,1450,5544,1723,12676,52307
,,,,,,,,7397,9132,869,658,1304,149,806,1435,5484,1705,12689,52449
,,,,,,,,7398,9132,872,660,1308,149,808,1440,5501,1710,12917,53396
,,,,,,,,7399,9344,897,679,1346,154,832,1482,5659,1761,13373,55027
,,,,,,,,7400,9807,933,706,1400,160,864,1541,5881,1832,13840,57583
,,,,,,,,7401,10351,972,736,1458,166,900,1606,6122,1910,14311,59072
,,,,,,,,7402,11297,1032,782,1549,177,957,1706,6504,2028,14766,60129
,,,,,,,,7403,11942,1066,807,1599,183,988,1760,6716,2093,14848,59641
,,,,,,,,7404,12180,1082,819,1623,185,1002,1786,6820,2122,14766,58861
,,,,,,,,7405,12312,1091,826,1636,187,1011,1800,6878,2139,14735,58081
,,,,,,,,7406,12405,1094,828,1641,187,1014,1805,6901,2145,14716,57563
,,,,,,,,7407,12356,1094,828,1641,187,1014,1805,6901,2145,14743,57092
,,,,,,,,7408,12011,1076,815,1615,184,998,1776,6792,2109,14556,55719
,,,,,,,,7409,12111,1098,831,1646,188,1017,1811,6926,2150,14999,56623
,,,,,,,,7410,12419,1126,852,1689,193,1043,1857,7103,2206,15566,58075
,,,,,,,,7411,13015,1180,893,1770,202,1093,1946,7444,2311,16461,60186
,,,,,,,,7412,14112,1223,926,1834,209,1134,2018,7716,2397,17135,63822
,,,,,,,,7413,13615,1182,895,1773,202,1096,1950,7462,2316,16597,62378
,,,,,,,,7414,13382,1147,868,1720,196,1063,1892,7234,2247,16064,61439
,,,,,,,,7415,12255,1068,808,1602,183,990,1761,6737,2092,14976,58383
,,,,,,,,7416,11354,1010,764,1514,173,936,1666,6368,1980,14249,56329
,,,,,,,,7417,10478,945,715,1417,162,876,1558,5962,1851,13581,55212
,,,,,,,,7418,9903,917,694,1376,157,850,1513,5786,1797,13337,54673
,,,,,,,,7419,9460,891,675,1337,153,826,1471,5624,1747,13086,54020
,,,,,,,,7420,9452,891,675,1337,153,826,1471,5623,1748,13252,55068
,,,,,,,,7421,9391,892,675,1338,153,826,1472,5624,1749,13521,56388
,,,,,,,,7422,9763,949,719,1424,163,880,1567,5986,1863,14793,60904
,,,,,,,,7423,10796,1060,802,1590,182,982,1752,6672,2084,16955,68421
,,,,,,,,7424,12768,1174,889,1761,201,1088,1940,7391,2309,18082,72456
,,,,,,,,7425,13813,1223,926,1835,210,1133,2020,7709,2401,18171,72407
,,,,,,,,7426,14100,1254,949,1881,215,1162,2070,7911,2459,18078,71953
,,,,,,,,7427,14363,1276,966,1914,219,1183,2106,8049,2501,18098,71758
,,,,,,,,7428,14479,1269,961,1904,217,1177,2094,8010,2487,17747,70289
,,,,,,,,7429,14616,1274,964,1911,218,1181,2101,8039,2496,17632,69724
,,,,,,,,7430,14437,1264,957,1896,216,1172,2084,7978,2475,17444,68739
,,,,,,,,7431,14381,1255,950,1883,215,1164,2071,7925,2458,17318,67860
,,,,,,,,7432,14282,1258,953,1888,216,1167,2076,7943,2465,17382,67495
,,,,,,,,7433,14247,1267,959,1901,217,1174,2090,7995,2483,17713,67789
,,,,,,,,7434,14596,1296,981,1944,222,1201,2139,8172,2541,18448,70008
,,,,,,,,7435,15026,1340,1014,2010,230,1242,2211,8449,2627,19137,71291
,,,,,,,,7436,15688,1345,1018,2018,230,1247,2220,8485,2637,19183,72088
,,,,,,,,7437,15456,1306,988,1958,224,1210,2155,8235,2560,18664,70861
,,,,,,,,7438,14676,1222,925,1834,209,1133,2016,7716,2394,17473,67541
,,,,,,,,7439,13643,1140,863,1711,195,1057,1881,7196,2234,16206,64128
,,,,,,,,7440,12566,1066,807,1600,183,989,1760,6729,2090,15279,61282
,,,,,,,,7441,10675,926,701,1390,159,859,1526,5858,1809,13477,54163
,,,,,,,,7442,10764,964,730,1446,165,893,1592,6078,1892,14299,58047
,,,,,,,,7443,10225,930,704,1395,159,862,1535,5861,1825,13961,57393
,,,,,,,,7444,10114,925,700,1387,158,857,1527,5826,1816,14122,58154
,,,,,,,,7445,10030,924,699,1386,158,856,1526,5819,1814,14323,59334
,,,,,,,,7446,10353,978,740,1467,168,906,1616,6161,1922,15560,63448
,,,,,,,,7447,11424,1090,825,1635,187,1010,1803,6857,2147,17795,70780
,,,,,,,,7448,13341,1205,912,1807,206,1116,1992,7577,2372,18860,73881
,,,,,,,,7449,14304,1250,947,1876,214,1158,2066,7874,2457,18663,73010
,,,,,,,,7450,14522,1286,974,1930,220,1192,2124,8109,2524,18731,72226
,,,,,,,,7451,14682,1312,994,1969,225,1216,2167,8275,2575,18908,72198
,,,,,,,,7452,14680,1310,992,1965,224,1214,2162,8261,2568,18641,70723
,,,,,,,,7453,14789,1318,998,1977,226,1221,2175,8312,2584,18561,70163
,,,,,,,,7454,14596,1309,991,1963,224,1213,2159,8258,2565,18392,69297
,,,,,,,,7455,14582,1300,984,1950,223,1205,2144,8201,2547,18211,68483
,,,,,,,,7456,14498,1304,987,1956,223,1209,2152,8226,2556,18202,68201
,,,,,,,,7457,14472,1323,1001,1984,227,1226,2183,8342,2593,18480,68663
,,,,,,,,7458,14849,1357,1027,2036,233,1257,2240,8554,2663,19396,70661
,,,,,,,,7459,15379,1395,1056,2093,239,1293,2303,8797,2737,19963,71408
,,,,,,,,7460,16010,1380,1045,2070,236,1279,2278,8698,2707,19858,72348
,,,,,,,,7461,15682,1331,1007,1996,228,1233,2197,8387,2611,19289,70849
,,,,,,,,7462,14912,1251,947,1876,214,1159,2064,7890,2452,18028,67130
,,,,,,,,7463,13940,1164,881,1747,199,1079,1922,7342,2284,16716,63746
,,,,,,,,7464,12805,1084,820,1625,186,1004,1789,6831,2127,15665,60878
,,,,,,,,7465,11831,1018,771,1527,174,943,1681,6414,1999,14550,58278
,,,,,,,,7466,11103,953,721,1429,163,883,1574,6000,1872,14080,56696
,,,,,,,,7467,10646,913,691,1370,156,846,1509,5750,1795,13831,55921
,,,,,,,,7468,10404,889,673,1333,152,823,1469,5593,1748,13804,55898
,,,,,,,,7469,10361,878,664,1317,150,813,1451,5524,1727,14157,57298
,,,,,,,,7470,10644,889,673,1333,152,823,1470,5591,1750,15606,61372
,,,,,,,,7471,11696,943,714,1414,162,872,1562,5916,1863,17075,67825
,,,,,,,,7472,13524,1057,801,1586,181,979,1751,6639,2088,17979,70910
,,,,,,,,7473,14487,1146,868,1719,196,1061,1895,7210,2257,18276,71041
,,,,,,,,7474,14784,1188,900,1783,204,1101,1963,7487,2335,18432,70706
,,,,,,,,7475,14997,1219,923,1828,209,1129,2013,7679,2394,18666,70165
,,,,,,,,7476,15155,1233,933,1849,211,1142,2035,7772,2418,18660,69438
,,,,,,,,7477,15251,1238,937,1857,212,1147,2043,7808,2428,18630,68734
,,,,,,,,7478,15245,1241,940,1862,213,1150,2048,7830,2432,18520,68276
,,,,,,,,7479,15319,1250,946,1875,214,1159,2062,7888,2449,18751,67801
,,,,,,,,7480,15421,1259,953,1888,216,1167,2077,7942,2467,19007,68083
,,,,,,,,7481,15707,1273,964,1910,218,1180,2102,8031,2497,19821,69948
,,,,,,,,7482,16658,1319,999,1979,226,1222,2179,8314,2590,20879,74002
,,,,,,,,7483,17232,1362,1031,2043,233,1262,2249,8586,2673,20568,75221
,,,,,,,,7484,16798,1343,1017,2014,230,1244,2217,8465,2636,19965,73964
,,,,,,,,7485,16276,1314,995,1972,225,1218,2170,8286,2579,19090,72284
,,,,,,,,7486,15483,1267,959,1901,217,1175,2091,7995,2484,17877,69184
,,,,,,,,7487,14327,1194,904,1791,205,1107,1970,7532,2341,16770,65334
,,,,,,,,7488,12971,1108,839,1662,190,1027,1829,6987,2173,15577,61354
,,,,,,,,7489,11856,1021,773,1531,175,946,1686,6433,2004,14692,58611
,,,,,,,,7490,11153,952,721,1428,163,882,1573,5999,1871,14213,57269
,,,,,,,,7491,10785,916,693,1374,157,848,1513,5769,1800,13986,56694
,,,,,,,,7492,10597,893,676,1340,153,827,1476,5625,1756,13956,56924
,,,,,,,,7493,10584,885,670,1327,151,819,1462,5569,1740,14285,58538
,,,,,,,,7494,10904,896,678,1344,153,830,1481,5636,1763,15279,62787
,,,,,,,,7495,11886,948,717,1422,162,877,1569,5950,1871,16921,69340
,,,,,,,,7496,13349,1050,795,1576,180,972,1739,6599,2072,17743,72371
,,,,,,,,7497,14360,1133,858,1699,194,1049,1872,7131,2228,18052,71986
,,,,,,,,7498,14826,1177,891,1766,202,1091,1944,7422,2310,18022,70694
,,,,,,,,7499,15042,1203,911,1805,206,1115,1986,7587,2361,17973,69485
,,,,,,,,7500,15165,1220,923,1830,209,1131,2012,7696,2390,17812,68098
,,,,,,,,7501,15185,1225,928,1838,210,1136,2021,7733,2400,17542,66880
,,,,,,,,7502,15069,1217,921,1825,208,1128,2006,7684,2381,17281,65878
,,,,,,,,7503,15072,1209,915,1813,207,1121,1993,7634,2365,17032,65047
,,,,,,,,7504,15056,1203,911,1805,206,1115,1984,7596,2355,17212,64996
,,,,,,,,7505,15247,1213,918,1819,208,1124,2000,7656,2375,17982,66459
,,,,,,,,7506,16110,1250,946,1875,214,1159,2063,7887,2451,19593,71011
,,,,,,,,7507,16636,1326,1004,1989,227,1229,2187,8365,2598,19595,73245
,,,,,,,,7508,16243,1320,1000,1981,226,1224,2178,8331,2588,19202,72427
,,,,,,,,7509,15777,1294,980,1942,222,1200,2135,8167,2536,18776,71264
,,,,,,,,7510,15115,1252,948,1878,214,1161,2065,7907,2451,17874,68806
,,,,,,,,7511,13999,1186,898,1779,203,1100,1956,7490,2322,16610,65026
,,,,,,,,7512,12677,1104,836,1657,189,1024,1822,6971,2163,15400,61092
,,,,,,,,7513,11484,1015,769,1523,174,941,1675,6406,1989,14677,58408
,,,,,,,,7514,10760,950,719,1425,163,880,1568,5992,1863,14202,57203
,,,,,,,,7515,10367,911,690,1367,156,844,1504,5747,1787,13981,56627
,,,,,,,,7516,10162,890,674,1335,152,825,1469,5612,1746,14010,56790
,,,,,,,,7517,10147,882,668,1324,151,818,1457,5562,1732,14349,58472
,,,,,,,,7518,10453,894,677,1341,153,828,1477,5633,1757,15464,62546
,,,,,,,,7519,11467,948,717,1422,162,877,1568,5958,1868,17138,68871
,,,,,,,,7520,13104,1051,795,1576,180,973,1738,6607,2070,17893,71437
,,,,,,,,7521,13945,1137,861,1706,195,1053,1878,7163,2233,17837,70635
,,,,,,,,7522,14074,1174,889,1761,201,1088,1937,7407,2302,17628,68689
,,,,,,,,7523,14098,1194,904,1791,204,1107,1970,7533,2339,17428,67328
,,,,,,,,7524,14067,1205,912,1807,206,1117,1987,7607,2359,17168,65979
,,,,,,,,7525,13957,1207,914,1811,207,1119,1990,7624,2362,16898,64723
,,,,,,,,7526,13702,1197,906,1795,205,1110,1972,7562,2340,16761,63773
,,,,,,,,7527,13590,1191,902,1787,204,1105,1963,7528,2329,16664,62791
,,,,,,,,7528,13528,1186,898,1779,203,1100,1955,7493,2319,16786,62392
,,,,,,,,7529,13600,1191,902,1787,204,1104,1964,7524,2330,17359,63250
,,,,,,,,7530,14401,1226,928,1839,210,1136,2022,7738,2400,18779,67080
,,,,,,,,7531,15259,1287,974,1931,220,1193,2123,8126,2520,18640,68159
,,,,,,,,7532,14885,1265,958,1898,217,1173,2086,7988,2476,18079,66857
,,,,,,,,7533,14353,1231,932,1846,211,1141,2029,7772,2408,17673,65530
,,,,,,,,7534,13803,1190,901,1785,204,1103,1960,7519,2326,16950,63437
,,,,,,,,7535,13019,1132,857,1698,194,1049,1865,7151,2213,15963,60503
,,,,,,,,7536,12016,1069,809,1603,183,991,1761,6751,2090,14940,57023
,,,,,,,,7537,11085,995,753,1492,170,922,1641,6280,1948,14108,54250
,,,,,,,,7538,10300,926,701,1389,158,858,1527,5845,1813,13638,52620
,,,,,,,,7539,9897,883,668,1325,151,819,1457,5573,1730,13386,51895
,,,,,,,,7540,9663,857,648,1285,147,794,1414,5404,1679,13309,51786
,,,,,,,,7541,9573,841,637,1262,144,780,1389,5308,1650,13439,52331
,,,,,,,,7542,9691,842,637,1263,144,780,1390,5306,1652,13933,54034
,,,,,,,,7543,10116,862,652,1293,148,798,1424,5427,1694,14598,56540
,,,,,,,,7544,10699,899,680,1348,154,833,1485,5662,1767,15088,58544
,,,,,,,,7545,11456,947,717,1420,162,877,1564,5960,1861,15609,59634
,,,,,,,,7546,12256,1009,764,1514,173,935,1667,6358,1982,15883,59981
,,,,,,,,7547,12658,1059,802,1589,181,981,1749,6676,2079,15973,59463
,,,,,,,,7548,12686,1084,821,1626,186,1005,1788,6838,2125,15802,58430
,,,,,,,,7549,12580,1088,823,1631,186,1008,1794,6866,2130,15536,57533
,,,,,,,,7550,12345,1081,818,1622,185,1002,1783,6826,2116,15346,56495
,,,,,,,,7551,12102,1066,807,1599,183,988,1759,6731,2088,15220,55693
,,,,,,,,7552,11985,1064,806,1597,182,987,1755,6725,2083,15292,55227
,,,,,,,,7553,12096,1071,810,1606,183,993,1765,6764,2094,15835,56077
,,,,,,,,7554,13012,1107,838,1661,190,1026,1825,6993,2165,17012,59617
,,,,,,,,7555,14108,1184,896,1776,203,1098,1951,7480,2315,17132,61427
,,,,,,,,7556,13921,1186,898,1779,203,1099,1955,7489,2320,16849,60674
,,,,,,,,7557,13473,1161,879,1742,199,1077,1913,7337,2270,16412,59545
,,,,,,,,7558,12967,1123,851,1685,192,1042,1852,7098,2197,15869,57633
,,,,,,,,7559,12322,1081,819,1622,185,1003,1782,6838,2113,15061,55518
,,,,,,,,7560,11461,1024,775,1536,175,949,1687,6470,2002,14170,52604
,,,,,,,,7561,10578,956,724,1434,164,887,1575,6045,1868,13325,49592
,,,,,,,,7562,9884,895,678,1343,153,830,1475,5660,1749,12758,47882
,,,,,,,,7563,9462,852,645,1279,146,790,1405,5388,1666,12521,47209
,,,,,,,,7564,9230,823,623,1235,141,763,1357,5202,1610,12424,46967
,,,,,,,,7565,9117,806,610,1209,138,747,1329,5093,1577,12480,47367
,,,,,,,,7566,9160,804,609,1206,138,746,1326,5080,1573,12805,48538
,,,,,,,,7567,9418,814,616,1222,139,755,1343,5142,1595,13244,50539
,,,,,,,,7568,9805,840,636,1260,144,779,1386,5301,1646,13624,52271
,,,,,,,,7569,10444,868,657,1301,149,804,1432,5472,1702,14133,53976
,,,,,,,,7570,11306,925,700,1387,158,857,1526,5835,1813,14329,54577
,,,,,,,,7571,11838,975,738,1463,167,904,1609,6157,1910,14320,54375
,,,,,,,,7572,12018,1000,757,1500,171,927,1649,6318,1957,14241,54129
,,,,,,,,7573,12109,1012,767,1519,173,939,1669,6399,1980,14233,54079
,,,,,,,,7574,12083,1012,766,1518,173,938,1668,6395,1978,14142,53693
,,,,,,,,7575,11931,1008,763,1512,173,935,1661,6368,1971,14157,53274
,,,,,,,,7576,11816,1006,761,1509,172,933,1657,6360,1965,14336,53464
,,,,,,,,7577,11882,1010,765,1515,173,937,1664,6388,1973,15141,55097
,,,,,,,,7578,12823,1050,795,1576,180,974,1730,6644,2051,16553,59527
,,,,,,,,7579,14005,1149,870,1723,197,1066,1892,7265,2243,16741,61346
,,,,,,,,7580,13829,1155,874,1732,198,1071,1903,7298,2257,16519,60723
,,,,,,,,7581,13325,1133,858,1700,194,1051,1867,7167,2213,16093,59383
,,,,,,,,7582,12716,1100,833,1650,188,1020,1812,6956,2149,15184,56866
,,,,,,,,7583,11857,1055,798,1582,180,978,1736,6674,2058,14332,53996
,,,,,,,,7584,10872,989,749,1484,169,918,1629,6259,1930,13330,50932
,,,,,,,,7585,9898,915,693,1373,157,849,1505,5799,1782,12508,48349
,,,,,,,,7586,9255,856,648,1285,146,795,1408,5427,1667,12080,47057
,,,,,,,,7587,8912,821,621,1231,140,762,1350,5202,1597,11959,46617
,,,,,,,,7588,8770,801,606,1202,137,743,1318,5076,1561,12035,46729
,,,,,,,,7589,8771,794,601,1191,136,736,1306,5027,1547,12380,48106
,,,,,,,,7590,9065,804,608,1206,137,746,1323,5087,1568,13431,51719
,,,,,,,,7591,9918,845,640,1268,145,783,1394,5336,1655,15184,57598
,,,,,,,,7592,11169,930,704,1395,159,862,1534,5873,1821,16142,61714
,,,,,,,,7593,12166,1009,764,1513,173,936,1662,6379,1970,16394,62902
,,,,,,,,7594,12809,1080,818,1620,185,1002,1778,6835,2107,16511,63752
,,,,,,,,7595,13192,1129,855,1693,193,1047,1858,7144,2202,16611,64676
,,,,,,,,7596,13420,1157,876,1736,198,1074,1905,7322,2258,16637,64741
,,,,,,,,7597,13484,1170,885,1755,200,1085,1926,7402,2282,16652,64744
,,,,,,,,7598,13428,1172,888,1759,201,1088,1930,7421,2286,16690,64721
,,,,,,,,7599,13389,1174,889,1761,201,1089,1933,7432,2290,16601,64440
,,,,,,,,7600,13369,1173,888,1759,201,1088,1930,7422,2288,16722,64686
,,,,,,,,7601,13471,1180,893,1771,202,1095,1943,7467,2303,17552,66244
,,,,,,,,7602,14481,1231,932,1846,211,1142,2027,7783,2403,18976,70452
,,,,,,,,7603,15380,1300,985,1951,223,1206,2142,8223,2540,18688,71281
,,,,,,,,7604,14979,1277,967,1915,219,1184,2103,8076,2492,18115,69786
,,,,,,,,7605,14407,1237,936,1856,212,1148,2036,7828,2413,17514,68030
,,,,,,,,7606,13639,1189,900,1784,204,1103,1958,7526,2320,16446,65300
,,,,,,,,7607,12534,1122,850,1684,192,1042,1848,7106,2189,15128,61420
,,,,,,,,7608,11260,1045,791,1568,179,970,1720,6620,2037,13863,57464
,,,,,,,,7609,10184,957,724,1435,164,888,1575,6055,1866,13093,54541
,,,,,,,,7610,9430,886,671,1329,152,822,1458,5605,1729,12492,52927
,,,,,,,,7611,9014,844,639,1266,144,783,1390,5340,1647,12254,52287
,,,,,,,,7612,8810,820,621,1231,140,761,1352,5187,1603,12210,52497
,,,,,,,,7613,8785,815,617,1222,139,755,1343,5149,1593,12457,53938
,,,,,,,,7614,9074,823,623,1234,141,763,1356,5195,1610,13483,58059
,,,,,,,,7615,10068,872,660,1308,149,808,1440,5493,1713,15487,64898
,,,,,,,,7616,11862,993,752,1489,170,920,1640,6255,1950,16815,68948
,,,,,,,,7617,12927,1101,834,1652,189,1021,1817,6949,2158,17235,69356
,,,,,,,,7618,13236,1155,875,1733,198,1071,1905,7299,2261,17442,68975
,,,,,,,,7619,13464,1187,898,1780,203,1100,1956,7496,2321,17684,68786
,,,,,,,,7620,13695,1206,913,1809,206,1118,1987,7618,2358,17658,68140
,,,,,,,,7621,13803,1211,917,1817,207,1123,1997,7652,2369,17562,67589
,,,,,,,,7622,13778,1211,917,1816,207,1123,1995,7651,2367,17465,67071
,,,,,,,,7623,13826,1215,920,1822,208,1127,2002,7677,2375,17388,66464
,,,,,,,,7624,13858,1217,921,1826,208,1129,2006,7690,2381,17575,66653
,,,,,,,,7625,14085,1228,930,1843,210,1139,2025,7758,2404,18535,68868
,,,,,,,,7626,14984,1272,963,1908,218,1179,2098,8029,2490,20034,73561
,,,,,,,,7627,15734,1340,1014,2009,229,1242,2209,8457,2623,19919,75534
,,,,,,,,7628,15418,1320,999,1980,226,1224,2177,8335,2584,19403,74651
,,,,,,,,7629,14944,1295,980,1943,222,1201,2135,8178,2534,18950,73421
,,,,,,,,7630,14279,1245,943,1868,213,1155,2052,7868,2434,17941,70958
,,,,,,,,7631,13258,1178,892,1767,202,1092,1941,7444,2303,16692,66864
,,,,,,,,7632,11954,1084,820,1626,186,1005,1786,6849,2118,15535,63113
,,,,,,,,7633,10919,988,748,1482,169,916,1629,6238,1934,14601,60395
,,,,,,,,7634,10230,935,708,1403,160,867,1543,5904,1832,14157,59118
,,,,,,,,7635,9859,896,678,1344,153,831,1478,5655,1756,13984,58675
,,,,,,,,7636,9719,874,662,1311,150,810,1442,5513,1714,14051,58880
,,,,,,,,7637,9750,862,653,1294,148,799,1424,5438,1692,14448,60664
,,,,,,,,7638,10096,877,664,1316,150,813,1449,5528,1722,15619,65057
,,,,,,,,7639,11190,932,706,1399,160,863,1542,5864,1837,17631,71832
,,,,,,,,7640,13049,1052,797,1579,180,974,1740,6619,2073,18441,74765
,,,,,,,,7641,13960,1139,862,1708,195,1055,1881,7173,2237,18270,73882
,,,,,,,,7642,14072,1175,890,1763,201,1089,1940,7412,2305,17994,72217
,,,,,,,,7643,14059,1192,903,1789,204,1105,1968,7521,2338,17826,71016
,,,,,,,,7644,14038,1201,909,1802,206,1113,1981,7579,2353,17605,69778
,,,,,,,,7645,13953,1200,909,1801,206,1113,1980,7575,2352,17392,68582
,,,,,,,,7646,13791,1196,906,1795,205,1109,1973,7552,2343,17328,67713
,,,,,,,,7647,13729,1202,910,1803,206,1114,1982,7584,2354,17297,67023
,,,,,,,,7648,13710,1197,906,1795,205,1109,1974,7550,2345,17592,67381
,,,,,,,,7649,13919,1211,917,1817,207,1123,1999,7641,2374,18592,69482
,,,,,,,,7650,14987,1260,954,1890,216,1167,2079,7943,2471,20295,74741
,,,,,,,,7651,16041,1344,1017,2016,230,1245,2218,8475,2635,20245,76398
,,,,,,,,7652,15808,1331,1008,1996,228,1234,2196,8394,2610,19858,75428
,,,,,,,,7653,15423,1304,987,1956,223,1208,2152,8224,2556,19431,74279
,,,,,,,,7654,14876,1266,958,1899,217,1174,2088,7991,2479,18381,71768
,,,,,,,,7655,13872,1201,909,1802,206,1113,1981,7582,2352,17147,68032
,,,,,,,,7656,12619,1117,846,1676,191,1036,1843,7050,2188,15935,64004
,,,,,,,,7657,11499,1026,776,1538,176,950,1693,6468,2011,15099,61463
,,,,,,,,7658,10747,956,724,1434,164,886,1578,6028,1876,14622,60064
,,,,,,,,7659,10376,920,696,1380,158,852,1519,5799,1806,14421,59368
,,,,,,,,7660,10220,901,682,1352,154,835,1489,5678,1770,14477,59527
,,,,,,,,7661,10245,895,678,1343,153,829,1479,5639,1760,14807,60939
,,,,,,,,7662,10561,902,683,1354,155,836,1492,5681,1775,15954,64924
,,,,,,,,7663,11608,960,727,1440,164,889,1589,6031,1893,17927,71578
,,,,,,,,7664,13449,1081,819,1622,185,1001,1790,6796,2132,18656,74459
,,,,,,,,7665,14366,1163,880,1744,199,1077,1921,7319,2286,18636,73878
,,,,,,,,7666,14524,1194,904,1791,205,1107,1972,7528,2344,18390,72315
,,,,,,,,7667,14570,1216,920,1824,208,1127,2007,7664,2385,18273,71186
,,,,,,,,7668,14533,1227,929,1841,210,1137,2025,7741,2406,17984,69699
,,,,,,,,7669,14421,1224,927,1836,210,1135,2020,7722,2400,17852,68355
,,,,,,,,7670,14234,1215,920,1822,208,1126,2004,7665,2380,17738,67458
,,,,,,,,7671,14168,1211,917,1816,207,1122,1997,7639,2372,17638,66488
,,,,,,,,7672,14141,1211,916,1816,207,1122,1998,7636,2373,17880,66695
,,,,,,,,7673,14382,1216,921,1825,208,1127,2008,7672,2385,18913,68598
,,,,,,,,7674,15499,1261,955,1892,216,1169,2083,7951,2476,20464,73245
,,,,,,,,7675,16250,1340,1015,2011,230,1242,2213,8451,2630,20355,74661
,,,,,,,,7676,15997,1332,1009,1999,228,1235,2199,8400,2614,19894,73875
,,,,,,,,7677,15602,1305,988,1957,224,1209,2153,8226,2559,19426,72742
,,,,,,,,7678,15029,1269,961,1904,217,1176,2093,8008,2486,18479,70170
,,,,,,,,7679,14012,1204,911,1805,206,1116,1986,7594,2359,17097,66280
,,,,,,,,7680,12747,1121,849,1682,192,1039,1850,7071,2198,15893,62355
,,,,,,,,7681,11589,1032,781,1547,177,956,1703,6504,2024,15016,59471
,,,,,,,,7682,10834,960,727,1440,164,890,1586,6052,1885,14490,58253
,,,,,,,,7683,10461,918,695,1378,157,851,1517,5789,1803,14215,57657
,,,,,,,,7684,10260,894,677,1341,153,828,1476,5631,1756,14240,57821
,,,,,,,,7685,10263,886,670,1329,152,820,1463,5579,1740,14619,59405
,,,,,,,,7686,10571,899,681,1349,154,833,1486,5660,1768,15748,63479
,,,,,,,,7687,11558,947,717,1420,162,876,1567,5948,1868,17699,70045
,,,,,,,,7688,13330,1067,808,1601,183,988,1766,6706,2104,18619,73226
,,,,,,,,7689,14247,1159,878,1739,199,1074,1916,7300,2279,18672,72546
,,,,,,,,7690,14407,1200,908,1800,206,1112,1981,7564,2354,18512,70813
,,,,,,,,7691,14406,1219,923,1828,209,1130,2012,7685,2391,18398,69113
,,,,,,,,7692,14336,1221,925,1832,209,1132,2015,7706,2394,18157,67509
,,,,,,,,7693,14187,1217,921,1825,208,1128,2007,7677,2384,17775,66062
,,,,,,,,7694,14004,1209,916,1814,207,1121,1995,7634,2368,17507,64950
,,,,,,,,7695,13941,1200,909,1801,206,1113,1980,7578,2351,17276,63977
,,,,,,,,7696,13912,1195,904,1792,205,1107,1971,7539,2340,17425,63643
,,,,,,,,7697,14046,1201,909,1801,206,1113,1981,7575,2353,18208,64979
,,,,,,,,7698,15038,1239,938,1859,212,1149,2046,7816,2431,19753,69639
,,,,,,,,7699,15690,1313,994,1970,225,1217,2167,8284,2575,19580,70912
,,,,,,,,7700,15322,1294,980,1941,222,1199,2136,8163,2538,19080,69828
,,,,,,,,7701,14847,1261,955,1892,216,1169,2081,7956,2473,18654,68869
,,,,,,,,7702,14355,1226,928,1839,210,1137,2022,7740,2401,18001,67176
,,,,,,,,7703,13598,1177,891,1765,202,1091,1941,7427,2304,16975,64378
,,,,,,,,7704,12615,1105,837,1658,189,1024,1823,6974,2165,15925,61101
,,,,,,,,7705,11636,1031,781,1547,177,956,1703,6503,2024,15067,58809
,,,,,,,,7706,10840,961,728,1442,165,891,1587,6059,1886,14552,57365
,,,,,,,,7707,10396,917,695,1376,157,850,1515,5782,1802,14311,56805
,,,,,,,,7708,10171,893,676,1339,153,827,1475,5625,1754,14210,56698
,,,,,,,,7709,10107,879,665,1318,150,814,1452,5535,1726,14383,57449
,,,,,,,,7710,10201,882,668,1323,151,817,1458,5553,1735,14898,59382
,,,,,,,,7711,10654,905,686,1358,155,839,1497,5696,1783,15640,62196
,,,,,,,,7712,11314,944,715,1417,162,875,1561,5942,1859,16153,64300
,,,,,,,,7713,12080,987,747,1480,169,914,1632,6210,1942,16559,65159
,,,,,,,,7714,12835,1047,793,1571,179,970,1730,6592,2058,16641,64726
,,,,,,,,7715,13214,1090,825,1635,187,1010,1801,6866,2142,16483,63594
,,,,,,,,7716,13209,1110,841,1666,190,1029,1833,7001,2179,16194,62016
,,,,,,,,7717,13107,1111,841,1666,190,1030,1833,7007,2178,15860,60344
,,,,,,,,7718,12830,1094,828,1641,187,1014,1805,6901,2144,15537,58712
,,,,,,,,7719,12573,1076,814,1614,184,997,1775,6787,2109,15311,57570
,,,,,,,,7720,12466,1064,806,1596,182,986,1755,6717,2084,15457,57282
,,,,,,,,7721,12621,1064,806,1597,182,987,1756,6718,2085,16331,58850
,,,,,,,,7722,13642,1107,838,1660,189,1026,1825,6984,2168,17813,63232
,,,,,,,,7723,14729,1208,915,1812,207,1120,1992,7628,2365,18013,65266
,,,,,,,,7724,14556,1216,921,1825,208,1128,2007,7675,2384,17796,65127
,,,,,,,,7725,14124,1192,902,1788,204,1105,1966,7523,2335,17474,64288
,,,,,,,,7726,13675,1161,879,1742,199,1076,1916,7325,2276,16931,62924
,,,,,,,,7727,13055,1120,848,1680,192,1038,1847,7069,2194,16106,60431
,,,,,,,,7728,12231,1065,806,1597,182,987,1758,6717,2088,15190,57634
,,,,,,,,7729,11373,1001,758,1501,171,927,1652,6310,1964,14344,55210
,,,,,,,,7730,10665,945,715,1417,162,876,1560,5956,1854,13884,53790
,,,,,,,,7731,10262,905,685,1357,155,838,1494,5702,1777,13648,53070
,,,,,,,,7732,10078,880,666,1320,151,815,1454,5546,1729,13562,52977
,,,,,,,,7733,10002,867,656,1301,148,803,1432,5462,1704,13631,53398
,,,,,,,,7734,10091,868,657,1302,149,804,1434,5467,1706,13948,54665
,,,,,,,,7735,10423,885,670,1328,152,820,1462,5573,1740,14500,56782
,,,,,,,,7736,10869,912,691,1369,156,845,1508,5744,1794,14937,58664
,,,,,,,,7737,11496,941,712,1412,161,871,1556,5922,1852,15540,60120
,,,,,,,,7738,12263,997,755,1496,171,923,1648,6276,1961,15739,60307
,,,,,,,,7739,12698,1038,786,1557,178,962,1715,6536,2040,15689,59450
,,,,,,,,7740,12807,1061,804,1592,182,984,1753,6690,2084,15587,58433
,,,,,,,,7741,12832,1069,809,1604,183,991,1765,6741,2097,15559,57801
,,,,,,,,7742,12724,1067,808,1601,183,989,1761,6730,2093,15476,56982
,,,,,,,,7743,12580,1061,803,1592,182,983,1751,6692,2081,15419,56505
,,,,,,,,7744,12547,1058,801,1588,181,981,1746,6677,2074,15626,56577
,,,,,,,,7745,12839,1067,808,1601,183,990,1761,6736,2092,16591,58648
,,,,,,,,7746,14063,1120,848,1681,192,1039,1849,7070,2196,18179,63579
,,,,,,,,7747,15195,1232,933,1848,211,1142,2032,7777,2413,18374,66129
,,,,,,,,7748,15126,1238,937,1857,212,1148,2043,7812,2427,18200,65861
,,,,,,,,7749,14695,1221,924,1831,209,1132,2014,7706,2391,17780,64933
,,,,,,,,7750,14168,1189,900,1783,204,1102,1962,7500,2330,16956,62654
,,,,,,,,7751,13229,1136,860,1705,195,1053,1875,7170,2227,15912,59695
,,,,,,,,7752,12124,1064,806,1596,182,986,1757,6709,2088,14864,56684
,,,,,,,,7753,11100,986,746,1479,169,914,1627,6221,1933,14004,54285
,,,,,,,,7754,10484,926,701,1390,159,858,1529,5842,1817,13631,53066
,,,,,,,,7755,10175,892,676,1339,153,827,1473,5628,1750,13486,52737
,,,,,,,,7756,10065,876,663,1314,150,812,1446,5522,1719,13581,53155
,,,,,,,,7757,10125,870,658,1305,149,806,1436,5481,1708,14021,54881
,,,,,,,,7758,10502,885,670,1327,151,820,1462,5573,1738,15223,59067
,,,,,,,,7759,11572,944,715,1417,162,874,1563,5935,1862,17261,65800
,,,,,,,,7760,13436,1061,803,1592,182,983,1755,6672,2090,18307,69341
,,,,,,,,7761,14414,1159,878,1739,199,1074,1915,7303,2277,18444,69461
,,,,,,,,7762,14565,1195,905,1792,205,1108,1972,7538,2342,18260,68720
,,,,,,,,7763,14559,1212,918,1819,208,1124,2000,7649,2376,18123,68063
,,,,,,,,7764,14481,1223,926,1835,210,1134,2017,7723,2395,17879,66974
,,,,,,,,7765,14369,1224,927,1836,210,1135,2018,7728,2396,17663,65994
,,,,,,,,7766,14147,1214,919,1821,208,1126,2001,7670,2375,17574,65106
,,,,,,,,7767,14032,1209,915,1814,207,1121,1993,7638,2365,17503,64391
,,,,,,,,7768,13960,1207,914,1811,207,1119,1991,7626,2362,17691,64271
,,,,,,,,7769,14143,1214,919,1821,208,1126,2002,7666,2377,18657,66093
,,,,,,,,7770,15265,1262,956,1893,216,1170,2082,7965,2473,20163,70932
,,,,,,,,7771,16227,1345,1018,2017,230,1247,2218,8487,2634,20037,72131
,,,,,,,,7772,15982,1333,1009,2000,228,1236,2199,8415,2612,19540,70867
,,,,,,,,7773,15579,1305,988,1958,224,1210,2153,8240,2556,18957,69479
,,,,,,,,7774,15012,1266,959,1900,217,1174,2087,7999,2477,17974,66748
,,,,,,,,7775,13979,1205,912,1808,206,1118,1987,7612,2359,16623,62782
,,,,,,,,7776,12722,1118,846,1677,191,1036,1843,7057,2188,15327,58694
,,,,,,,,7777,11567,1025,776,1537,175,950,1691,6466,2008,14423,55588
,,,,,,,,7778,10818,953,721,1429,163,883,1572,6009,1868,13969,53863
,,,,,,,,7779,10428,912,690,1368,156,845,1505,5752,1789,13745,53128
,,,,,,,,7780,10297,891,674,1336,153,826,1471,5617,1748,13695,53067
,,,,,,,,7781,10320,884,669,1326,151,819,1460,5571,1735,14283,54724
,,,,,,,,7782,10655,896,679,1345,153,830,1481,5647,1761,15295,58513
,,,,,,,,7783,11714,955,723,1433,164,884,1580,6004,1883,17236,64879
,,,,,,,,7784,13514,1066,807,1599,183,987,1763,6704,2100,18141,68371
,,,,,,,,7785,14410,1159,877,1739,199,1074,1914,7303,2276,18203,68448
,,,,,,,,7786,14503,1196,906,1795,205,1109,1974,7549,2344,17997,67533
,,,,,,,,7787,14455,1216,921,1824,208,1127,2006,7674,2382,17740,66968
,,,,,,,,7788,14347,1220,924,1831,209,1131,2012,7707,2389,17438,65850
,,,,,,,,7789,14193,1220,924,1831,209,1132,2012,7708,2388,17289,64982
,,,,,,,,7790,14032,1209,915,1813,207,1121,1992,7638,2363,17351,64447
,,,,,,,,7791,13938,1203,910,1804,206,1115,1982,7600,2351,17329,63948
,,,,,,,,7792,13886,1204,912,1806,206,1117,1985,7608,2355,17604,63992
,,,,,,,,7793,14070,1216,921,1824,208,1128,2005,7681,2379,18592,65617
,,,,,,,,7794,15236,1269,961,1904,217,1176,2093,8010,2486,19954,69969
,,,,,,,,7795,16026,1338,1013,2007,229,1240,2207,8446,2620,19779,70834
,,,,,,,,7796,15781,1322,1001,1983,226,1226,2180,8345,2588,19291,69723
,,,,,,,,7797,15363,1295,980,1943,222,1201,2135,8176,2535,18809,68360
,,,,,,,,7798,14782,1255,950,1883,215,1164,2069,7929,2455,17917,65978
,,,,,,,,7799,13842,1199,907,1798,205,1111,1976,7572,2345,16555,62215
,,,,,,,,7800,12587,1116,845,1675,191,1035,1841,7051,2185,15272,58299
,,,,,,,,7801,11407,1022,774,1533,175,948,1686,6453,2002,14390,55517
,,,,,,,,7802,10598,948,718,1423,162,879,1565,5985,1859,13925,54094
,,,,,,,,7803,10170,906,686,1359,155,840,1495,5717,1776,13770,53503
,,,,,,,,7804,9977,886,671,1329,152,821,1462,5588,1738,13774,53703
,,,,,,,,7805,9948,876,663,1314,150,812,1446,5523,1719,14148,55383
,,,,,,,,7806,10251,883,669,1325,151,818,1459,5565,1734,15299,59122
,,,,,,,,7807,11211,937,710,1406,161,868,1550,5894,1847,17136,65066
,,,,,,,,7808,12831,1046,792,1570,179,969,1731,6583,2060,18150,68797
,,,,,,,,7809,13841,1135,859,1702,194,1051,1874,7151,2228,18194,69261
,,,,,,,,7810,14179,1179,893,1769,202,1093,1945,7442,2310,17917,68110
,,,,,,,,7811,14343,1200,909,1800,206,1113,1979,7576,2350,17650,67083
,,,,,,,,7812,14356,1211,917,1816,207,1123,1996,7648,2369,17429,65868
,,,,,,,,7813,14266,1208,915,1813,207,1120,1992,7634,2363,17129,64735
,,,,,,,,7814,14025,1196,905,1794,205,1109,1970,7559,2337,17012,63728
,,,,,,,,7815,13945,1187,899,1781,203,1101,1956,7505,2320,16933,62799
,,,,,,,,7816,13884,1181,894,1772,202,1096,1947,7466,2309,17029,62260
,,,,,,,,7817,13925,1178,891,1767,202,1092,1941,7441,2303,17756,63238
,,,,,,,,7818,14936,1215,920,1823,208,1127,2004,7672,2378,19286,67553
,,,,,,,,7819,15706,1299,983,1948,222,1204,2142,8202,2542,19190,68827
,,,,,,,,7820,15328,1283,971,1925,220,1190,2115,8104,2511,18568,67643
,,,,,,,,7821,14853,1255,950,1883,215,1164,2069,7929,2455,18195,66520
,,,,,,,,7822,14266,1222,925,1833,209,1133,2013,7723,2388,17516,64492
,,,,,,,,7823,13391,1175,889,1762,201,1090,1936,7425,2297,16486,61285
,,,,,,,,7824,12299,1102,835,1654,189,1022,1817,6966,2155,15314,57426
,,,,,,,,7825,11176,1018,771,1527,174,944,1678,6432,1992,14405,54332
,,,,,,,,7826,10316,947,717,1421,162,878,1562,5982,1854,13877,52627
,,,,,,,,7827,9815,902,683,1353,154,836,1488,5697,1766,13588,51773
,,,,,,,,7828,9547,873,661,1310,150,810,1441,5513,1711,13493,51718
,,,,,,,,7829,9451,858,649,1287,147,795,1416,5413,1682,13654,52323
,,,,,,,,7830,9560,858,650,1288,147,796,1417,5415,1683,14119,54112
,,,,,,,,7831,10032,878,665,1317,150,813,1451,5528,1726,14768,56372
,,,,,,,,7832,10700,914,692,1371,156,846,1510,5755,1795,15230,58341
,,,,,,,,7833,11541,955,723,1432,163,885,1575,6022,1872,15706,59528
,,,,,,,,7834,12468,1011,766,1517,173,937,1667,6385,1979,15854,59859
,,,,,,,,7835,13095,1054,798,1581,180,977,1738,6656,2063,15910,59790
,,,,,,,,7836,13355,1085,821,1627,186,1006,1788,6855,2122,15831,58976
,,,,,,,,7837,13358,1100,833,1650,188,1020,1813,6952,2151,15466,57011
,,,,,,,,7838,12887,1088,824,1633,186,1010,1793,6882,2126,14911,54363
,,,,,,,,7839,12155,1061,803,1591,182,984,1748,6707,2073,14492,52224
,,,,,,,,7840,11566,1032,781,1548,177,957,1700,6522,2017,14310,51104
,,,,,,,,7841,11304,1011,766,1517,173,938,1667,6391,1977,14590,51176
,,,,,,,,7842,11787,1021,773,1532,175,947,1684,6450,1999,15533,54362
,,,,,,,,7843,12176,1062,804,1593,182,984,1750,6705,2077,15397,55063
,,,,,,,,7844,12044,1046,792,1569,179,970,1724,6609,2045,15190,54621
,,,,,,,,7845,11979,1035,784,1553,177,960,1706,6547,2023,15181,54656
,,,,,,,,7846,11898,1027,778,1541,176,953,1693,6496,2008,15014,54264
,,,,,,,,7847,11563,1014,768,1522,174,941,1671,6412,1982,14562,53159
,,,,,,,,7848,11057,983,744,1475,168,912,1620,6216,1922,13950,51469
,,,,,,,,7849,10394,938,710,1408,161,870,1547,5931,1835,13387,50019
,,,,,,,,7850,9786,891,674,1336,152,826,1468,5628,1743,13078,49216
,,,,,,,,7851,9450,858,650,1288,147,796,1415,5424,1680,12953,49058
,,,,,,,,7852,9336,841,637,1262,144,780,1387,5311,1646,13037,49391
,,,,,,,,7853,9358,833,631,1250,143,773,1375,5261,1632,13339,50486
,,,,,,,,7854,9600,841,637,1262,144,780,1388,5307,1649,14051,52920
,,,,,,,,7855,10160,875,662,1313,150,810,1447,5507,1722,14974,56101
,,,,,,,,7856,10893,929,703,1394,159,860,1536,5847,1828,15497,58490
,,,,,,,,7857,11510,976,739,1465,167,905,1612,6155,1916,15849,59137
,,,,,,,,7858,12117,1028,778,1542,176,953,1696,6489,2013,15862,59189
,,,,,,,,7859,12529,1066,807,1599,183,988,1758,6730,2087,15683,59016
,,,,,,,,7860,12642,1084,820,1626,186,1005,1787,6844,2120,15506,58567
,,,,,,,,7861,12600,1094,828,1641,187,1014,1804,6912,2140,15283,58079
,,,,,,,,7862,12419,1095,829,1642,187,1015,1804,6920,2140,15150,57516
,,,,,,,,7863,12238,1090,825,1635,187,1011,1796,6889,2131,15137,57241
,,,,,,,,7864,12197,1089,824,1633,186,1010,1795,6880,2130,15518,57908
,,,,,,,,7865,12397,1097,831,1646,188,1018,1809,6932,2147,16546,60242
,,,,,,,,7866,13588,1154,874,1731,198,1070,1903,7285,2260,17937,64624
,,,,,,,,7867,14302,1222,925,1833,209,1133,2015,7716,2392,17638,65339
,,,,,,,,7868,13909,1206,913,1809,206,1118,1988,7614,2359,17091,64035
,,,,,,,,7869,13442,1177,891,1766,202,1091,1940,7435,2303,16660,63059
,,,,,,,,7870,12938,1144,866,1717,196,1061,1886,7233,2237,16038,61339
,,,,,,,,7871,12255,1101,833,1651,188,1021,1814,6956,2151,15130,58960
,,,,,,,,7872,11375,1044,791,1567,179,969,1721,6601,2042,14166,56184
,,,,,,,,7873,10453,982,743,1473,168,910,1620,6194,1925,13428,53892
,,,,,,,,7874,9677,919,696,1379,157,852,1518,5799,1803,12942,52535
,,,,,,,,7875,9227,878,665,1317,150,814,1450,5536,1723,12801,52008
,,,,,,,,7876,8998,856,648,1284,146,793,1413,5392,1680,12788,52065
,,,,,,,,7877,8907,843,638,1264,144,781,1392,5310,1655,12961,52945
,,,,,,,,7878,8984,845,640,1267,145,783,1396,5321,1661,13447,54619
,,,,,,,,7879,9361,864,654,1297,148,801,1429,5439,1702,14203,57192
,,,,,,,,7880,9976,898,680,1347,154,831,1484,5648,1767,14833,60046
,,,,,,,,7881,10745,942,713,1413,161,872,1558,5926,1856,15605,62506
,,,,,,,,7882,11770,1009,764,1514,173,935,1669,6350,1986,16181,64594
,,,,,,,,7883,12511,1064,806,1597,182,986,1759,6700,2094,16649,65747
,,,,,,,,7884,12759,1101,834,1652,189,1020,1820,6938,2164,16864,65622
,,,,,,,,7885,12846,1123,850,1685,192,1041,1855,7077,2206,16951,64907
,,,,,,,,7886,12791,1127,853,1690,193,1044,1861,7101,2212,16884,63665
,,,,,,,,7887,12630,1122,850,1684,192,1040,1854,7074,2204,16813,63045
,,,,,,,,7888,12617,1123,850,1685,192,1041,1854,7081,2203,16997,63224
,,,,,,,,7889,12844,1128,854,1692,193,1045,1862,7114,2213,17887,65348
,,,,,,,,7890,13980,1170,886,1756,201,1085,1932,7380,2296,19083,69925
,,,,,,,,7891,14906,1254,950,1882,215,1163,2070,7913,2459,19188,71562
,,,,,,,,7892,14775,1258,952,1887,216,1166,2077,7932,2468,18913,71184
,,,,,,,,7893,14387,1237,937,1856,212,1146,2042,7802,2426,18565,70383
,,,,,,,,7894,13960,1208,914,1811,207,1119,1994,7613,2370,17931,68728
,,,,,,,,7895,13347,1170,886,1755,200,1084,1931,7379,2294,17001,65957
,,,,,,,,7896,12452,1112,842,1668,190,1030,1836,7008,2182,15885,63072
,,,,,,,,7897,11532,1042,789,1563,179,965,1721,6566,2047,14945,60253
,,,,,,,,7898,10776,976,739,1464,167,904,1612,6147,1918,14330,58423
,,,,,,,,7899,10337,928,703,1393,159,860,1534,5845,1826,14036,57832
,,,,,,,,7900,10106,897,679,1346,154,831,1483,5645,1765,13939,57557
,,,,,,,,7901,10027,884,669,1326,151,819,1462,5564,1740,14007,58003
,,,,,,,,7902,10107,883,669,1325,151,818,1461,5557,1739,14314,59126
,,,,,,,,7903,10415,898,680,1347,154,832,1485,5649,1769,14778,61040
,,,,,,,,7904,10813,925,701,1388,159,857,1531,5819,1823,15227,62976
,,,,,,,,7905,11370,953,722,1430,163,883,1578,5994,1879,15806,64367
,,,,,,,,7906,12327,1011,765,1517,173,936,1672,6358,1991,16299,65077
,,,,,,,,7907,13084,1068,808,1602,183,989,1765,6718,2102,16650,64765
,,,,,,,,7908,13512,1107,838,1661,190,1026,1829,6972,2176,16757,63918
,,,,,,,,7909,13759,1129,855,1694,194,1046,1866,7115,2219,16804,63153
,,,,,,,,7910,13771,1141,864,1711,195,1057,1884,7188,2241,16720,61825
,,,,,,,,7911,13624,1145,867,1717,196,1061,1891,7213,2249,16557,60750
,,,,,,,,7912,13643,1148,869,1722,197,1064,1896,7236,2253,16715,60530
,,,,,,,,7913,13927,1155,875,1733,198,1070,1907,7282,2267,17820,62861
,,,,,,,,7914,15152,1208,915,1813,207,1120,1995,7617,2372,19515,68792
,,,,,,,,7915,16123,1300,984,1950,223,1205,2146,8198,2550,19768,71494
,,,,,,,,7916,16008,1302,986,1953,223,1206,2150,8207,2555,19574,71520
,,,,,,,,7917,15541,1280,969,1920,219,1186,2113,8071,2511,19207,70740
,,,,,,,,7918,14893,1247,944,1870,214,1155,2059,7858,2447,18330,68330
,,,,,,,,7919,13858,1185,897,1777,203,1098,1956,7467,2325,17194,64973
,,,,,,,,7920,12636,1107,838,1660,190,1025,1828,6972,2175,16002,61346
,,,,,,,,7921,11460,1019,772,1529,175,945,1683,6428,2000,15088,58655
,,,,,,,,7922,10765,953,722,1430,163,883,1574,6008,1871,14682,57565
,,,,,,,,7923,10397,917,695,1376,157,850,1515,5783,1801,14507,57205
,,,,,,,,7924,10238,897,679,1345,154,831,1481,5650,1762,14586,57669
,,,,,,,,7925,10255,889,673,1333,152,823,1468,5599,1746,14969,59317
,,,,,,,,7926,10581,903,684,1355,155,837,1493,5688,1777,16050,63677
,,,,,,,,7927,11628,960,727,1440,165,888,1589,6029,1894,17872,70239
,,,,,,,,7928,13524,1078,816,1617,185,998,1784,6774,2126,18837,73931
,,,,,,,,7929,14488,1177,891,1765,202,1090,1945,7409,2314,18818,73447
,,,,,,,,7930,14596,1211,917,1817,208,1123,2000,7637,2377,18449,71590
,,,,,,,,7931,14650,1232,932,1848,211,1141,2033,7765,2416,18148,70253
,,,,,,,,7932,14651,1243,941,1865,213,1152,2051,7842,2437,17832,69035
,,,,,,,,7933,14567,1245,942,1867,213,1154,2054,7854,2439,17601,67941
,,,,,,,,7934,14449,1239,938,1859,212,1149,2044,7824,2428,17402,66898
,,,,,,,,7935,14378,1237,936,1855,212,1147,2040,7807,2422,17334,66257
,,,,,,,,7936,14329,1241,939,1861,213,1150,2047,7830,2431,17604,66572
,,,,,,,,7937,14549,1252,948,1878,214,1160,2066,7899,2454,18761,68930
,,,,,,,,7938,15797,1312,993,1968,225,1216,2166,8273,2574,20718,74612
,,,,,,,,7939,16843,1395,1056,2093,239,1293,2302,8799,2736,20729,75902
,,,,,,,,7940,16659,1385,1049,2078,237,1284,2286,8736,2716,20378,74911
,,,,,,,,7941,16260,1362,1031,2044,233,1263,2248,8593,2671,19922,73529
,,,,,,,,7942,15639,1330,1007,1995,228,1233,2193,8395,2604,18943,70710
,,,,,,,,7943,14558,1262,956,1893,216,1170,2082,7966,2473,17493,66436
,,,,,,,,7944,13185,1165,882,1748,200,1080,1922,7352,2283,16125,62150
,,,,,,,,7945,11965,1063,805,1595,182,985,1755,6703,2086,15091,58813
,,,,,,,,7946,11185,986,746,1479,169,914,1628,6214,1936,14559,57126
,,,,,,,,7947,10783,934,707,1401,160,865,1543,5886,1835,14282,56419
,,,,,,,,7948,10600,904,685,1356,155,838,1494,5695,1777,14214,56396
,,,,,,,,7949,10584,898,680,1347,154,831,1483,5652,1765,14570,57944
,,,,,,,,7950,10902,910,689,1365,156,843,1504,5727,1791,15685,62094
,,,,,,,,7951,11921,962,729,1444,165,891,1594,6044,1900,17703,68877
,,,,,,,,7952,13795,1085,822,1628,186,1005,1797,6819,2142,18950,72961
,,,,,,,,7953,14816,1183,896,1774,203,1096,1955,7444,2327,19293,73135
,,,,,,,,7954,15050,1227,929,1841,210,1137,2027,7734,2411,19431,72739
,,,,,,,,7955,15207,1256,951,1885,215,1164,2075,7916,2467,19804,72871
,,,,,,,,7956,15319,1278,968,1917,219,1185,2110,8059,2507,19843,72560
,,,,,,,,7957,15400,1289,976,1933,221,1194,2127,8126,2528,19854,72269
,,,,,,,,7958,15349,1289,976,1934,221,1195,2128,8133,2528,19806,71787
,,,,,,,,7959,15338,1290,977,1935,221,1196,2129,8137,2529,19728,71273
,,,,,,,,7960,15337,1293,979,1940,222,1199,2135,8157,2537,19954,71524
,,,,,,,,7961,15617,1311,993,1967,225,1215,2164,8265,2572,20902,73763
,,,,,,,,7962,16750,1367,1035,2051,234,1267,2258,8613,2685,22068,78700
,,,,,,,,7963,17288,1422,1077,2133,244,1318,2348,8963,2791,21719,79749
,,,,,,,,7964,16970,1403,1062,2105,240,1300,2317,8843,2754,21095,78631
,,,,,,,,7965,16499,1369,1037,2054,235,1269,2261,8631,2688,20479,77141
,,,,,,,,7966,15810,1329,1007,1994,228,1232,2194,8387,2606,19400,74169
,,,,,,,,7967,14668,1255,950,1883,215,1164,2072,7919,2462,17886,69958
,,,,,,,,7968,13248,1166,883,1749,200,1081,1925,7353,2288,16462,65339
,,,,,,,,7969,11971,1065,806,1597,182,986,1758,6708,2090,15412,62305
,,,,,,,,7970,11126,987,747,1481,169,914,1630,6217,1939,14925,60655
,,,,,,,,7971,10700,944,715,1417,162,875,1560,5949,1856,14694,59867
,,,,,,,,7972,10512,920,697,1381,158,853,1521,5796,1810,14704,59971
,,,,,,,,7973,10498,911,689,1366,156,843,1505,5733,1791,15062,61550
,,,,,,,,7974,10821,926,701,1389,159,858,1531,5828,1823,16272,65744
,,,,,,,,7975,11834,984,745,1475,169,910,1629,6175,1942,18421,72634
,,,,,,,,7976,13748,1099,832,1648,188,1017,1819,6903,2169,19365,76302
,,,,,,,,7977,14789,1198,907,1797,205,1110,1980,7539,2357,19322,75448
,,,,,,,,7978,14906,1228,929,1841,210,1137,2027,7736,2410,19153,73947
,,,,,,,,7979,15007,1249,945,1873,214,1157,2062,7871,2452,18844,72267
,,,,,,,,7980,15020,1258,953,1888,216,1166,2077,7936,2468,18630,70776
,,,,,,,,7981,14908,1260,954,1890,216,1168,2079,7947,2471,18402,69495
,,,,,,,,7982,14716,1256,951,1884,215,1164,2072,7925,2461,18410,68700
,,,,,,,,7983,14702,1258,953,1887,216,1166,2076,7939,2465,18387,67891
,,,,,,,,7984,14743,1257,952,1886,215,1165,2074,7930,2464,18708,68082
,,,,,,,,7985,15044,1271,962,1906,218,1178,2097,8013,2491,19906,70771
,,,,,,,,7986,16301,1326,1004,1989,227,1229,2190,8359,2603,21761,76969
,,,,,,,,7987,17107,1408,1066,2112,241,1305,2324,8876,2762,21661,79064
,,,,,,,,7988,16817,1395,1056,2093,239,1293,2303,8794,2737,21253,78543
,,,,,,,,7989,16409,1367,1035,2050,234,1267,2257,8618,2682,20810,77730
,,,,,,,,7990,15845,1326,1004,1988,227,1229,2187,8364,2597,19894,75503
,,,,,,,,7991,14827,1256,951,1883,215,1164,2072,7922,2461,18395,71511
,,,,,,,,7992,13454,1169,885,1754,200,1084,1930,7375,2293,17044,67465
,,,,,,,,7993,12219,1068,809,1603,183,990,1764,6736,2097,16065,64567
,,,,,,,,7994,11406,992,751,1488,170,919,1639,6253,1948,15586,63272
,,,,,,,,7995,11006,951,720,1427,163,882,1571,5996,1869,15415,62900
,,,,,,,,7996,10844,925,700,1388,158,857,1529,5828,1818,15445,63357
,,,,,,,,7997,10848,918,695,1377,157,851,1517,5782,1805,15842,65182
,,,,,,,,7998,11142,940,712,1410,161,871,1554,5918,1849,17089,69408
,,,,,,,,7999,12167,987,747,1481,169,914,1634,6200,1948,19149,76317
,,,,,,,,8000,14080,1104,836,1656,189,1022,1827,6939,2178,19938,79759
,,,,,,,,8001,14988,1200,909,1800,206,1112,1984,7555,2360,19816,78303
,,,,,,,,8002,15023,1226,928,1838,210,1136,2024,7725,2406,19582,75306
,,,,,,,,8003,14985,1243,941,1864,213,1151,2051,7833,2438,19196,73030
,,,,,,,,8004,14920,1252,948,1878,215,1161,2066,7900,2455,18558,70479
,,,,,,,,8005,14815,1250,947,1876,214,1159,2063,7889,2451,18393,69297
,,,,,,,,8006,14603,1239,938,1859,212,1149,2044,7823,2428,18204,68005
,,,,,,,,8007,14537,1235,935,1852,211,1145,2036,7793,2418,18110,67016
,,,,,,,,8008,14502,1232,933,1849,211,1142,2033,7777,2415,18400,67054
,,,,,,,,8009,14754,1243,941,1865,213,1152,2052,7844,2438,19640,69454
,,,,,,,,8010,15963,1314,995,1971,225,1217,2169,8281,2578,21542,75589
,,,,,,,,8011,16831,1389,1051,2083,238,1287,2292,8756,2724,21426,77466
,,,,,,,,8012,16707,1376,1041,2064,236,1275,2271,8673,2699,20997,76854
,,,,,,,,8013,16354,1348,1020,2022,231,1249,2225,8498,2644,20593,75849
,,,,,,,,8014,15740,1310,992,1966,224,1215,2162,8268,2567,19644,73342
,,,,,,,,8015,14687,1245,942,1867,213,1154,2054,7853,2440,18202,69187
,,,,,,,,8016,13306,1157,876,1736,198,1073,1910,7299,2270,16818,64891
,,,,,,,,8017,12026,1056,800,1585,181,979,1745,6656,2075,15881,61814
,,,,,,,,8018,11200,982,744,1474,168,910,1623,6188,1931,15419,60393
,,,,,,,,8019,10788,941,712,1411,161,871,1555,5924,1849,15221,59719
,,,,,,,,8020,10581,917,694,1376,157,850,1516,5774,1804,15284,60116
,,,,,,,,8021,10586,912,690,1368,156,845,1508,5740,1795,15668,61804
,,,,,,,,8022,10913,923,699,1384,158,855,1526,5804,1817,16856,66019
,,,,,,,,8023,11934,973,737,1459,167,900,1612,6106,1922,18895,72705
,,,,,,,,8024,13841,1093,827,1639,187,1011,1809,6859,2158,19788,76076
,,,,,,,,8025,14812,1193,903,1789,204,1104,1973,7500,2349,19727,74907
,,,,,,,,8026,15007,1228,930,1842,210,1138,2029,7734,2414,19434,72407
,,,,,,,,8027,15112,1251,947,1877,214,1159,2067,7881,2458,19121,70424
,,,,,,,,8028,15111,1266,958,1899,217,1173,2090,7981,2484,18665,68637
,,,,,,,,8029,14997,1273,964,1909,218,1179,2101,8024,2497,18360,67020
,,,,,,,,8030,14854,1265,958,1897,217,1172,2087,7979,2479,18287,65909
,,,,,,,,8031,14839,1268,960,1902,217,1175,2092,7997,2485,18136,64963
,,,,,,,,8032,14876,1271,962,1906,218,1178,2097,8015,2492,18240,64684
,,,,,,,,8033,15191,1281,970,1922,219,1187,2115,8077,2513,19242,66606
,,,,,,,,8034,16402,1329,1006,1994,228,1232,2195,8375,2610,20631,71613
,,,,,,,,8035,16879,1385,1049,2078,237,1283,2287,8729,2719,20351,72460
,,,,,,,,8036,16452,1360,1030,2040,233,1260,2246,8571,2670,19748,71169
,,,,,,,,8037,15975,1326,1004,1989,227,1229,2190,8357,2603,19307,69926
,,,,,,,,8038,15492,1291,977,1936,221,1196,2130,8142,2530,18571,68093
,,,,,,,,8039,14682,1241,939,1861,213,1150,2048,7826,2433,17424,64916
,,,,,,,,8040,13560,1169,885,1753,200,1083,1929,7369,2293,16119,61137
,,,,,,,,8041,12428,1082,819,1623,185,1002,1788,6813,2127,15142,58160
,,,,,,,,8042,11527,1006,762,1510,172,932,1663,6334,1980,14545,56274
,,,,,,,,8043,11044,961,727,1441,165,890,1588,6046,1890,14249,55530
,,,,,,,,8044,10772,930,704,1395,159,861,1538,5851,1831,14111,55439
,,,,,,,,8045,10681,913,691,1370,156,846,1510,5746,1798,14279,56070
,,,,,,,,8046,10763,912,691,1368,156,845,1509,5735,1798,14736,57875
,,,,,,,,8047,11151,933,706,1399,160,864,1544,5861,1840,15458,60550
,,,,,,,,8048,11888,974,737,1461,167,902,1612,6123,1920,16127,63210
,,,,,,,,8049,12765,1025,776,1537,176,948,1696,6437,2021,16935,64683
,,,,,,,,8050,13790,1093,827,1640,187,1012,1808,6874,2152,17421,64864
,,,,,,,,8051,14491,1150,871,1726,197,1065,1902,7237,2265,17512,64007
,,,,,,,,8052,14820,1181,894,1772,202,1095,1951,7444,2320,17299,62688
,,,,,,,,8053,14883,1187,899,1780,203,1100,1960,7479,2331,17035,61165
,,,,,,,,8054,14817,1182,895,1773,203,1095,1951,7453,2319,16758,59591
,,,,,,,,8055,14683,1175,889,1762,201,1089,1939,7409,2303,16595,58492
,,,,,,,,8056,14580,1169,885,1753,200,1083,1929,7373,2292,16725,58201
,,,,,,,,8057,14784,1178,892,1767,202,1092,1943,7430,2308,17695,60122
,,,,,,,,8058,15739,1228,930,1843,210,1139,2027,7748,2409,18950,65202
,,,,,,,,8059,16218,1293,979,1939,221,1198,2133,8153,2534,18978,66590
,,,,,,,,8060,15959,1285,973,1928,220,1191,2120,8106,2519,18717,66107
,,,,,,,,8061,15423,1256,951,1884,215,1164,2073,7924,2463,18317,65405
,,,,,,,,8062,14887,1222,925,1833,209,1133,2017,7706,2397,17719,63685
,,,,,,,,8063,14168,1181,894,1772,202,1095,1949,7451,2316,16718,60951
,,,,,,,,8064,13134,1117,846,1675,191,1035,1844,7043,2191,15501,57392
,,,,,,,,8065,11971,1038,786,1557,178,962,1713,6545,2035,14467,54264
,,,,,,,,8066,11076,969,734,1454,166,898,1601,6111,1903,13807,52444
,,,,,,,,8067,10554,918,695,1378,157,851,1517,5789,1803,13491,51323
,,,,,,,,8068,10245,886,671,1329,152,821,1464,5583,1740,13306,50810
,,,,,,,,8069,10101,868,657,1302,149,804,1433,5467,1705,13319,51030
,,,,,,,,8070,10106,863,653,1294,148,799,1425,5433,1695,13620,52196
,,,,,,,,8071,10368,874,662,1312,150,810,1445,5507,1719,14130,54087
,,,,,,,,8072,10811,902,683,1353,155,836,1491,5682,1774,14696,56270
,,,,,,,,8073,11436,937,709,1405,160,867,1549,5893,1844,15444,58305
,,,,,,,,8074,12399,993,752,1490,170,920,1641,6255,1952,16105,59405
,,,,,,,,8075,13100,1049,794,1574,180,972,1734,6610,2062,16327,59442
,,,,,,,,8076,13418,1087,823,1630,186,1007,1793,6855,2130,16333,59044
,,,,,,,,8077,13545,1107,838,1661,190,1026,1827,6985,2170,16173,58554
,,,,,,,,8078,13554,1113,843,1670,191,1032,1836,7026,2180,15941,58008
,,,,,,,,8079,13409,1113,843,1670,191,1032,1835,7029,2179,15790,57468
,,,,,,,,8080,13275,1113,843,1670,191,1032,1836,7031,2180,16087,57903
,,,,,,,,8081,13470,1128,854,1691,193,1045,1859,7122,2206,17412,60322
,,,,,,,,8082,14776,1192,902,1788,204,1105,1965,7527,2332,18808,65003
,,,,,,,,8083,15593,1274,964,1911,218,1181,2101,8045,2494,18816,66498
,,,,,,,,8084,15441,1275,965,1913,218,1182,2102,8054,2494,18653,65968
,,,,,,,,8085,14966,1251,947,1876,214,1160,2062,7903,2447,18193,64656
,,,,,,,,8086,14297,1216,920,1824,208,1127,2004,7680,2378,17207,61875
,,,,,,,,8087,13256,1157,876,1735,198,1073,1907,7309,2262,15870,57948
,,,,,,,,8088,11962,1070,810,1606,183,992,1764,6762,2094,14509,53772
,,,,,,,,8089,10696,977,740,1466,167,906,1610,6178,1910,13526,50329
,,,,,,,,8090,9920,908,688,1363,155,843,1497,5743,1776,13013,48567
,,,,,,,,8091,9501,867,656,1301,148,804,1429,5479,1695,12770,47902
,,,,,,,,8092,9304,844,639,1267,144,783,1392,5334,1652,12712,47904
,,,,,,,,8093,9319,837,634,1256,143,776,1381,5288,1639,13049,49165
,,,,,,,,8094,9671,850,643,1275,145,788,1402,5364,1666,14197,53168
,,,,,,,,8095,10730,907,687,1361,155,840,1499,5712,1783,16220,59788
,,,,,,,,8096,12608,1028,778,1541,176,952,1697,6474,2019,17271,64039
,,,,,,,,8097,13546,1129,855,1694,193,1046,1864,7120,2214,17253,64392
,,,,,,,,8098,13666,1165,882,1748,200,1080,1921,7357,2280,17107,64230
,,,,,,,,8099,13759,1187,899,1781,203,1101,1958,7498,2324,17096,64340
,,,,,,,,8100,13819,1195,905,1793,205,1108,1970,7554,2337,17071,64280
,,,,,,,,8101,13773,1196,906,1795,205,1110,1972,7562,2339,16982,64129
,,,,,,,,8102,13659,1191,901,1786,204,1104,1961,7529,2325,16964,63885
,,,,,,,,8103,13609,1190,901,1786,204,1104,1961,7527,2325,16912,63221
,,,,,,,,8104,13573,1188,900,1783,203,1102,1958,7513,2322,17051,63084
,,,,,,,,8105,13749,1195,905,1793,205,1108,1969,7554,2336,18037,64696
,,,,,,,,8106,15058,1247,944,1871,214,1157,2056,7881,2440,19766,69630
,,,,,,,,8107,16081,1344,1018,2017,230,1247,2216,8495,2629,19578,70807
,,,,,,,,8108,15836,1334,1010,2002,228,1238,2198,8435,2607,19076,69472
,,,,,,,,8109,15434,1309,991,1963,224,1214,2156,8272,2557,18454,67722
,,,,,,,,8110,14806,1274,964,1911,218,1181,2098,8056,2487,17395,64534
,,,,,,,,8111,13747,1212,918,1818,208,1124,1996,7669,2366,15882,59976
,,,,,,,,8112,12396,1118,846,1677,191,1037,1841,7072,2182,14365,54989
,,,,,,,,8113,11127,1013,767,1520,173,940,1668,6414,1977,13429,51531
,,,,,,,,8114,10317,932,705,1398,159,864,1534,5896,1818,12834,49390
,,,,,,,,8115,9905,883,669,1325,151,819,1454,5589,1724,12577,48281
,,,,,,,,8116,9748,858,650,1287,147,796,1414,5428,1676,12533,48230
,,,,,,,,8117,9750,849,643,1273,145,787,1398,5366,1659,12849,49498
,,,,,,,,8118,10089,859,650,1288,147,796,1416,5426,1681,13933,53221
,,,,,,,,8119,11157,912,691,1369,156,845,1506,5752,1790,15960,59887
,,,,,,,,8120,13045,1033,782,1549,177,957,1705,6512,2026,17064,64063
,,,,,,,,8121,14089,1133,858,1699,194,1050,1869,7150,2220,17208,64344
,,,,,,,,8122,14319,1172,887,1758,201,1087,1931,7404,2291,17154,63964
,,,,,,,,8123,14467,1195,905,1792,205,1108,1969,7549,2337,17141,63847
,,,,,,,,8124,14558,1207,914,1811,207,1119,1989,7629,2359,17051,63811
,,,,,,,,8125,14553,1208,914,1812,207,1120,1990,7636,2360,16935,63725
,,,,,,,,8126,14468,1201,909,1802,206,1114,1978,7596,2345,16988,63735
,,,,,,,,8127,14422,1198,907,1797,205,1111,1973,7575,2339,16969,63479
,,,,,,,,8128,14376,1201,909,1802,206,1114,1979,7596,2347,17174,63673
,,,,,,,,8129,14578,1211,917,1816,207,1123,1995,7653,2366,18210,65405
,,,,,,,,8130,15790,1276,966,1915,219,1184,2104,8065,2496,19786,70222
,,,,,,,,8131,16422,1351,1023,2027,231,1253,2227,8540,2642,19617,70994
,,,,,,,,8132,16070,1334,1010,2001,228,1237,2197,8431,2606,19145,69721
,,,,,,,,8133,15565,1301,985,1952,223,1207,2143,8225,2542,18589,68106
,,,,,,,,8134,14862,1258,953,1887,215,1167,2072,7959,2456,17528,65360
,,,,,,,,8135,13748,1194,904,1791,204,1108,1966,7555,2330,15959,60795
,,,,,,,,8136,12284,1100,833,1650,188,1020,1811,6958,2146,14433,56059
,,,,,,,,8137,10947,1002,758,1503,171,929,1649,6338,1955,13356,52597
,,,,,,,,8138,10063,924,699,1386,158,857,1521,5843,1803,12762,50691
,,,,,,,,8139,9602,871,660,1307,149,808,1435,5512,1702,12467,49810
,,,,,,,,8140,9350,847,641,1271,145,785,1396,5354,1655,12384,49733
,,,,,,,,8141,9296,838,634,1257,143,777,1381,5295,1638,12685,51204
,,,,,,,,8142,9558,848,642,1272,145,786,1398,5353,1660,13744,55144
,,,,,,,,8143,10537,904,685,1357,155,838,1494,5699,1776,15805,62030
,,,,,,,,8144,12371,1026,777,1539,176,951,1694,6467,2014,16965,66689
,,,,,,,,8145,13413,1127,853,1691,193,1045,1860,7110,2210,17175,67032
,,,,,,,,8146,13528,1166,883,1749,200,1081,1923,7364,2283,17293,66571
,,,,,,,,8147,13602,1192,903,1789,204,1106,1966,7529,2334,17395,66340
,,,,,,,,8148,13665,1211,917,1817,207,1123,1996,7650,2369,17287,66035
,,,,,,,,8149,13697,1218,922,1828,209,1130,2008,7697,2383,17127,65464
,,,,,,,,8150,13645,1217,922,1826,208,1129,2006,7693,2380,17050,65107
,,,,,,,,8151,13694,1221,924,1831,209,1132,2012,7714,2387,17125,64701
,,,,,,,,8152,13744,1224,927,1837,210,1135,2018,7734,2395,17474,64714
,,,,,,,,8153,14096,1241,940,1862,213,1151,2047,7841,2430,18770,67191
,,,,,,,,8154,15551,1314,995,1972,225,1219,2168,8297,2574,20720,73522
,,,,,,,,8155,16468,1398,1059,2098,240,1296,2306,8829,2737,20667,75351
,,,,,,,,8156,16263,1387,1050,2080,238,1286,2286,8760,2713,20288,74685
,,,,,,,,8157,15922,1364,1033,2046,234,1265,2249,8613,2669,19873,73625
,,,,,,,,8158,15365,1325,1003,1987,227,1229,2183,8373,2590,19034,71359
,,,,,,,,8159,14376,1266,959,1899,217,1174,2086,8004,2475,17531,67233
,,,,,,,,8160,12970,1173,888,1759,201,1087,1932,7410,2293,16090,62790
,,,,,,,,8161,11826,1069,809,1604,183,991,1764,6741,2097,15096,59495
,,,,,,,,8162,11063,989,749,1484,169,917,1634,6237,1942,14715,58000
,,,,,,,,8163,10698,949,718,1423,162,879,1567,5979,1864,14554,57669
,,,,,,,,8164,10545,922,698,1384,158,854,1524,5808,1813,14668,58090
,,,,,,,,8165,10576,915,693,1373,157,848,1513,5763,1800,15101,60050
,,,,,,,,8166,10954,932,706,1398,160,863,1541,5864,1835,16452,64642
,,,,,,,,8167,12075,993,752,1490,170,919,1645,6239,1961,18635,71911
,,,,,,,,8168,14041,1119,847,1679,192,1036,1853,7031,2208,19690,76080
,,,,,,,,8169,14970,1214,919,1820,208,1124,2007,7630,2391,19546,75370
,,,,,,,,8170,15038,1243,941,1865,213,1152,2055,7828,2445,19182,73491
,,,,,,,,8171,15040,1260,954,1890,216,1167,2083,7932,2478,18890,72248
,,,,,,,,8172,14984,1268,960,1902,217,1175,2094,7987,2490,18555,70804
,,,,,,,,8173,14829,1263,956,1895,216,1170,2086,7957,2481,18237,69141
,,,,,,,,8174,14617,1249,946,1874,214,1157,2063,7873,2452,18140,68218
,,,,,,,,8175,14528,1244,942,1867,213,1153,2055,7843,2443,18044,67573
,,,,,,,,8176,14486,1242,941,1864,213,1151,2052,7829,2440,18353,67817
,,,,,,,,8177,14752,1254,949,1881,215,1162,2071,7901,2463,19757,70421
,,,,,,,,8178,16227,1326,1004,1989,227,1228,2191,8350,2606,21684,76400
,,,,,,,,8179,17188,1421,1076,2132,244,1317,2347,8953,2791,21717,77537
,,,,,,,,8180,16996,1412,1069,2118,242,1308,2332,8895,2773,21277,76585
,,,,,,,,8181,16682,1382,1046,2073,237,1281,2283,8706,2715,20898,75274
,,,,,,,,8182,16178,1346,1019,2019,231,1247,2222,8487,2641,20026,72784
,,,,,,,,8183,15215,1285,973,1927,220,1191,2121,8100,2521,18428,68071
,,,,,,,,8184,13808,1188,900,1783,204,1101,1963,7488,2334,16895,62996
,,,,,,,,8185,12483,1084,820,1626,186,1004,1790,6828,2129,15886,59624
,,,,,,,,8186,11632,1003,759,1505,172,929,1658,6318,1972,15328,57381
,,,,,,,,8187,11203,956,723,1434,164,885,1579,6017,1879,15081,56400
,,,,,,,,8188,10988,928,703,1393,159,860,1535,5844,1827,15044,56191
,,,,,,,,8189,10965,916,693,1374,157,848,1514,5764,1802,15336,57175
,,,,,,,,8190,11257,926,701,1388,159,857,1531,5820,1823,16334,60636
,,,,,,,,8191,12244,981,743,1471,168,908,1625,6157,1938,18309,66787
,,,,,,,,8192,14095,1092,827,1638,187,1011,1807,6857,2154,19386,70534
,,,,,,,,8193,15086,1193,903,1789,204,1104,1973,7500,2349,19486,70691
,,,,,,,,8194,15251,1227,929,1841,210,1137,2027,7729,2411,19545,70433
,,,,,,,,8195,15264,1250,946,1875,214,1158,2065,7873,2455,19658,70206
,,,,,,,,8196,15223,1264,957,1896,217,1172,2086,7971,2479,19481,69504
,,,,,,,,8197,15045,1273,964,1910,218,1180,2102,8033,2497,19315,68789
,,,,,,,,8198,14830,1268,960,1902,217,1176,2092,8003,2484,19161,68114
,,,,,,,,8199,14780,1268,960,1903,217,1176,2092,8007,2484,19044,67510
,,,,,,,,8200,14772,1270,962,1905,218,1177,2095,8017,2488,19272,67766
,,,,,,,,8201,15004,1285,973,1928,220,1191,2120,8108,2518,20296,69727
,,,,,,,,8202,16202,1342,1016,2013,230,1244,2215,8461,2632,21197,73405
,,,,,,,,8203,16505,1383,1047,2074,237,1282,2282,8721,2711,20690,72697
,,,,,,,,8204,16054,1356,1026,2034,232,1257,2237,8552,2658,19980,70571
,,,,,,,,8205,15500,1317,997,1975,226,1220,2173,8303,2582,19405,68822
,,,,,,,,8206,14915,1271,962,1907,218,1178,2097,8023,2489,18554,66511
,,,,,,,,8207,14076,1219,923,1829,209,1130,2011,7696,2388,17268,62841
,,,,,,,,8208,12920,1142,864,1712,196,1058,1884,7201,2238,15789,58146
,,,,,,,,8209,11698,1052,797,1579,180,975,1737,6637,2064,14642,54500
,,,,,,,,8210,10733,973,737,1460,167,902,1607,6136,1911,13931,51948
,,,,,,,,8211,10191,921,697,1381,158,853,1521,5805,1808,13555,50801
,,,,,,,,8212,9879,889,673,1334,152,824,1469,5603,1747,13334,50195
,,,,,,,,8213,9750,875,662,1312,150,810,1445,5510,1718,13345,50401
,,,,,,,,8214,9814,871,660,1307,149,807,1440,5485,1713,13720,51705
,,,,,,,,8215,10202,890,674,1335,152,824,1471,5599,1752,14421,54229
,,,,,,,,8216,10892,931,705,1397,160,862,1539,5862,1832,15149,57046
,,,,,,,,8217,11774,979,741,1469,168,907,1619,6159,1928,16001,59607
,,,,,,,,8218,12808,1043,790,1565,179,966,1724,6570,2051,16622,61442
,,,,,,,,8219,13528,1105,837,1658,189,1024,1826,6961,2172,16855,62289
,,,,,,,,8220,13860,1137,861,1706,195,1054,1876,7172,2229,16766,61965
,,,,,,,,8221,13909,1150,871,1726,197,1066,1898,7256,2255,16629,61296
,,,,,,,,8222,13775,1147,868,1720,196,1063,1892,7237,2247,16409,60298
,,,,,,,,8223,13567,1138,861,1707,195,1055,1876,7181,2228,16218,59696
,,,,,,,,8224,13483,1133,857,1699,194,1050,1868,7150,2218,16339,59751
,,,,,,,,8225,13672,1142,864,1713,196,1059,1883,7209,2235,17391,60998
,,,,,,,,8226,14696,1194,904,1792,205,1107,1970,7541,2339,18586,65711
,,,,,,,,8227,15288,1270,961,1905,217,1177,2094,8015,2486,18512,66838
,,,,,,,,8228,15009,1264,957,1897,217,1172,2085,7982,2476,18181,66057
,,,,,,,,8229,14478,1237,937,1856,212,1147,2040,7812,2422,17721,64884
,,,,,,,,8230,13956,1205,913,1808,206,1117,1988,7609,2361,17062,63027
,,,,,,,,8231,13251,1162,880,1743,199,1077,1916,7338,2274,16064,59971
,,,,,,,,8232,12278,1097,831,1646,188,1017,1809,6927,2148,14787,56138
,,,,,,,,8233,11185,1021,773,1532,175,946,1685,6442,2002,13720,52827
,,,,,,,,8234,10296,949,719,1424,163,880,1567,5986,1862,13011,50565
,,,,,,,,8235,9782,901,682,1352,154,835,1487,5681,1768,12647,49458
,,,,,,,,8236,9505,867,657,1301,149,804,1433,5467,1703,12481,48919
,,,,,,,,8237,9383,851,645,1277,146,789,1406,5366,1672,12519,48957
,,,,,,,,8238,9443,846,640,1269,145,784,1397,5329,1662,12792,49982
,,,,,,,,8239,9736,862,653,1293,148,799,1424,5429,1694,13347,52011
,,,,,,,,8240,10212,893,676,1339,153,827,1475,5622,1754,13902,54465
,,,,,,,,8241,10787,927,702,1391,159,859,1534,5835,1826,14801,57004
,,,,,,,,8242,11704,986,746,1479,169,913,1629,6208,1938,15639,59002
,,,,,,,,8243,12442,1048,793,1572,179,971,1731,6599,2059,16184,60115
,,,,,,,,8244,12811,1089,825,1634,187,1010,1798,6872,2136,16418,60809
,,,,,,,,8245,13034,1113,843,1670,191,1032,1837,7022,2183,16603,61302
,,,,,,,,8246,13116,1122,849,1683,192,1040,1850,7079,2198,16701,61257
,,,,,,,,8247,13041,1127,853,1690,193,1044,1858,7112,2206,16820,61201
,,,,,,,,8248,12977,1134,859,1701,194,1051,1871,7160,2221,17143,61500
,,,,,,,,8249,13334,1157,876,1736,198,1073,1908,7307,2265,18299,64023
,,,,,,,,8250,14880,1230,931,1845,211,1140,2028,7765,2407,19277,68301
,,,,,,,,8251,15770,1308,991,1963,224,1213,2158,8260,2562,19342,69232
,,,,,,,,8252,15696,1311,993,1967,225,1216,2162,8281,2566,19075,68564
,,,,,,,,8253,15278,1287,974,1931,220,1193,2122,8129,2518,18618,67246
,,,,,,,,8254,14649,1254,950,1882,215,1163,2068,7922,2455,17709,64438
,,,,,,,,8255,13644,1197,906,1795,205,1110,1973,7558,2341,16322,60449
,,,,,,,,8256,12320,1110,840,1665,190,1029,1830,7008,2172,14966,56176
,,,,,,,,8257,11019,1014,767,1521,174,940,1670,6409,1981,13753,52111
,,,,,,,,8258,10236,939,711,1408,161,871,1547,5934,1835,13231,50448
,,,,,,,,8259,9835,897,679,1345,153,832,1478,5669,1754,12964,49656
,,,,,,,,8260,9664,873,661,1310,149,810,1440,5517,1708,12970,49924
,,,,,,,,8261,9652,862,653,1293,148,799,1421,5445,1687,13285,51334
,,,,,,,,8262,9973,873,661,1309,149,809,1440,5508,1710,14370,55298
,,,,,,,,8263,11000,926,701,1390,159,858,1531,5836,1821,16407,62103
,,,,,,,,8264,12870,1051,796,1577,180,974,1737,6624,2065,17724,66866
,,,,,,,,8265,14096,1160,878,1740,199,1075,1915,7317,2276,17910,67847
,,,,,,,,8266,14373,1199,908,1799,205,1112,1977,7571,2347,18024,68114
,,,,,,,,8267,14596,1225,928,1838,210,1136,2021,7739,2398,18190,68664
,,,,,,,,8268,14755,1245,943,1868,213,1155,2052,7868,2434,18153,68879
,,,,,,,,8269,14791,1252,948,1879,214,1161,2064,7915,2448,17946,68899
,,,,,,,,8270,14746,1248,945,1873,214,1158,2056,7893,2438,18068,68996
,,,,,,,,8271,14744,1252,948,1879,214,1162,2063,7919,2446,18005,68639
,,,,,,,,8272,14715,1259,954,1889,216,1168,2075,7963,2461,18229,69157
,,,,,,,,8273,15035,1279,968,1919,219,1186,2108,8084,2500,19317,71564
,,,,,,,,8274,16226,1347,1020,2020,231,1249,2220,8507,2634,20583,76195
,,,,,,,,8275,16729,1403,1062,2104,240,1301,2312,8862,2743,20288,76638
,,,,,,,,8276,16344,1379,1044,2068,236,1278,2272,8712,2695,19687,75249
,,,,,,,,8277,15800,1339,1014,2009,229,1242,2207,8463,2618,19143,73668
,,,,,,,,8278,15067,1299,983,1948,222,1205,2140,8212,2537,18066,70751
,,,,,,,,8279,13921,1230,931,1845,211,1141,2026,7778,2402,16489,65947
,,,,,,,,8280,12540,1135,859,1703,194,1053,1870,7178,2218,14902,61026
,,,,,,,,8281,11157,1027,778,1541,176,953,1694,6492,2010,13757,57234
,,,,,,,,8282,10157,944,714,1416,162,875,1556,5962,1846,13177,55289
,,,,,,,,8283,9644,895,678,1343,153,830,1476,5655,1752,12898,54441
,,,,,,,,8284,9394,871,659,1307,149,807,1437,5499,1706,12878,54438
,,,,,,,,8285,9345,863,653,1294,148,800,1423,5445,1691,13212,55848
,,,,,,,,8286,9660,876,663,1314,150,812,1446,5522,1718,14352,59911
,,,,,,,,8287,10693,933,706,1400,160,864,1542,5874,1836,16450,66810
,,,,,,,,8288,12594,1053,797,1580,180,976,1741,6631,2071,17757,71456
,,,,,,,,8289,13790,1168,884,1752,200,1082,1929,7358,2294,17867,71693
,,,,,,,,8290,14047,1204,912,1807,206,1116,1988,7596,2361,17842,71250
,,,,,,,,8291,14139,1223,926,1835,210,1133,2018,7713,2398,17907,71157
,,,,,,,,8292,14163,1235,935,1852,211,1144,2037,7790,2419,17896,70985
,,,,,,,,8293,14145,1236,936,1854,212,1145,2039,7796,2422,17814,70656
,,,,,,,,8294,14010,1237,937,1856,212,1147,2041,7809,2424,17812,70133
,,,,,,,,8295,14011,1239,938,1858,212,1148,2043,7818,2427,17748,69797
,,,,,,,,8296,14052,1240,939,1860,212,1149,2046,7824,2430,18097,70160
,,,,,,,,8297,14364,1258,952,1887,215,1166,2076,7934,2466,19402,72616
,,,,,,,,8298,15841,1323,1002,1985,227,1226,2185,8343,2596,21205,78382
,,,,,,,,8299,16832,1416,1072,2124,243,1312,2337,8929,2776,21111,79961
,,,,,,,,8300,16606,1404,1063,2106,241,1301,2317,8856,2752,20668,78953
,,,,,,,,8301,16234,1375,1041,2062,236,1274,2269,8669,2696,20150,77687
,,,,,,,,8302,15666,1339,1014,2009,229,1241,2209,8452,2623,19275,75157
,,,,,,,,8303,14637,1275,965,1913,218,1182,2103,8050,2498,17722,70662
,,,,,,,,8304,13194,1178,892,1767,202,1092,1944,7433,2309,16174,66033
,,,,,,,,8305,11928,1070,810,1605,183,992,1766,6746,2099,15119,62502
,,,,,,,,8306,11100,989,749,1484,169,916,1633,6234,1941,14654,60781
,,,,,,,,8307,10699,945,715,1417,162,875,1560,5954,1855,14462,60066
,,,,,,,,8308,10519,922,698,1383,158,854,1523,5806,1811,14485,60206
,,,,,,,,8309,10538,914,692,1371,157,847,1511,5756,1797,14884,61798
,,,,,,,,8310,10893,926,701,1389,159,857,1531,5825,1822,16097,66043
,,,,,,,,8311,11986,984,745,1476,169,911,1629,6182,1941,18274,73011
,,,,,,,,8312,13952,1110,840,1665,190,1028,1837,6976,2189,19380,77105
,,,,,,,,8313,15008,1211,917,1816,208,1121,2002,7617,2384,19245,76601
,,,,,,,,8314,15082,1236,936,1854,212,1145,2042,7785,2428,18987,75075
,,,,,,,,8315,15041,1252,948,1877,214,1159,2068,7883,2459,18851,73677
,,,,,,,,8316,14998,1254,949,1881,215,1162,2070,7905,2461,18672,72230
,,,,,,,,8317,14913,1252,948,1878,215,1160,2067,7893,2457,18467,70903
,,,,,,,,8318,14736,1247,944,1871,214,1156,2058,7864,2446,18275,69043
,,,,,,,,8319,14693,1245,943,1868,213,1154,2055,7851,2442,18346,69399
,,,,,,,,8320,14661,1247,944,1871,214,1156,2059,7862,2447,18722,69779
,,,,,,,,8321,14994,1259,953,1889,216,1167,2079,7936,2471,20076,72512
,,,,,,,,8322,16499,1333,1009,1999,228,1235,2201,8397,2618,21894,78438
,,,,,,,,8323,17381,1428,1081,2142,245,1323,2358,9001,2803,21785,80285
,,,,,,,,8324,17132,1420,1075,2129,243,1315,2344,8947,2786,21289,79348
,,,,,,,,8325,16793,1389,1052,2084,238,1287,2294,8753,2727,20990,78438
,,,,,,,,8326,16246,1351,1023,2027,232,1253,2230,8524,2650,20020,75848
,,,,,,,,8327,15257,1290,977,1936,221,1196,2129,8139,2530,18489,71723
,,,,,,,,8328,13819,1195,905,1793,205,1108,1973,7535,2346,16909,67001
,,,,,,,,8329,12429,1084,820,1626,186,1004,1790,6830,2127,15832,63533
,,,,,,,,8330,11493,1004,760,1506,172,930,1659,6327,1972,15235,61968
,,,,,,,,8331,11027,956,724,1434,164,885,1579,6021,1878,15008,61305
,,,,,,,,8332,10833,930,704,1396,159,862,1537,5859,1829,15081,61481
,,,,,,,,8333,10840,922,698,1383,158,854,1523,5805,1813,15467,63354
,,,,,,,,8334,11157,934,707,1400,160,865,1544,5875,1837,16674,67672
,,,,,,,,8335,12218,993,752,1489,170,919,1643,6237,1958,18845,74758
,,,,,,,,8336,14169,1119,847,1679,192,1036,1852,7035,2206,20044,79016
,,,,,,,,8337,15162,1219,923,1828,209,1129,2015,7669,2398,19922,78041
,,,,,,,,8338,15204,1248,945,1873,214,1157,2062,7867,2452,19354,75744
,,,,,,,,8339,15048,1258,952,1886,215,1165,2077,7924,2470,18886,73817
,,,,,,,,8340,14863,1259,953,1889,216,1167,2078,7941,2469,18491,71668
,,,,,,,,8341,14667,1253,948,1879,215,1161,2067,7900,2457,18142,69965
,,,,,,,,8342,14451,1241,939,1861,213,1150,2047,7828,2432,17974,68598
,,,,,,,,8343,14368,1235,935,1852,211,1144,2037,7790,2419,17906,67502
,,,,,,,,8344,14352,1232,933,1849,211,1142,2034,7774,2416,18187,67359
,,,,,,,,8345,14608,1243,941,1865,213,1152,2052,7839,2438,19482,70030
,,,,,,,,8346,16051,1329,1007,1994,228,1232,2195,8379,2610,21666,76876
,,,,,,,,8347,17128,1420,1075,2131,243,1316,2345,8955,2786,21651,79116
,,,,,,,,8348,16971,1406,1065,2110,241,1303,2321,8868,2759,21331,78764
,,,,,,,,8349,16657,1380,1045,2070,236,1279,2278,8698,2707,21044,78248
,,,,,,,,8350,16165,1348,1020,2022,231,1249,2224,8505,2641,20246,76034
,,,,,,,,8351,15220,1288,975,1932,221,1194,2125,8125,2524,18786,72067
,,,,,,,,8352,13814,1193,903,1789,204,1105,1969,7521,2339,17239,67581
,,,,,,,,8353,12452,1085,822,1628,186,1006,1792,6843,2130,16173,64394
,,,,,,,,8354,11550,1003,759,1504,172,929,1656,6320,1969,15719,62877
,,,,,,,,8355,11104,958,726,1438,164,888,1583,6039,1882,15557,62426
,,,,,,,,8356,10906,932,705,1398,160,863,1539,5870,1831,15629,62846
,,,,,,,,8357,10897,921,697,1382,158,853,1522,5801,1810,16039,64602
,,,,,,,,8358,11211,934,707,1402,160,865,1544,5881,1838,17188,68948
,,,,,,,,8359,12262,990,749,1485,170,916,1638,6220,1952,19357,75879
,,,,,,,,8360,14155,1113,842,1669,191,1030,1841,6994,2193,20341,79699
,,,,,,,,8361,15139,1210,916,1816,207,1121,2001,7617,2381,20123,78497
,,,,,,,,8362,15181,1241,939,1861,213,1149,2049,7818,2436,19544,75572
,,,,,,,,8363,15061,1253,949,1880,215,1161,2069,7897,2460,19024,72796
,,,,,,,,8364,14911,1255,950,1883,215,1164,2072,7918,2462,18539,70303
,,,,,,,,8365,14713,1251,947,1877,214,1159,2065,7890,2453,18031,68236
,,,,,,,,8366,14435,1237,936,1855,212,1146,2041,7804,2424,17725,66614
,,,,,,,,8367,14270,1228,930,1842,210,1138,2026,7748,2406,17651,65601
,,,,,,,,8368,14244,1224,927,1836,210,1135,2020,7721,2400,17871,65268
,,,,,,,,8369,14457,1231,932,1847,211,1141,2032,7764,2415,19022,67469
,,,,,,,,8370,15854,1299,984,1949,223,1204,2145,8187,2550,20978,73760
,,,,,,,,8371,16634,1387,1050,2081,238,1286,2291,8747,2722,20834,74903
,,,,,,,,8372,16254,1367,1035,2051,234,1267,2257,8619,2682,20307,74014
,,,,,,,,8373,15814,1330,1007,1995,228,1232,2196,8383,2610,19970,73201
,,,,,,,,8374,15335,1292,979,1939,221,1198,2133,8154,2533,19301,71553
,,,,,,,,8375,14596,1244,942,1866,213,1153,2052,7847,2438,18214,68469
,,,,,,,,8376,13471,1172,887,1757,201,1086,1934,7387,2298,16824,64236
,,,,,,,,8377,12281,1080,817,1620,185,1000,1784,6802,2122,15762,61104
,,,,,,,,8378,11294,997,755,1495,171,923,1647,6276,1960,15126,58893
,,,,,,,,8379,10737,945,715,1417,162,875,1561,5947,1858,14821,57900
,,,,,,,,8380,10499,912,690,1368,156,845,1508,5739,1794,14721,57511
,,,,,,,,8381,10418,898,680,1347,154,832,1484,5651,1767,14786,57816
,,,,,,,,8382,10514,899,681,1349,154,833,1487,5655,1771,15265,59621
,,,,,,,,8383,10956,922,698,1383,158,854,1526,5796,1818,16116,62330
,,,,,,,,8384,11730,968,733,1452,166,897,1602,6089,1907,16906,65317
,,,,,,,,8385,12573,1022,774,1533,175,946,1692,6424,2016,17562,67528
,,,,,,,,8386,13464,1085,822,1628,186,1005,1795,6828,2137,17713,68473
,,,,,,,,8387,13932,1132,857,1698,194,1048,1872,7123,2229,17499,67966
,,,,,,,,8388,14019,1154,874,1731,198,1069,1906,7271,2267,17080,66538
,,,,,,,,8389,13909,1159,877,1738,199,1074,1914,7299,2277,16648,64773
,,,,,,,,8390,13640,1146,867,1718,196,1061,1892,7219,2249,16308,63464
,,,,,,,,8391,13370,1126,852,1689,193,1043,1859,7097,2210,16192,62429
,,,,,,,,8392,13265,1115,844,1672,191,1033,1841,7026,2188,16336,62311
,,,,,,,,8393,13523,1123,850,1685,192,1041,1855,7082,2204,17605,64649
,,,,,,,,8394,14975,1191,902,1787,204,1104,1967,7510,2338,19291,68943
,,,,,,,,8395,16006,1297,982,1945,222,1202,2140,8175,2544,19353,69756
,,,,,,,,8396,15895,1301,985,1952,223,1206,2148,8202,2553,19080,68686
,,,,,,,,8397,15487,1278,968,1918,219,1185,2111,8060,2509,18670,67312
,,,,,,,,8398,15057,1248,945,1872,214,1156,2060,7864,2449,18054,65388
,,,,,,,,8399,14451,1205,913,1808,207,1117,1990,7600,2365,17022,62133
,,,,,,,,8400,13468,1142,864,1712,196,1058,1885,7195,2241,15741,58026
,,,,,,,,8401,12311,1061,803,1592,182,983,1753,6688,2084,14528,54297
,,,,,,,,8402,11372,988,748,1482,169,916,1633,6225,1942,13793,51773
,,,,,,,,8403,10827,935,708,1402,160,866,1544,5888,1837,13404,50466
,,,,,,,,8404,10516,900,681,1350,154,833,1487,5665,1769,13178,49795
,,,,,,,,8405,10375,879,666,1319,151,815,1453,5538,1729,13155,49707
,,,,,,,,8406,10419,875,662,1313,150,810,1446,5509,1721,13399,50553
,,,,,,,,8407,10697,885,670,1328,152,820,1464,5573,1742,13922,52171
,,,,,,,,8408,11200,915,693,1373,157,848,1513,5760,1801,14513,54702
,,,,,,,,8409,11891,957,725,1436,164,886,1583,6018,1886,15293,56930
,,,,,,,,8410,12980,1017,770,1526,174,942,1682,6401,2002,16047,58805
,,,,,,,,8411,13875,1084,821,1626,186,1004,1792,6821,2133,16453,59379
,,,,,,,,8412,14356,1131,856,1696,194,1048,1868,7127,2220,16630,59519
,,,,,,,,8413,14652,1158,877,1737,198,1073,1913,7299,2274,16779,59825
,,,,,,,,8414,14870,1172,887,1758,201,1086,1935,7390,2300,16831,59896
,,,,,,,,8415,14940,1179,892,1768,202,1092,1945,7434,2311,16891,59763
,,,,,,,,8416,14995,1181,894,1771,202,1094,1948,7445,2315,17084,60330
,,,,,,,,8417,15335,1193,903,1789,204,1106,1968,7525,2338,18277,62930
,,,,,,,,8418,16437,1250,946,1875,214,1159,2063,7884,2451,19299,67255
,,,,,,,,8419,17018,1320,1000,1981,226,1224,2179,8330,2589,19422,68554
,,,,,,,,8420,16914,1324,1002,1985,227,1227,2184,8352,2593,19161,68010
,,,,,,,,8421,16435,1299,984,1949,223,1205,2144,8201,2546,18731,67003
,,,,,,,,8422,15790,1268,960,1903,217,1176,2093,8003,2485,17890,64707
,,,,,,,,8423,14870,1215,920,1822,208,1126,2004,7665,2381,16527,60758
,,,,,,,,8424,13548,1127,853,1691,193,1045,1860,7111,2210,15071,56507
,,,,,,,,8425,12189,1026,777,1540,176,951,1693,6477,2011,13866,52874
,,,,,,,,8426,11242,952,721,1429,163,883,1572,6009,1867,13278,51029
,,,,,,,,8427,10704,903,684,1355,155,837,1491,5699,1771,13028,50143
,,,,,,,,8428,10497,878,665,1318,150,814,1450,5539,1723,13061,50348
,,,,,,,,8429,10446,870,659,1305,149,806,1436,5484,1707,13428,51834
,,,,,,,,8430,10784,881,667,1322,151,817,1456,5552,1732,14556,55765
,,,,,,,,8431,11778,936,709,1405,160,867,1549,5888,1845,16686,62613
,,,,,,,,8432,13602,1053,797,1579,180,975,1740,6622,2072,18132,67474
,,,,,,,,8433,14849,1173,888,1759,201,1086,1937,7387,2304,18444,68366
,,,,,,,,8434,15251,1220,924,1831,209,1131,2014,7699,2392,18549,68315
,,,,,,,,8435,15455,1248,945,1873,214,1157,2060,7877,2446,18677,68621
,,,,,,,,8436,15605,1268,960,1901,217,1175,2090,8005,2480,18713,68501
,,,,,,,,8437,15639,1274,964,1911,218,1181,2100,8048,2492,18640,68256
,,,,,,,,8438,15530,1273,964,1910,218,1181,2097,8046,2488,18567,68058
,,,,,,,,8439,15485,1276,966,1914,218,1183,2102,8065,2493,18571,67720
,,,,,,,,8440,15456,1277,967,1916,219,1184,2104,8071,2496,18899,68177
,,,,,,,,8441,15757,1291,977,1936,221,1197,2128,8156,2524,20179,70580
,,,,,,,,8442,16966,1359,1029,2038,233,1260,2240,8579,2659,21408,75150
,,,,,,,,8443,17488,1423,1077,2135,244,1319,2346,8987,2785,21143,75626
,,,,,,,,8444,17160,1406,1065,2109,241,1304,2318,8882,2751,20570,74117
,,,,,,,,8445,16684,1378,1043,2067,236,1277,2271,8700,2696,20021,72425
,,,,,,,,8446,16031,1334,1010,2001,228,1237,2198,8431,2607,18945,69463
,,,,,,,,8447,14918,1267,959,1901,217,1175,2088,8009,2476,17317,64934
,,,,,,,,8448,13427,1171,887,1757,201,1086,1930,7399,2290,15678,59846
,,,,,,,,8449,12003,1059,802,1589,181,982,1746,6690,2071,14363,56008
,,,,,,,,8450,11018,970,735,1456,166,900,1600,6129,1899,13651,53670
,,,,,,,,8451,10538,918,695,1377,157,851,1514,5799,1797,13347,52717
,,,,,,,,8452,10276,889,673,1333,152,824,1466,5611,1741,13228,52669
,,,,,,,,8453,10204,876,663,1314,150,812,1445,5526,1716,13544,54110
,,,,,,,,8454,10457,886,671,1330,152,821,1463,5589,1739,14569,57921
,,,,,,,,8455,11452,939,711,1408,161,870,1552,5910,1847,16589,64587
,,,,,,,,8456,13281,1060,803,1590,182,982,1752,6675,2084,17845,69154
,,,,,,,,8457,14440,1171,886,1756,201,1085,1933,7379,2299,17902,69480
,,,,,,,,8458,14630,1211,917,1816,207,1122,1998,7642,2372,17852,68774
,,,,,,,,8459,14742,1234,934,1851,211,1144,2035,7786,2417,17657,68822
,,,,,,,,8460,14821,1249,945,1873,214,1158,2059,7885,2444,17516,68506
,,,,,,,,8461,14808,1248,945,1872,214,1157,2057,7880,2442,17450,68126
,,,,,,,,8462,14653,1240,938,1859,212,1149,2043,7832,2424,17470,67816
,,,,,,,,8463,14616,1237,937,1856,212,1147,2039,7818,2419,17570,67371
,,,,,,,,8464,14594,1238,937,1858,212,1148,2041,7823,2422,17932,67720
,,,,,,,,8465,14849,1254,950,1881,215,1163,2068,7922,2454,19069,70042
,,,,,,,,8466,16083,1325,1003,1987,227,1228,2185,8362,2594,20937,75789
,,,,,,,,8467,16804,1403,1062,2105,240,1301,2313,8860,2746,20989,77183
,,,,,,,,8468,16484,1389,1051,2083,238,1288,2289,8773,2716,20505,76012
,,,,,,,,8469,16054,1360,1029,2040,233,1261,2242,8588,2660,20112,74875
,,,,,,,,8470,15433,1323,1001,1984,226,1227,2179,8359,2585,19206,72385
,,,,,,,,8471,14402,1261,955,1891,216,1169,2078,7970,2464,17687,68149
,,,,,,,,8472,12997,1170,886,1756,200,1085,1929,7395,2289,16058,63375
,,,,,,,,8473,11590,1059,802,1589,181,982,1747,6693,2073,14899,59560
,,,,,,,,8474,10612,971,735,1457,166,900,1601,6133,1901,14340,57665
,,,,,,,,8475,10121,922,698,1384,158,855,1521,5825,1806,14116,56886
,,,,,,,,8476,9926,896,678,1344,153,830,1478,5653,1755,14106,57038
,,,,,,,,8477,9917,885,670,1327,151,820,1460,5583,1734,14481,58470
,,,,,,,,8478,10247,898,680,1347,154,832,1483,5663,1763,15685,62487
,,,,,,,,8479,11311,955,723,1432,164,884,1578,6008,1878,17814,69049
,,,,,,,,8480,13203,1081,819,1622,185,1002,1787,6807,2127,18974,73196
,,,,,,,,8481,14330,1185,898,1778,203,1098,1958,7468,2329,18889,72736
,,,,,,,,8482,14501,1214,919,1821,208,1125,2003,7657,2380,18540,71137
,,,,,,,,8483,14561,1231,932,1847,211,1141,2032,7766,2414,18292,70013
,,,,,,,,8484,14564,1239,938,1859,212,1149,2044,7823,2428,18041,68838
,,,,,,,,8485,14508,1240,939,1860,212,1149,2045,7825,2429,17849,67799
,,,,,,,,8486,14378,1231,932,1847,211,1142,2030,7774,2411,17809,67221
,,,,,,,,8487,14416,1229,931,1844,211,1140,2028,7763,2407,17855,66793
,,,,,,,,8488,14490,1229,930,1844,211,1139,2027,7757,2407,18237,66945
,,,,,,,,8489,14771,1243,941,1864,213,1152,2050,7844,2435,19460,69224
,,,,,,,,8490,16113,1305,988,1958,224,1210,2154,8234,2560,21478,75145
,,,,,,,,8491,16995,1407,1065,2111,241,1304,2321,8878,2757,21417,76383
,,,,,,,,8492,16738,1398,1058,2097,239,1296,2306,8821,2738,20942,75319
,,,,,,,,8493,16357,1371,1038,2056,235,1271,2262,8650,2686,20537,74399
,,,,,,,,8494,15829,1338,1013,2008,229,1241,2207,8452,2619,19705,72081
,,,,,,,,8495,14849,1282,970,1923,220,1188,2113,8094,2508,18199,67813
,,,,,,,,8496,13425,1190,901,1786,204,1104,1963,7514,2331,16591,63111
,,,,,,,,8497,12047,1079,817,1619,185,1000,1781,6806,2116,15461,59390
,,,,,,,,8498,11093,993,751,1489,170,920,1638,6259,1947,14892,57532
,,,,,,,,8499,10589,942,713,1413,161,873,1555,5937,1848,14683,56588
,,,,,,,,8500,10386,918,695,1377,157,850,1516,5784,1802,14721,56677
,,,,,,,,8501,10386,908,687,1362,155,841,1500,5720,1783,15103,58091
,,,,,,,,8502,10721,922,698,1383,158,854,1524,5804,1813,16296,62087
,,,,,,,,8503,11787,981,742,1471,168,908,1623,6164,1933,18244,68650
,,,,,,,,8504,13698,1102,834,1653,189,1020,1822,6928,2171,19405,73125
,,,,,,,,8505,14721,1210,916,1815,207,1121,2000,7616,2380,19437,73652
,,,,,,,,8506,14859,1237,937,1856,212,1146,2043,7797,2428,19472,72867
,,,,,,,,8507,14839,1257,952,1886,215,1165,2076,7922,2468,19270,72175
,,,,,,,,8508,14746,1261,955,1892,216,1169,2081,7956,2473,19079,71628
,,,,,,,,8509,14606,1264,957,1897,217,1172,2087,7976,2479,18690,71106
,,,,,,,,8510,14378,1258,952,1887,216,1166,2075,7939,2465,18593,71043
,,,,,,,,8511,14357,1258,952,1887,215,1166,2075,7937,2464,18698,71218
,,,,,,,,8512,14474,1256,951,1884,215,1164,2073,7926,2462,19139,71848
,,,,,,,,8513,14852,1273,963,1909,218,1180,2100,8028,2495,20544,74268
,,,,,,,,8514,16198,1349,1021,2023,231,1250,2227,8504,2646,21969,78646
,,,,,,,,8515,16922,1428,1081,2142,245,1324,2357,9008,2800,21698,79060
,,,,,,,,8516,16652,1412,1069,2119,242,1309,2331,8909,2769,21116,77590
,,,,,,,,8517,16298,1384,1048,2076,237,1283,2284,8728,2714,20560,76091
,,,,,,,,8518,15844,1345,1018,2018,230,1247,2219,8491,2634,19612,73705
,,,,,,,,8519,14887,1286,973,1929,220,1192,2121,8115,2518,18155,69475
,,,,,,,,8520,13480,1193,903,1790,204,1106,1969,7527,2339,16523,64619
,,,,,,,,8521,12041,1087,823,1631,186,1008,1794,6863,2131,15198,60898
,,,,,,,,8522,11053,997,755,1495,171,924,1645,6289,1954,14475,58632
,,,,,,,,8523,10517,942,713,1413,161,873,1555,5944,1847,14070,57370
,,,,,,,,8524,10257,913,691,1370,156,846,1507,5759,1791,13891,57295
,,,,,,,,8525,10258,901,682,1351,154,835,1487,5679,1767,14064,58844
,,,,,,,,8526,10512,909,689,1364,156,843,1502,5731,1786,15043,62786
,,,,,,,,8527,11434,958,726,1438,164,887,1585,6029,1887,16877,69023
,,,,,,,,8528,13165,1074,813,1612,184,995,1776,6761,2114,18211,74287
,,,,,,,,8529,14420,1184,896,1776,203,1097,1956,7459,2327,18524,75551
,,,,,,,,8530,14854,1232,932,1847,211,1141,2032,7768,2415,18663,76074
,,,,,,,,8531,15076,1257,952,1886,215,1165,2075,7931,2466,18806,76426
,,,,,,,,8532,15180,1265,957,1897,217,1172,2086,7981,2477,18942,76116
,,,,,,,,8533,15139,1261,954,1891,216,1169,2079,7956,2469,18954,75652
,,,,,,,,8534,14865,1256,951,1884,215,1164,2071,7930,2459,18985,75470
,,,,,,,,8535,14687,1251,947,1877,214,1160,2063,7899,2450,19040,74879
,,,,,,,,8536,14494,1252,948,1879,215,1161,2066,7906,2453,19382,75463
,,,,,,,,8537,14515,1273,964,1909,218,1180,2100,8032,2494,20447,77619
,,,,,,,,8538,15655,1337,1012,2005,229,1239,2206,8429,2621,21806,82267
,,,,,,,,8539,16274,1395,1056,2092,239,1293,2302,8800,2734,21490,82674
,,,,,,,,8540,15815,1374,1040,2061,235,1273,2267,8668,2692,20834,80643
,,,,,,,,8541,15317,1342,1016,2013,230,1244,2215,8466,2631,20311,79096
,,,,,,,,8542,14800,1304,987,1956,223,1209,2151,8233,2553,19594,76724
,,,,,,,,8543,14048,1250,946,1875,214,1159,2062,7892,2448,18386,73041
,,,,,,,,8544,12968,1176,891,1765,202,1091,1941,7425,2305,16981,68864
,,,,,,,,8545,11858,1091,826,1636,187,1010,1801,6872,2142,15951,65361
,,,,,,,,8546,10872,1011,765,1516,173,936,1670,6364,1986,15196,63004
,,,,,,,,8547,10350,958,725,1438,164,888,1584,6034,1884,14809,61777
,,,,,,,,8548,10071,932,706,1398,160,863,1541,5865,1834,14638,61317
,,,,,,,,8549,9981,915,693,1373,157,847,1513,5758,1801,14689,61548
,,,,,,,,8550,10053,915,693,1373,157,847,1514,5755,1803,15111,62822
,,,,,,,,8551,10437,934,707,1402,160,865,1546,5872,1843,15851,65334
,,,,,,,,8552,11114,978,741,1468,168,906,1619,6148,1930,16630,68015
,,,,,,,,8553,11948,1036,784,1554,178,959,1715,6504,2045,17395,70051
,,,,,,,,8554,12995,1097,831,1646,188,1016,1816,6897,2163,18075,71450
,,,,,,,,8555,13720,1158,877,1737,199,1072,1916,7279,2282,18441,71541
,,,,,,,,8556,13996,1196,906,1795,205,1108,1977,7531,2352,18597,70295
,,,,,,,,8557,14094,1220,924,1830,209,1130,2016,7678,2399,18411,68797
,,,,,,,,8558,14011,1223,926,1835,210,1133,2021,7703,2405,18085,66937
,,,,,,,,8559,13908,1213,919,1820,208,1124,2005,7642,2384,17869,65588
,,,,,,,,8560,13892,1204,912,1807,206,1116,1990,7585,2367,17954,65357
,,,,,,,,8561,14147,1208,915,1812,207,1119,1995,7610,2373,18977,67365
,,,,,,,,8562,15351,1261,955,1892,216,1169,2084,7945,2479,20660,72893
,,,,,,,,8563,16365,1358,1028,2037,233,1258,2242,8554,2666,20810,75432
,,,,,,,,8564,16322,1364,1033,2046,234,1264,2253,8594,2679,20630,75317
,,,,,,,,8565,15945,1341,1015,2012,230,1243,2215,8451,2634,20261,74709
,,,,,,,,8566,15498,1312,993,1968,225,1215,2167,8262,2577,19643,73300
,,,,,,,,8567,14890,1266,959,1900,217,1173,2092,7980,2487,18618,70715
,,,,,,,,8568,13890,1202,910,1803,206,1113,1986,7570,2362,17299,67144
,,,,,,,,8569,12686,1116,845,1674,191,1034,1844,7028,2193,16031,63968
,,,,,,,,8570,11710,1033,782,1549,177,957,1707,6502,2031,15277,61999
,,,,,,,,8571,11139,977,740,1466,167,905,1615,6152,1922,14874,60918
,,,,,,,,8572,10815,941,712,1411,161,871,1555,5919,1851,14669,60706
,,,,,,,,8573,10669,922,698,1383,158,854,1525,5803,1815,14703,61077
,,,,,,,,8574,10688,918,695,1377,157,850,1518,5777,1807,15041,62429
,,,,,,,,8575,10977,931,705,1397,160,862,1540,5858,1834,15648,64739
,,,,,,,,8576,11488,961,727,1441,165,890,1589,6042,1892,16224,67271
,,,,,,,,8577,12102,995,753,1492,170,921,1647,6250,1962,16777,68761
,,,,,,,,8578,12962,1047,792,1570,179,969,1731,6580,2062,17006,67941
,,,,,,,,8579,13555,1095,829,1643,188,1014,1812,6887,2158,16848,66103
,,,,,,,,8580,13787,1125,852,1688,193,1043,1860,7087,2213,16614,64211
,,,,,,,,8581,13929,1138,862,1708,195,1055,1881,7167,2239,16402,63029
,,,,,,,,8582,13993,1137,861,1706,195,1054,1879,7162,2235,16162,61496
,,,,,,,,8583,13904,1133,858,1700,194,1050,1872,7138,2227,16150,60660
,,,,,,,,8584,13804,1130,855,1695,194,1047,1867,7115,2220,16360,60601
,,,,,,,,8585,13914,1138,862,1707,195,1055,1880,7170,2237,17560,62574
,,,,,,,,8586,15147,1197,906,1796,205,1109,1978,7540,2353,19564,68391
,,,,,,,,8587,16202,1311,993,1967,225,1215,2167,8260,2577,19945,70882
,,,,,,,,8588,16214,1321,1000,1982,226,1224,2182,8323,2595,19903,71079
,,,,,,,,8589,15883,1304,988,1957,224,1209,2155,8219,2562,19707,70667
,,,,,,,,8590,15467,1280,969,1920,219,1186,2114,8061,2514,19163,69212
,,,,,,,,8591,14745,1239,938,1858,212,1148,2046,7802,2434,18198,66459
,,,,,,,,8592,13669,1169,885,1754,200,1083,1933,7362,2299,16850,62756
,,,,,,,,8593,12344,1081,818,1622,185,1002,1786,6809,2125,15614,59159
,,,,,,,,8594,11378,1001,758,1502,172,928,1655,6306,1969,14995,57194
,,,,,,,,8595,10819,950,719,1426,163,880,1571,5983,1869,14719,56294
,,,,,,,,8596,10534,917,694,1375,157,849,1516,5770,1804,14668,56248
,,,,,,,,8597,10487,903,684,1355,155,837,1494,5685,1778,14925,57158
,,,,,,,,8598,10674,911,689,1366,156,843,1507,5726,1795,15629,59348
,,,,,,,,8599,11265,946,716,1419,162,875,1568,5933,1871,16754,62706
,,,,,,,,8600,12239,1013,767,1519,174,937,1678,6355,2002,17541,65538
,,,,,,,,8601,13109,1085,821,1628,186,1004,1796,6817,2140,18064,66973
,,,,,,,,8602,13890,1140,863,1711,195,1056,1885,7176,2244,18406,68181
,,,,,,,,8603,14367,1190,901,1785,204,1102,1967,7490,2342,18418,68661
,,,,,,,,8604,14514,1212,918,1818,208,1123,2003,7636,2382,18246,68320
,,,,,,,,8605,14464,1215,920,1823,208,1126,2008,7657,2388,18027,67882
,,,,,,,,8606,14233,1205,913,1808,207,1117,1991,7597,2367,17873,67132
,,,,,,,,8607,14070,1195,905,1793,205,1108,1974,7535,2347,17925,66739
,,,,,,,,8608,14107,1189,900,1784,204,1102,1964,7493,2335,18250,67070
,,,,,,,,8609,14327,1192,903,1789,204,1105,1970,7512,2342,19402,68682
,,,,,,,,8610,15515,1246,944,1870,214,1154,2060,7847,2450,20519,71402
,,,,,,,,8611,15975,1323,1001,1984,227,1225,2185,8332,2599,19824,70002
,,,,,,,,8612,15170,1283,971,1924,220,1188,2119,8079,2520,19025,67681
,,,,,,,,8613,14524,1239,938,1858,212,1147,2046,7800,2434,18588,66303
,,,,,,,,8614,14134,1208,914,1812,207,1119,1994,7614,2369,18075,64869
,,,,,,,,8615,13767,1176,890,1764,201,1090,1941,7413,2307,17334,62647
,,,,,,,,8616,13155,1137,861,1705,195,1053,1878,7164,2233,16326,59771
,,,,,,,,8617,12267,1078,816,1618,185,999,1781,6794,2118,15372,56762
,,,,,,,,8618,11382,1012,766,1518,173,938,1672,6375,1989,14507,54600
,,,,,,,,8619,10754,956,724,1434,164,886,1580,6022,1880,14027,53350
,,,,,,,,8620,10407,919,696,1379,157,851,1519,5785,1807,13824,53012
,,,,,,,,8621,10249,898,680,1347,154,832,1484,5651,1766,13871,53433
,,,,,,,,8622,10305,895,677,1342,153,829,1479,5630,1761,14232,54860
,,,,,,,,8623,10649,908,688,1362,156,841,1503,5709,1790,14834,57098
,,,,,,,,8624,11249,944,715,1417,162,874,1563,5936,1862,15428,59627
,,,,,,,,8625,12050,986,747,1479,169,913,1631,6202,1943,15938,61429
,,,,,,,,8626,12963,1030,780,1545,176,954,1702,6484,2025,16243,62351
,,,,,,,,8627,13671,1074,813,1611,184,995,1775,6762,2112,16321,62447
,,,,,,,,8628,13953,1099,832,1649,188,1018,1815,6925,2158,16318,61844
,,,,,,,,8629,14081,1108,839,1663,190,1027,1830,6985,2176,16264,60835
,,,,,,,,8630,13976,1108,839,1662,190,1027,1829,6984,2174,16200,59537
,,,,,,,,8631,13636,1103,835,1655,189,1022,1821,6956,2165,16106,58637
,,,,,,,,8632,13315,1102,835,1654,189,1021,1820,6948,2164,16198,58749
,,,,,,,,8633,13267,1108,839,1662,190,1026,1830,6980,2175,17028,60480
,,,,,,,,8634,14079,1148,869,1722,197,1063,1896,7227,2256,18182,64601
,,,,,,,,8635,14563,1207,914,1811,207,1118,1994,7604,2371,18054,65377
,,,,,,,,8636,14424,1195,905,1793,205,1108,1974,7534,2346,17835,64847
,,,,,,,,8637,14337,1188,900,1783,204,1101,1962,7490,2333,17810,64549
,,,,,,,,8638,14188,1181,894,1772,202,1095,1951,7445,2320,17497,63701
,,,,,,,,8639,13725,1158,876,1736,198,1072,1912,7293,2274,16743,61578
,,,,,,,,8640,12883,1109,840,1663,190,1027,1832,6982,2180,15703,58796
,,,,,,,,8641,11931,1041,788,1561,178,964,1721,6552,2047,14834,56402
,,,,,,,,8642,11223,979,741,1468,168,907,1618,6160,1926,14382,54940
,,,,,,,,8643,10834,937,709,1405,160,868,1549,5895,1844,14208,54469
,,,,,,,,8644,10670,914,692,1371,157,846,1511,5749,1799,14258,54843
,,,,,,,,8645,10700,910,689,1365,156,843,1505,5723,1792,14642,56316
,,,,,,,,8646,11003,921,698,1382,158,853,1525,5790,1817,15555,59639
,,,,,,,,8647,11753,966,731,1449,166,894,1602,6059,1911,16969,64605
,,,,,,,,8648,13029,1055,799,1582,181,976,1748,6617,2086,18158,69169
,,,,,,,,8649,14039,1141,863,1711,196,1056,1888,7164,2251,18982,72018
,,,,,,,,8650,14731,1202,910,1802,206,1113,1987,7559,2365,19780,73943
,,,,,,,,8651,15161,1258,952,1886,216,1165,2079,7912,2475,20311,75521
,,,,,,,,8652,15377,1296,981,1944,222,1200,2141,8160,2546,20650,76606
,,,,,,,,8653,15457,1315,995,1972,225,1218,2172,8280,2583,20821,76785
,,,,,,,,8654,15393,1320,1000,1980,226,1223,2180,8320,2592,20859,76516
,,,,,,,,8655,15382,1326,1004,1989,227,1229,2190,8357,2603,20849,75949
,,,,,,,,8656,15406,1331,1008,1996,228,1233,2198,8385,2614,21001,75782
,,,,,,,,8657,15708,1347,1020,2021,231,1248,2226,8485,2647,21881,76956
,,,,,,,,8658,16939,1410,1067,2114,242,1306,2330,8872,2772,22877,80499
,,,,,,,,8659,17458,1469,1113,2204,252,1361,2428,9252,2889,22358,80509
,,,,,,,,8660,17102,1452,1099,2178,249,1345,2399,9141,2854,21638,78272
,,,,,,,,8661,16613,1418,1074,2127,243,1314,2344,8927,2789,20869,76258
,,,,,,,,8662,16024,1374,1041,2062,236,1273,2270,8661,2699,19825,73467
,,,,,,,,8663,15048,1309,991,1964,224,1213,2162,8249,2571,18374,69464
,,,,,,,,8664,13777,1223,926,1834,210,1133,2020,7699,2403,16917,65368
,,,,,,,,8665,12506,1126,853,1689,193,1043,1861,7091,2214,15781,62063
,,,,,,,,8666,11595,1043,790,1565,179,966,1724,6568,2052,15119,60318
,,,,,,,,8667,11087,990,750,1485,170,917,1637,6233,1948,14766,59444
,,,,,,,,8668,10821,960,727,1440,164,889,1587,6042,1889,14683,59426
,,,,,,,,8669,10739,945,715,1418,162,875,1563,5946,1860,14935,60545
,,,,,,,,8670,10920,950,719,1425,163,880,1572,5973,1872,15768,63539
,,,,,,,,8671,11565,987,747,1480,169,913,1635,6189,1951,17081,68084
,,,,,,,,8672,12674,1064,806,1596,182,984,1763,6675,2103,18265,71970
,,,,,,,,8673,13687,1144,866,1716,196,1059,1894,7187,2257,18969,73477
,,,,,,,,8674,14390,1204,911,1806,206,1115,1990,7575,2369,19507,74199
,,,,,,,,8675,15037,1256,951,1884,215,1163,2076,7906,2471,19802,74932
,,,,,,,,8676,15445,1295,980,1942,222,1200,2139,8157,2544,19808,74701
,,,,,,,,8677,15630,1315,995,1972,225,1218,2171,8282,2582,19780,74151
,,,,,,,,8678,15583,1310,992,1966,225,1214,2164,8260,2572,19822,73480
,,,,,,,,8679,15506,1310,992,1966,225,1214,2163,8261,2571,19784,72856
,,,,,,,,8680,15448,1311,993,1967,225,1215,2166,8266,2574,20031,73066
,,,,,,,,8681,15626,1320,999,1980,226,1223,2180,8315,2592,21065,74952
,,,,,,,,8682,16692,1375,1041,2062,236,1274,2272,8657,2703,22664,79851
,,,,,,,,8683,17318,1453,1100,2179,249,1346,2400,9150,2855,22390,80574
,,,,,,,,8684,16915,1436,1087,2153,246,1330,2372,9042,2821,21764,78888
,,,,,,,,8685,16371,1403,1062,2105,241,1300,2319,8836,2758,21307,77544
,,,,,,,,8686,15729,1361,1030,2041,233,1261,2247,8577,2670,20325,74782
,,,,,,,,8687,14779,1297,982,1946,222,1202,2142,8176,2546,19012,71039
,,,,,,,,8688,13536,1214,919,1821,208,1125,2006,7649,2385,17573,66883
,,,,,,,,8689,12357,1122,849,1683,192,1039,1854,7067,2205,16440,63553
,,,,,,,,8690,11499,1042,789,1563,178,965,1722,6560,2048,15826,61698
,,,,,,,,8691,11061,1000,757,1499,171,926,1652,6292,1966,15495,60850
,,,,,,,,8692,10842,971,735,1457,166,900,1606,6113,1911,15407,60864
,,,,,,,,8693,10826,957,724,1435,164,886,1582,6019,1883,15640,61985
,,,,,,,,8694,11086,962,728,1443,165,891,1592,6050,1896,16452,64989
,,,,,,,,8695,11834,1002,758,1503,172,927,1660,6285,1980,17773,69587
,,,,,,,,8696,13063,1081,819,1622,185,1001,1791,6786,2137,18770,73362
,,,,,,,,8697,14006,1161,879,1741,199,1075,1921,7293,2290,19238,74503
,,,,,,,,8698,14626,1216,921,1824,208,1126,2010,7650,2393,19351,74472
,,,,,,,,8699,15033,1259,953,1889,216,1166,2082,7924,2478,19268,73965
,,,,,,,,8700,15158,1283,972,1925,220,1189,2120,8083,2522,19044,72707
,,,,,,,,8701,15079,1287,974,1930,221,1192,2126,8106,2529,18741,71594
,,,,,,,,8702,14866,1279,968,1918,219,1185,2112,8059,2511,18507,70496
,,,,,,,,8703,14701,1274,964,1911,218,1180,2103,8027,2501,18471,69692
,,,,,,,,8704,14629,1270,961,1905,218,1176,2097,8000,2494,18601,69657
,,,,,,,,8705,14739,1275,966,1913,219,1182,2107,8033,2506,19613,71661
,,,,,,,,8706,15937,1320,999,1980,226,1223,2182,8309,2596,21557,76737
,,,,,,,,8707,16885,1411,1068,2116,242,1307,2331,8883,2773,21476,77474
,,,,,,,,8708,16560,1396,1057,2095,239,1294,2307,8793,2744,20966,76035
,,,,,,,,8709,16067,1363,1032,2044,234,1262,2252,8578,2679,20556,74743
,,,,,,,,8710,15580,1324,1002,1986,227,1227,2186,8343,2599,19819,72718
,,,,,,,,8711,14781,1274,964,1911,218,1180,2104,8029,2501,18746,69460
,,,,,,,,8712,13690,1202,910,1803,206,1113,1985,7570,2361,17477,65282
,,,,,,,,8713,12634,1121,849,1682,192,1038,1854,7055,2207,16462,62505
,,,,,,,,8714,11725,1045,791,1567,179,967,1728,6570,2057,15743,60492
,,,,,,,,8715,11230,994,752,1491,170,920,1644,6250,1958,15389,59461
,,,,,,,,8716,10977,961,728,1442,165,890,1590,6042,1895,15190,59011
,,,,,,,,8717,10845,942,713,1413,161,872,1559,5923,1857,15246,59138
,,,,,,,,8718,10892,940,712,1410,161,870,1556,5904,1855,15587,60445
,,,,,,,,8719,11225,955,723,1432,164,884,1581,5993,1886,16191,62491
,,,,,,,,8720,11814,993,752,1490,170,919,1645,6230,1963,16842,64907
,,,,,,,,8721,12534,1042,789,1563,179,964,1727,6532,2061,17572,66745
,,,,,,,,8722,13479,1098,831,1647,188,1016,1819,6893,2169,18413,68875
,,,,,,,,8723,14247,1161,879,1741,199,1074,1922,7288,2292,19043,70554
,,,,,,,,8724,14637,1208,915,1813,207,1119,1999,7599,2380,19428,71265
,,,,,,,,8725,14753,1237,937,1856,212,1145,2046,7778,2437,19484,71027
,,,,,,,,8726,14775,1250,947,1875,214,1158,2067,7864,2462,19213,70024
,,,,,,,,8727,14715,1245,942,1867,213,1153,2058,7832,2450,19065,69037
,,,,,,,,8728,14714,1241,940,1862,213,1150,2053,7809,2444,19045,68819
,,,,,,,,8729,14992,1246,943,1868,214,1154,2060,7836,2452,19789,70387
,,,,,,,,8730,16060,1287,975,1931,221,1192,2129,8097,2535,21147,75034
,,,,,,,,8731,16841,1371,1038,2056,235,1270,2266,8627,2697,21245,76721
,,,,,,,,8732,16684,1373,1040,2060,235,1272,2270,8643,2702,20898,76127
,,,,,,,,8733,16148,1341,1016,2012,230,1242,2217,8441,2639,20399,74948
,,,,,,,,8734,15482,1304,987,1956,224,1208,2156,8204,2567,19654,73036
,,,,,,,,8735,14694,1256,951,1884,215,1163,2076,7904,2471,18572,69945
,,,,,,,,8736,13604,1189,900,1783,204,1101,1966,7478,2340,17288,66212
,,,,,,,,8737,12462,1106,838,1660,190,1024,1830,6958,2179,16195,63333
,,,,,,,,8738,11590,1035,784,1553,177,958,1713,6507,2040,15546,61343
,,,,,,,,8739,11088,992,751,1489,170,919,1642,6238,1956,15186,60462
,,,,,,,,8740,10816,961,728,1442,165,890,1591,6039,1895,15048,60198
,,,,,,,,8741,10698,946,716,1419,162,876,1565,5943,1865,15112,60481
,,,,,,,,8742,10760,942,713,1413,161,872,1559,5918,1858,15418,61705
,,,,,,,,8743,11075,956,724,1434,164,885,1583,6006,1886,15961,63544
,,,,,,,,8744,11523,987,747,1480,169,913,1634,6193,1949,16396,65846
,,,,,,,,8745,12035,1016,769,1524,174,940,1684,6373,2009,16895,67421
,,,,,,,,8746,12886,1063,805,1595,182,984,1761,6675,2099,17412,68422
,,,,,,,,8747,13631,1116,845,1675,191,1033,1848,7012,2203,17669,68630
,,,,,,,,8748,14122,1156,875,1735,198,1071,1912,7274,2276,17800,68315
,,,,,,,,8749,14441,1182,895,1773,203,1094,1954,7434,2327,17886,67832
,,,,,,,,8750,14578,1189,900,1783,204,1101,1965,7481,2338,17843,66940
,,,,,,,,8751,14467,1185,897,1778,203,1098,1958,7460,2330,17812,65830
,,,,,,,,8752,14355,1183,895,1774,203,1095,1954,7444,2326,17991,65832
,,,,,,,,8753,14500,1191,902,1787,204,1103,1969,7500,2342,19065,68157
,,,,,,,,8754,15776,1241,940,1862,213,1150,2052,7814,2442,20954,74210
,,,,,,,,8755,16981,1363,1032,2045,234,1263,2253,8583,2680,21185,77048
,,,,,,,,8756,16943,1380,1045,2070,236,1278,2279,8689,2711,20989,76775
,,,,,,,,8757,16483,1356,1027,2034,232,1256,2240,8540,2665,20604,76016
,,,,,,,,8758,16000,1327,1004,1990,227,1229,2192,8353,2608,19893,74137
,,,,,,,,8759,15183,1278,968,1918,219,1184,2113,8047,2514,18856,71322
,,,,,,,,8760,14085,1206,913,1810,207,1117,1994,7592,2374,17574,67798
